
SET SQL_MODE = "";

--
-- Database: `saagro`
--

-- --------------------------------------------------------

--
-- Table structure for table `acc_coa`
--

CREATE TABLE `acc_coa` (
  `id` int NOT NULL,
  `HeadCode` bigint NOT NULL,
  `HeadName` varchar(60) CHARACTER SET utf8mb4 COLLATE utf8mb4_general_ci NOT NULL,
  `PHeadName` varchar(50) CHARACTER SET utf8mb4 COLLATE utf8mb4_general_ci NOT NULL,
  `nameE` varchar(50) CHARACTER SET utf8mb4 COLLATE utf8mb4_general_ci DEFAULT NULL,
  `nameA` varchar(50) CHARACTER SET utf8mb4 COLLATE utf8mb4_general_ci DEFAULT NULL,
  `HeadLevel` int NOT NULL,
  `IsActive` tinyint(1) NOT NULL,
  `IsTransaction` tinyint(1) NOT NULL,
  `IsGL` tinyint(1) NOT NULL,
  `HeadType` char(2) CHARACTER SET utf8mb4 COLLATE utf8mb4_general_ci NOT NULL,
  `branch_id` int NOT NULL DEFAULT '1',
  `employee_id` int DEFAULT NULL,
  `dealer_id` int DEFAULT NULL,
  `goods_store_id` int DEFAULT NULL,
  `IsBudget` tinyint(1) NOT NULL,
  `IsDepreciation` tinyint(1) NOT NULL DEFAULT '0',
  `DepreciationRate` decimal(18,2) NOT NULL DEFAULT '0.00',
  `balance` decimal(13,2) NOT NULL DEFAULT '0.00',
  `CreateBy` varchar(50) CHARACTER SET utf8mb4 COLLATE utf8mb4_general_ci NOT NULL,
  `CreateDate` datetime NOT NULL,
  `UpdateBy` varchar(50) CHARACTER SET utf8mb4 COLLATE utf8mb4_general_ci DEFAULT NULL,
  `UpdateDate` datetime DEFAULT NULL
) ENGINE=InnoDB DEFAULT CHARSET=utf8mb4 COLLATE=utf8mb4_general_ci;

--
-- Dumping data for table `acc_coa`
--

INSERT INTO `acc_coa` (`id`, `HeadCode`, `HeadName`, `PHeadName`, `nameE`, `nameA`, `HeadLevel`, `IsActive`, `IsTransaction`, `IsGL`, `HeadType`, `branch_id`, `employee_id`, `dealer_id`, `goods_store_id`, `IsBudget`, `IsDepreciation`, `DepreciationRate`, `balance`, `CreateBy`, `CreateDate`, `UpdateBy`, `UpdateDate`) VALUES
(2, 221100024, 'a-', 'Suppliers', '', NULL, 4, 1, 1, 0, 'L', 1, NULL, NULL, 0, 0, 0, '0.00', '0.00', '', '0000-00-00 00:00:00', '', '0000-00-00 00:00:00'),
(5, 221100039, 'ABDULREHMAN ALGOSAIBI', 'Suppliers', '', NULL, 4, 1, 1, 0, 'L', 1, NULL, NULL, 0, 0, 0, '0.00', '0.00', '', '0000-00-00 00:00:00', '', '0000-00-00 00:00:00'),
(7, 221100100, 'ADVANCE MEDICAL', 'Suppliers', '', NULL, 4, 1, 1, 0, 'L', 1, NULL, NULL, 0, 0, 0, '0.00', '0.00', '', '0000-00-00 00:00:00', '', '0000-00-00 00:00:00'),
(11, 221100001, 'al amin medical instruments co.ltd', 'Suppliers', '', NULL, 4, 1, 1, 0, 'L', 1, NULL, NULL, 0, 0, 0, '0.00', '0.00', '', '0000-00-00 00:00:00', '', '0000-00-00 00:00:00'),
(12, 221100051, 'AL ARFAJ COMM.', 'Suppliers', '', NULL, 4, 1, 1, 0, 'L', 1, NULL, NULL, 0, 0, 0, '0.00', '0.00', '', '0000-00-00 00:00:00', '', '0000-00-00 00:00:00'),
(13, 221100074, 'AL Haya medical company', 'Suppliers', '', NULL, 4, 1, 1, 0, 'L', 1, NULL, NULL, 0, 0, 0, '0.00', '0.00', '', '0000-00-00 00:00:00', '', '0000-00-00 00:00:00'),
(14, 221100010, 'AL TAFAROD', 'Suppliers', '', NULL, 4, 1, 1, 0, 'L', 1, NULL, NULL, 0, 0, 0, '0.00', '0.00', '', '0000-00-00 00:00:00', '', '0000-00-00 00:00:00'),
(15, 221100068, 'AL-NOZHA MEDICAL', 'Suppliers', '', NULL, 4, 1, 1, 0, 'L', 1, NULL, NULL, 0, 0, 0, '0.00', '0.00', '', '0000-00-00 00:00:00', '', '0000-00-00 00:00:00'),
(16, 221100081, 'alamin medica', 'Suppliers', '', NULL, 4, 1, 1, 0, 'L', 1, NULL, NULL, 0, 0, 0, '0.00', '0.00', '', '0000-00-00 00:00:00', '', '0000-00-00 00:00:00'),
(21, 221100067, 'alluer', 'Suppliers', '', NULL, 4, 1, 1, 0, 'L', 1, NULL, NULL, 0, 0, 0, '0.00', '0.00', '', '0000-00-00 00:00:00', '', '0000-00-00 00:00:00'),
(22, 221100065, 'ALLUER pharmacy', 'Suppliers', '', NULL, 4, 1, 1, 0, 'L', 1, NULL, NULL, 0, 0, 0, '0.00', '0.00', '', '0000-00-00 00:00:00', '', '0000-00-00 00:00:00'),
(23, 221100083, 'allur', 'Suppliers', '', NULL, 4, 1, 1, 0, 'L', 1, NULL, NULL, 0, 0, 0, '0.00', '0.00', '', '0000-00-00 00:00:00', '', '0000-00-00 00:00:00'),
(24, 221100097, 'Almhami Mohammed Albaz', 'Suppliers', '', NULL, 4, 1, 1, 0, 'L', 1, NULL, NULL, 0, 0, 0, '0.00', '0.00', '', '0000-00-00 00:00:00', '', '0000-00-00 00:00:00'),
(25, 221100106, 'Almrafk Alasaseh', 'Suppliers', '', NULL, 4, 1, 1, 0, 'L', 1, NULL, NULL, 0, 0, 0, '0.00', '0.00', '', '0000-00-00 00:00:00', '', '0000-00-00 00:00:00'),
(26, 221100016, 'alsef', 'Suppliers', '', NULL, 4, 1, 1, 0, 'L', 1, NULL, NULL, 0, 0, 0, '0.00', '0.00', '', '0000-00-00 00:00:00', '', '0000-00-00 00:00:00'),
(28, 221100007, 'AME COMPANY', 'Suppliers', '', NULL, 4, 1, 1, 0, 'L', 1, NULL, NULL, 0, 0, 0, '0.00', '0.00', '', '0000-00-00 00:00:00', '', '0000-00-00 00:00:00'),
(29, 121100005, 'AmericanExpress', 'CashBoxes', '', NULL, 4, 1, 1, 0, 'A', 1, NULL, NULL, 0, 0, 0, '0.00', '0.00', '1', '2021-03-02 14:27:08', '', '0000-00-00 00:00:00'),
(30, 221100114, 'AMJAD MEDICAL', 'Suppliers', '', NULL, 4, 1, 1, 0, 'L', 1, NULL, NULL, 0, 0, 0, '0.00', '0.00', '', '0000-00-00 00:00:00', '', '0000-00-00 00:00:00'),
(32, 221100063, 'AQMA MEDICA', 'Suppliers', '', NULL, 4, 1, 1, 0, 'L', 1, NULL, NULL, 0, 0, 0, '0.00', '0.00', '', '0000-00-00 00:00:00', '', '0000-00-00 00:00:00'),
(34, 221100082, 'AROUJA TRADING', 'Suppliers', '', NULL, 4, 1, 1, 0, 'L', 1, NULL, NULL, 0, 0, 0, '0.00', '0.00', '', '0000-00-00 00:00:00', '', '0000-00-00 00:00:00'),
(38, 221100023, 'b', 'Suppliers', '', NULL, 4, 1, 1, 0, 'L', 1, NULL, NULL, 0, 0, 0, '0.00', '0.00', '', '0000-00-00 00:00:00', '', '0000-00-00 00:00:00'),
(39, 221100115, 'BAHR ALJAMAN TRADING EST.', 'Suppliers', '', NULL, 4, 1, 1, 0, 'L', 1, NULL, NULL, 0, 0, 0, '0.00', '0.00', '', '0000-00-00 00:00:00', '', '0000-00-00 00:00:00'),
(40, 121100006, 'BankTransfer', 'CashBoxes', '', NULL, 4, 1, 1, 0, 'A', 1, NULL, NULL, 0, 0, 0, '0.00', '0.00', '1', '2021-03-02 14:27:16', '', '0000-00-00 00:00:00'),
(41, 221100002, 'basem', 'Suppliers', '', NULL, 4, 1, 1, 0, 'L', 1, NULL, NULL, 0, 0, 0, '0.00', '0.00', '', '0000-00-00 00:00:00', '', '0000-00-00 00:00:00'),
(42, 221100015, 'bassam', 'Suppliers', '', NULL, 4, 1, 1, 0, 'L', 1, NULL, NULL, 0, 0, 0, '0.00', '0.00', '', '0000-00-00 00:00:00', '', '0000-00-00 00:00:00'),
(44, 221100071, 'BEAUTY ZONE TRADING', 'Suppliers', '', NULL, 4, 1, 1, 0, 'L', 1, NULL, NULL, 0, 0, 0, '0.00', '0.00', '', '0000-00-00 00:00:00', '', '0000-00-00 00:00:00'),
(45, 221100118, 'BEST CARE TRADING EST', 'Suppliers', '', NULL, 4, 1, 1, 0, 'L', 1, NULL, NULL, 0, 0, 0, '0.00', '0.00', '', '0000-00-00 00:00:00', '', '0000-00-00 00:00:00'),
(47, 434300003, 'Business phones and communication expenses', 'Maintenance Center building expenses', '', NULL, 4, 1, 1, 0, 'E', 1, NULL, NULL, 0, 0, 0, '0.00', '0.00', '1', '2021-04-13 12:01:18', '', '0000-00-00 00:00:00'),
(48, 434300004, 'Businessman conditioning and cooling expenses', 'Maintenance Center building expenses', '', NULL, 4, 1, 0, 0, 'E', 1, NULL, NULL, 0, 0, 0, '0.00', '0.00', '', '0000-00-00 00:00:00', '', '0000-00-00 00:00:00'),
(49, 221100073, 'cash invoice', 'Suppliers', '', NULL, 4, 1, 1, 0, 'L', 1, NULL, NULL, 0, 0, 0, '0.00', '0.00', '', '0000-00-00 00:00:00', '', '0000-00-00 00:00:00'),
(50, 121100001, 'Cash In Hand', 'CashBoxes', '', NULL, 4, 1, 1, 0, 'A', 7, NULL, NULL, 0, 0, 0, '0.00', '0.00', '1', '2021-12-09 12:44:11', '', '0000-00-00 00:00:00'),
(51, 121100011, 'Check', 'CashBoxes', '', NULL, 4, 1, 1, 0, 'A', 1, NULL, NULL, 0, 0, 0, '0.00', '0.00', '1', '2021-03-02 14:28:06', '', '0000-00-00 00:00:00'),
(52, 221100054, 'cigal', 'Suppliers', '', NULL, 4, 1, 1, 0, 'L', 1, NULL, NULL, 0, 0, 0, '0.00', '0.00', '', '0000-00-00 00:00:00', '', '0000-00-00 00:00:00'),
(53, 436100005, 'Clinic kits  d ghazi', 'Basic needs clincs', '', NULL, 4, 1, 0, 0, 'E', 1, NULL, NULL, 0, 0, 0, '0.00', '0.00', '', '0000-00-00 00:00:00', '', '0000-00-00 00:00:00'),
(54, 436100003, 'Clinic kits  d sary', 'Basic needs clincs', '', NULL, 4, 1, 0, 0, 'E', 1, NULL, NULL, 0, 0, 0, '0.00', '0.00', '', '0000-00-00 00:00:00', '', '0000-00-00 00:00:00'),
(55, 436100004, 'Clinic kits  d waiel', 'Basic needs clincs', '', NULL, 4, 1, 0, 0, 'E', 1, NULL, NULL, 0, 0, 0, '0.00', '0.00', '', '0000-00-00 00:00:00', '', '0000-00-00 00:00:00'),
(56, 434200001, 'Computer hardware maintenance', 'Equipment maintenance and software expenses', '', NULL, 4, 1, 1, 0, 'E', 1, NULL, NULL, 0, 0, 0, '0.00', '0.00', '1', '2021-04-13 12:00:55', '', '0000-00-00 00:00:00'),
(58, 221100056, 'D', 'Suppliers', '', NULL, 4, 1, 1, 0, 'L', 1, NULL, NULL, 0, 0, 0, '0.00', '0.00', '', '0000-00-00 00:00:00', '', '0000-00-00 00:00:00'),
(59, 436100002, 'd ali Clinic kits', 'Basic needs clincs', '', NULL, 4, 1, 0, 0, 'E', 1, NULL, NULL, 0, 0, 0, '0.00', '0.00', '', '0000-00-00 00:00:00', '', '0000-00-00 00:00:00'),
(62, 221100014, 'dakhell', 'Suppliers', '', NULL, 4, 1, 1, 0, 'L', 1, NULL, NULL, 0, 0, 0, '0.00', '0.00', '', '0000-00-00 00:00:00', '', '0000-00-00 00:00:00'),
(73, 221100103, 'DIAMOND STAT TRADING EST.', 'Suppliers', '', NULL, 4, 1, 1, 0, 'L', 1, NULL, NULL, 0, 0, 0, '0.00', '0.00', '', '0000-00-00 00:00:00', '', '0000-00-00 00:00:00'),
(86, 436100001, 'Dr. zead Clinic kits', 'Basic needs clincs', '', NULL, 4, 1, 0, 0, 'E', 1, NULL, NULL, 0, 0, 0, '0.00', '0.00', '', '0000-00-00 00:00:00', '', '0000-00-00 00:00:00'),
(87, 221100028, 'E', 'Suppliers', '', NULL, 4, 1, 1, 0, 'L', 1, NULL, NULL, 0, 0, 0, '0.00', '0.00', '', '0000-00-00 00:00:00', '', '0000-00-00 00:00:00'),
(88, 221100116, 'ELAF MEDLTD', 'Suppliers', '', NULL, 4, 1, 1, 0, 'L', 1, NULL, NULL, 0, 0, 0, '0.00', '0.00', '', '0000-00-00 00:00:00', '', '0000-00-00 00:00:00'),
(89, 434300001, 'Electricity business expenses', 'Maintenance Center building expenses', '', NULL, 4, 1, 0, 0, 'E', 1, NULL, NULL, 0, 0, 0, '0.00', '0.00', '', '0000-00-00 00:00:00', '', '0000-00-00 00:00:00'),
(90, 221100121, 'EST ABR ALTWASAL', 'Suppliers', '', NULL, 4, 1, 1, 0, 'L', 1, NULL, NULL, 0, 0, 0, '0.00', '0.00', '', '0000-00-00 00:00:00', '', '0000-00-00 00:00:00'),
(92, 221100025, 'exer', 'Suppliers', '', NULL, 4, 1, 1, 0, 'L', 1, NULL, NULL, 0, 0, 0, '0.00', '0.00', '', '0000-00-00 00:00:00', '', '0000-00-00 00:00:00'),
(93, 437100001, 'Extinguish construction expenses', 'Asset Firefighting', '', NULL, 4, 1, 1, 0, 'E', 1, NULL, NULL, 0, 0, 0, '0.00', '0.00', '1', '2021-04-13 12:00:36', '', '0000-00-00 00:00:00'),
(94, 437100002, 'Extinguish improvements in third parties', 'Asset Firefighting', '', NULL, 4, 1, 0, 0, 'E', 1, NULL, NULL, 0, 0, 0, '0.00', '0.00', '', '0000-00-00 00:00:00', '', '0000-00-00 00:00:00'),
(95, 221100029, 'F', 'Suppliers', '', NULL, 4, 1, 1, 0, 'L', 1, NULL, NULL, 0, 0, 0, '0.00', '0.00', '', '0000-00-00 00:00:00', '', '0000-00-00 00:00:00'),
(96, 221100044, 'fast', 'Suppliers', '', NULL, 4, 1, 1, 0, 'L', 1, NULL, NULL, 0, 0, 0, '0.00', '0.00', '', '0000-00-00 00:00:00', '', '0000-00-00 00:00:00'),
(98, 221100050, 'ff', 'Suppliers', '', NULL, 4, 1, 1, 0, 'L', 1, NULL, NULL, 0, 0, 0, '0.00', '0.00', '', '0000-00-00 00:00:00', '', '0000-00-00 00:00:00'),
(101, 221100066, 'GALDERMA', 'Suppliers', '', NULL, 4, 1, 1, 0, 'L', 1, NULL, NULL, 0, 0, 0, '0.00', '0.00', '', '0000-00-00 00:00:00', '', '0000-00-00 00:00:00'),
(103, 434300007, 'General works of maintenance of the building', 'Maintenance Center building expenses', '', NULL, 4, 1, 0, 0, 'E', 1, NULL, NULL, 0, 0, 0, '0.00', '0.00', '', '0000-00-00 00:00:00', '', '0000-00-00 00:00:00'),
(105, 221100017, 'GOLDEN SMILE', 'Suppliers', '', NULL, 4, 1, 1, 0, 'L', 1, NULL, NULL, 0, 0, 0, '0.00', '0.00', '', '0000-00-00 00:00:00', '', '0000-00-00 00:00:00'),
(106, 434300005, 'Gypsum and decorative works of expenses', 'Maintenance Center building expenses', '', NULL, 4, 1, 0, 0, 'E', 1, NULL, NULL, 0, 0, 0, '0.00', '0.00', '', '0000-00-00 00:00:00', '', '0000-00-00 00:00:00'),
(112, 221100119, 'IDEAL SHIFT COMMERCIAL EST.', 'Suppliers', '', NULL, 4, 1, 1, 0, 'L', 1, NULL, NULL, 0, 0, 0, '0.00', '0.00', '', '0000-00-00 00:00:00', '', '0000-00-00 00:00:00'),
(113, 221100004, 'IMDAD', 'Suppliers', '', NULL, 4, 1, 1, 0, 'L', 1, NULL, NULL, 0, 0, 0, '0.00', '0.00', '', '0000-00-00 00:00:00', '', '0000-00-00 00:00:00'),
(115, 221100124, 'JULWAN FOR TRADING EST.', 'Suppliers', '', NULL, 4, 1, 1, 0, 'L', 1, NULL, NULL, 0, 0, 0, '0.00', '0.00', '', '0000-00-00 00:00:00', '', '0000-00-00 00:00:00'),
(117, 221100032, 'k', 'Suppliers', '', NULL, 4, 1, 1, 0, 'L', 1, NULL, NULL, 0, 0, 0, '0.00', '0.00', '', '0000-00-00 00:00:00', '', '0000-00-00 00:00:00'),
(118, 221100080, 'KADOON COMPANY', 'Suppliers', '', NULL, 4, 1, 1, 0, 'L', 1, NULL, NULL, 0, 0, 0, '0.00', '0.00', '', '0000-00-00 00:00:00', '', '0000-00-00 00:00:00'),
(124, 436100011, 'L', 'Basic needs clincs', '', NULL, 4, 1, 0, 0, 'E', 1, NULL, NULL, 0, 0, 0, '0.00', '0.00', '', '0000-00-00 00:00:00', '', '0000-00-00 00:00:00'),
(127, 221100111, 'lujain addawaa medical', 'Suppliers', '', NULL, 4, 1, 1, 0, 'L', 1, NULL, NULL, 0, 0, 0, '0.00', '0.00', '', '0000-00-00 00:00:00', '', '0000-00-00 00:00:00'),
(128, 221100113, 'LUJAIN ADDAWAA MEDICAL CO.', 'Suppliers', '', NULL, 4, 1, 1, 0, 'L', 1, NULL, NULL, 0, 0, 0, '0.00', '0.00', '', '0000-00-00 00:00:00', '', '0000-00-00 00:00:00'),
(133, 221100098, 'MALATH ADVANCED FOR TRADING SERVICES', 'Suppliers', '', NULL, 4, 1, 1, 0, 'L', 1, NULL, NULL, 0, 0, 0, '0.00', '0.00', '', '0000-00-00 00:00:00', '', '0000-00-00 00:00:00'),
(135, 221100120, 'MANARKINDA COMPANY', 'Suppliers', '', NULL, 4, 1, 1, 0, 'L', 1, NULL, NULL, 0, 0, 0, '0.00', '0.00', '', '0000-00-00 00:00:00', '', '0000-00-00 00:00:00'),
(136, 221100086, 'mansour bader traning', 'Suppliers', '', NULL, 4, 1, 1, 0, 'L', 1, NULL, NULL, 0, 0, 0, '0.00', '0.00', '', '0000-00-00 00:00:00', '', '0000-00-00 00:00:00'),
(139, 221100013, 'massas', 'Suppliers', '', NULL, 4, 1, 1, 0, 'L', 1, NULL, NULL, 0, 0, 0, '0.00', '0.00', '', '0000-00-00 00:00:00', '', '0000-00-00 00:00:00'),
(140, 121100003, 'MasterCard', 'CashBoxes', '', NULL, 4, 1, 1, 0, 'A', 1, NULL, NULL, 0, 0, 0, '0.00', '0.00', '1', '2021-03-02 14:28:14', '', '0000-00-00 00:00:00'),
(141, 221100008, 'MED', 'Suppliers', '', NULL, 4, 1, 1, 0, 'L', 1, NULL, NULL, 0, 0, 0, '0.00', '0.00', '', '0000-00-00 00:00:00', '', '0000-00-00 00:00:00'),
(142, 221100126, 'MED SURG SUPPLIES', 'Suppliers', '', NULL, 4, 1, 1, 0, 'L', 1, NULL, NULL, 0, 0, 0, '0.00', '0.00', '', '0000-00-00 00:00:00', '', '0000-00-00 00:00:00'),
(143, 221100069, 'medical osams', 'Suppliers', '', NULL, 4, 1, 1, 0, 'L', 1, NULL, NULL, 0, 0, 0, '0.00', '0.00', '', '0000-00-00 00:00:00', '', '0000-00-00 00:00:00'),
(144, 221100043, 'medico', 'Suppliers', '', NULL, 4, 1, 1, 0, 'L', 1, NULL, NULL, 0, 0, 0, '0.00', '0.00', '', '0000-00-00 00:00:00', '', '0000-00-00 00:00:00'),
(147, 221100102, 'METRICS MEDICAL EQUIPMENT', 'Suppliers', '', NULL, 4, 1, 1, 0, 'L', 1, NULL, NULL, 0, 0, 0, '0.00', '0.00', '', '0000-00-00 00:00:00', '', '0000-00-00 00:00:00'),
(148, 221100109, 'Mgma Atubaekm Tha Klenks', 'Suppliers', '', NULL, 4, 1, 1, 0, 'L', 1, NULL, NULL, 0, 0, 0, '0.00', '0.00', '', '0000-00-00 00:00:00', '', '0000-00-00 00:00:00'),
(152, 221100105, 'Mossh Afkar Gdedh Llatsalat', 'Suppliers', '', NULL, 4, 1, 1, 0, 'L', 1, NULL, NULL, 0, 0, 0, '0.00', '0.00', '', '0000-00-00 00:00:00', '', '0000-00-00 00:00:00'),
(153, 221100088, 'Mossh Alkmh Alsatuah', 'Suppliers', '', NULL, 4, 1, 1, 0, 'L', 1, NULL, NULL, 0, 0, 0, '0.00', '0.00', '', '0000-00-00 00:00:00', '', '0000-00-00 00:00:00'),
(154, 221100057, 'Mossh Almstshrf Lldaaeh', 'Suppliers', '', NULL, 4, 1, 1, 0, 'L', 1, NULL, NULL, 0, 0, 0, '0.00', '0.00', '', '0000-00-00 00:00:00', '', '0000-00-00 00:00:00'),
(155, 221100092, 'Mossh Lmsat Altubeah', 'Suppliers', '', NULL, 4, 1, 1, 0, 'L', 1, NULL, NULL, 0, 0, 0, '0.00', '0.00', '', '0000-00-00 00:00:00', '', '0000-00-00 00:00:00'),
(156, 221100077, 'Mossh Mnarh Almthdh', 'Suppliers', '', NULL, 4, 1, 1, 0, 'L', 1, NULL, NULL, 0, 0, 0, '0.00', '0.00', '', '0000-00-00 00:00:00', '', '0000-00-00 00:00:00'),
(157, 221100091, 'Mossh Mohammed Alaali', 'Suppliers', '', NULL, 4, 1, 1, 0, 'L', 1, NULL, NULL, 0, 0, 0, '0.00', '0.00', '', '0000-00-00 00:00:00', '', '0000-00-00 00:00:00'),
(158, 221100085, 'Mossw Khbrae Alhasb', 'Suppliers', '', NULL, 4, 1, 1, 0, 'L', 1, NULL, NULL, 0, 0, 0, '0.00', '0.00', '', '0000-00-00 00:00:00', '', '0000-00-00 00:00:00'),
(159, 221100072, 'MREDERM', 'Suppliers', '', NULL, 4, 1, 1, 0, 'L', 1, NULL, NULL, 0, 0, 0, '0.00', '0.00', '', '0000-00-00 00:00:00', '', '0000-00-00 00:00:00'),
(160, 221100094, 'Mrkz Buti Sntr', 'Suppliers', '', NULL, 4, 1, 1, 0, 'L', 1, NULL, NULL, 0, 0, 0, '0.00', '0.00', '', '0000-00-00 00:00:00', '', '0000-00-00 00:00:00'),
(164, 434300008, 'Msrwfat Seanh Almktb Algded', 'Maintenance Center building expenses', '', NULL, 4, 1, 0, 0, 'E', 1, NULL, NULL, 0, 0, 0, '0.00', '0.00', '', '0000-00-00 00:00:00', '', '0000-00-00 00:00:00'),
(165, 436100018, 'Mstlzmat Aeadat', 'Basic needs clincs', '', NULL, 4, 1, 0, 0, 'E', 1, NULL, NULL, 0, 0, 0, '0.00', '0.00', '', '0000-00-00 00:00:00', '', '0000-00-00 00:00:00'),
(166, 436100017, 'Mstlzmat Aeadh D Abdullah', 'Basic needs clincs', '', NULL, 4, 1, 0, 0, 'E', 1, NULL, NULL, 0, 0, 0, '0.00', '0.00', '', '0000-00-00 00:00:00', '', '0000-00-00 00:00:00'),
(167, 436100006, 'Mstlzmat Aeadh D Almntsr Ballha', 'Basic needs clincs', '', NULL, 4, 1, 0, 0, 'E', 1, NULL, NULL, 0, 0, 0, '0.00', '0.00', '', '0000-00-00 00:00:00', '', '0000-00-00 00:00:00'),
(168, 436100013, 'Mstlzmat Aeadh D Fras', 'Basic needs clincs', '', NULL, 4, 1, 0, 0, 'E', 1, NULL, NULL, 0, 0, 0, '0.00', '0.00', '', '0000-00-00 00:00:00', '', '0000-00-00 00:00:00'),
(169, 436100014, 'Mstlzmat Aeadh D Olla Alhrbi', 'Basic needs clincs', '', NULL, 4, 1, 0, 0, 'E', 1, NULL, NULL, 0, 0, 0, '0.00', '0.00', '', '0000-00-00 00:00:00', '', '0000-00-00 00:00:00'),
(170, 436100015, 'Mstlzmat Aeadh Tmadhr', 'Basic needs clincs', '', NULL, 4, 1, 0, 0, 'E', 1, NULL, NULL, 0, 0, 0, '0.00', '0.00', '', '0000-00-00 00:00:00', '', '0000-00-00 00:00:00'),
(171, 436100016, 'Mstlzmat D Mhand', 'Basic needs clincs', '', NULL, 4, 1, 0, 0, 'E', 1, NULL, NULL, 0, 0, 0, '0.00', '0.00', '', '0000-00-00 00:00:00', '', '0000-00-00 00:00:00'),
(173, 221100107, 'NAHL', 'Suppliers', '', NULL, 4, 1, 1, 0, 'L', 1, NULL, NULL, 0, 0, 0, '0.00', '0.00', '', '0000-00-00 00:00:00', '', '0000-00-00 00:00:00'),
(174, 221100117, 'NATURAL TOUCHES MEDICAL EST.', 'Suppliers', '', NULL, 4, 1, 1, 0, 'L', 1, NULL, NULL, 0, 0, 0, '0.00', '0.00', '', '0000-00-00 00:00:00', '', '0000-00-00 00:00:00'),
(178, 221100005, 'nuzum', 'Suppliers', '', NULL, 4, 1, 1, 0, 'L', 1, NULL, NULL, 0, 0, 0, '0.00', '0.00', '', '0000-00-00 00:00:00', '', '0000-00-00 00:00:00'),
(180, 221100064, 'OSAMA TRADING', 'Suppliers', '', NULL, 4, 1, 1, 0, 'L', 1, NULL, NULL, 0, 0, 0, '0.00', '0.00', '', '0000-00-00 00:00:00', '', '0000-00-00 00:00:00'),
(181, 434300006, 'Plumbing business expenses', 'Maintenance Center building expenses', '', NULL, 4, 1, 0, 0, 'E', 1, NULL, NULL, 0, 0, 0, '0.00', '0.00', '', '0000-00-00 00:00:00', '', '0000-00-00 00:00:00'),
(182, 221100026, 'r', 'Suppliers', '', NULL, 4, 1, 1, 0, 'L', 1, NULL, NULL, 0, 0, 0, '0.00', '0.00', '', '0000-00-00 00:00:00', '', '0000-00-00 00:00:00'),
(183, 221100093, 'Ragndr Brsad', 'Suppliers', '', NULL, 4, 1, 1, 0, 'L', 1, NULL, NULL, 0, 0, 0, '0.00', '0.00', '', '0000-00-00 00:00:00', '', '0000-00-00 00:00:00'),
(190, 221100070, 'RIYADH INTERNATIONAL', 'Suppliers', '', NULL, 4, 1, 1, 0, 'L', 1, NULL, NULL, 0, 0, 0, '0.00', '0.00', '', '0000-00-00 00:00:00', '', '0000-00-00 00:00:00'),
(191, 221100079, 'RIYADH MEDICA', 'Suppliers', '', NULL, 4, 1, 1, 0, 'L', 1, NULL, NULL, 0, 0, 0, '0.00', '0.00', '', '0000-00-00 00:00:00', '', '0000-00-00 00:00:00'),
(192, 221100089, 'ROKEN AL-MOTHMIR TRADING EST.', 'Suppliers', '', NULL, 4, 1, 1, 0, 'L', 1, NULL, NULL, 0, 0, 0, '0.00', '0.00', '', '0000-00-00 00:00:00', '', '0000-00-00 00:00:00'),
(193, 221100009, 'rose', 'Suppliers', '', NULL, 4, 1, 1, 0, 'L', 1, NULL, NULL, 0, 0, 0, '0.00', '0.00', '', '0000-00-00 00:00:00', '', '0000-00-00 00:00:00'),
(196, 221100035, 's', 'Suppliers', '', NULL, 4, 1, 1, 0, 'L', 1, NULL, NULL, 0, 0, 0, '0.00', '0.00', '', '0000-00-00 00:00:00', '', '0000-00-00 00:00:00'),
(198, 221100090, 'SALEHIYA TRADING CO.', 'Suppliers', '', NULL, 4, 1, 1, 0, 'L', 1, NULL, NULL, 0, 0, 0, '0.00', '0.00', '', '0000-00-00 00:00:00', '', '0000-00-00 00:00:00'),
(199, 221100040, 'sanad', 'Suppliers', '', NULL, 4, 1, 1, 0, 'L', 1, NULL, NULL, 0, 0, 0, '0.00', '0.00', '', '0000-00-00 00:00:00', '', '0000-00-00 00:00:00'),
(203, 221100027, 'SHAFY', 'Suppliers', '', NULL, 4, 1, 1, 0, 'L', 1, NULL, NULL, 0, 0, 0, '0.00', '0.00', '', '0000-00-00 00:00:00', '', '0000-00-00 00:00:00'),
(204, 221100095, 'SHAFY ADVANCED EST.', 'Suppliers', '', NULL, 4, 1, 1, 0, 'L', 1, NULL, NULL, 0, 0, 0, '0.00', '0.00', '', '0000-00-00 00:00:00', '', '0000-00-00 00:00:00'),
(206, 221100125, 'Shrkh Mkhtbr Alkhleh Almtkdm', 'Suppliers', '', NULL, 4, 1, 1, 0, 'L', 1, NULL, NULL, 0, 0, 0, '0.00', '0.00', '', '0000-00-00 00:00:00', '', '0000-00-00 00:00:00'),
(207, 221100076, 'Shrkh Mkhzn Adweh Gmgwm', 'Suppliers', '', NULL, 4, 1, 1, 0, 'L', 1, NULL, NULL, 0, 0, 0, '0.00', '0.00', '', '0000-00-00 00:00:00', '', '0000-00-00 00:00:00'),
(208, 221100122, 'Shrkh Nfes', 'Suppliers', '', NULL, 4, 1, 1, 0, 'L', 1, NULL, NULL, 0, 0, 0, '0.00', '0.00', '', '0000-00-00 00:00:00', '', '0000-00-00 00:00:00'),
(209, 221100087, 'Shrkh Shrarh Abdaa Lltswk', 'Suppliers', '', NULL, 4, 1, 1, 0, 'L', 1, NULL, NULL, 0, 0, 0, '0.00', '0.00', '', '0000-00-00 00:00:00', '', '0000-00-00 00:00:00'),
(210, 221100099, 'Shrkh Snaf Llmsaad Aldwleh', 'Suppliers', '', NULL, 4, 1, 1, 0, 'L', 1, NULL, NULL, 0, 0, 0, '0.00', '0.00', '', '0000-00-00 00:00:00', '', '0000-00-00 00:00:00'),
(212, 121100002, 'SPAN', 'CashBoxes', '', NULL, 4, 1, 1, 0, 'A', 1, NULL, NULL, 0, 0, 0, '0.00', '0.00', '1', '2021-03-02 14:28:26', '', '0000-00-00 00:00:00'),
(214, 221100055, 'TERIAG ELKHALIG', 'Suppliers', '', NULL, 4, 1, 1, 0, 'L', 1, NULL, NULL, 0, 0, 0, '0.00', '0.00', '', '0000-00-00 00:00:00', '', '0000-00-00 00:00:00'),
(215, 221100075, 'TERIAG INTERNATIONAL', 'Suppliers', '', NULL, 4, 1, 1, 0, 'L', 1, NULL, NULL, 0, 0, 0, '0.00', '0.00', '', '0000-00-00 00:00:00', '', '0000-00-00 00:00:00'),
(217, 221100104, 'TIBBI', 'Suppliers', '', NULL, 4, 1, 1, 0, 'L', 1, NULL, NULL, 0, 0, 0, '0.00', '0.00', '', '0000-00-00 00:00:00', '', '0000-00-00 00:00:00'),
(219, 221100006, 'vending solutions co', 'Suppliers', '', NULL, 4, 1, 1, 0, 'L', 1, NULL, NULL, 0, 0, 0, '0.00', '0.00', '', '0000-00-00 00:00:00', '', '0000-00-00 00:00:00'),
(220, 121100004, 'Visa', 'CashBoxes', '', NULL, 4, 1, 1, 0, 'A', 1, NULL, NULL, 0, 0, 0, '0.00', '0.00', '1', '2021-03-02 14:28:35', '', '0000-00-00 00:00:00'),
(222, 221100084, 'Y.S.AL METEK TRADING EST', 'Suppliers', '', NULL, 4, 1, 1, 0, 'L', 1, NULL, NULL, 0, 0, 0, '0.00', '0.00', '', '0000-00-00 00:00:00', '', '0000-00-00 00:00:00'),
(223, 221100031, 'z', 'Suppliers', '', NULL, 4, 1, 1, 0, 'L', 1, NULL, NULL, 0, 0, 0, '0.00', '0.00', '', '0000-00-00 00:00:00', '', '0000-00-00 00:00:00'),
(225, 431000013, 'Advertising', 'Generality Expenses', '', NULL, 4, 1, 0, 0, 'E', 1, NULL, NULL, 0, 0, 0, '0.00', '0.00', '', '0000-00-00 00:00:00', '', '0000-00-00 00:00:00'),
(235, 431000012, 'Bank expenses', 'Generality Expenses', '', NULL, 4, 1, 0, 0, 'E', 1, NULL, NULL, 0, 0, 0, '0.00', '0.00', '', '0000-00-00 00:00:00', '', '0000-00-00 00:00:00'),
(236, 431000030, 'Bdl Alagazh', 'Generality Expenses', '', NULL, 4, 1, 0, 0, 'E', 1, NULL, NULL, 0, 0, 0, '0.00', '0.00', '', '0000-00-00 00:00:00', '', '0000-00-00 00:00:00'),
(237, 431000021, 'Bonuses', 'Generality Expenses', '', NULL, 4, 1, 0, 0, 'E', 1, NULL, NULL, 0, 0, 0, '0.00', '0.00', '', '0000-00-00 00:00:00', '', '0000-00-00 00:00:00'),
(238, 211000001, 'Capital', 'CapitalReserve', '', NULL, 4, 1, 1, 0, 'L', 1, NULL, NULL, 0, 0, 0, '0.00', '0.00', '1', '2021-04-13 12:19:01', '', '0000-00-00 00:00:00'),
(239, 213000001, 'CapitalStock', 'CapitalReserve', '', NULL, 4, 1, 0, 0, 'L', 1, NULL, NULL, 0, 0, 0, '0.00', '0.00', '', '0000-00-00 00:00:00', '', '0000-00-00 00:00:00'),
(240, 432000001, 'chamber of Commerce', 'Government fees expenses', '', NULL, 4, 1, 0, 0, 'E', 1, NULL, NULL, 0, 0, 0, '0.00', '0.00', '', '0000-00-00 00:00:00', '', '0000-00-00 00:00:00'),
(241, 431000005, 'cleanliness', 'Generality Expenses', '', NULL, 4, 1, 0, 0, 'E', 1, NULL, NULL, 0, 0, 0, '0.00', '0.00', '', '0000-00-00 00:00:00', '', '0000-00-00 00:00:00'),
(242, 124000001, 'ClosingStock', 'ClosingStockPrimary', '', NULL, 4, 1, 1, 0, 'A', 1, NULL, NULL, 0, 0, 0, '0.00', '0.00', '1', '2021-03-11 05:02:21', '', '0000-00-00 00:00:00'),
(243, 261000007, 'Complex Depreciation tools', 'Depreciation compound', '', NULL, 4, 1, 1, 0, 'L', 1, NULL, NULL, 0, 0, 0, '0.00', '0.00', '', '0000-00-00 00:00:00', '', '0000-00-00 00:00:00'),
(244, 261000001, 'Complex destroy cars', 'Depreciation compound', '', NULL, 4, 1, 1, 0, 'L', 1, NULL, NULL, 0, 0, 0, '0.00', '0.00', '', '0000-00-00 00:00:00', '', '0000-00-00 00:00:00'),
(245, 261000002, 'COMPUTER COMPUTER COMPUTER', 'Depreciation compound', '', NULL, 4, 1, 1, 0, 'L', 1, NULL, NULL, 0, 0, 0, '0.00', '0.00', '', '0000-00-00 00:00:00', '', '0000-00-00 00:00:00'),
(246, 231000001, 'Current Account Mr Sulaiman Al - Obeid', 'Partners Account', '', NULL, 4, 1, 1, 0, 'L', 1, NULL, NULL, 0, 0, 0, '0.00', '0.00', '1', '2021-04-13 12:20:38', '', '0000-00-00 00:00:00'),
(248, 261000006, 'Depreciation Complex', 'Depreciation compound', '', NULL, 4, 1, 1, 0, 'L', 1, NULL, NULL, 0, 0, 0, '0.00', '0.00', '', '0000-00-00 00:00:00', '', '0000-00-00 00:00:00'),
(249, 261000003, 'DISCONTINUATION OF MEDICAL EQUIPMENT', 'Depreciation compound', '', NULL, 4, 1, 1, 0, 'L', 1, NULL, NULL, 0, 0, 0, '0.00', '0.00', '', '0000-00-00 00:00:00', '', '0000-00-00 00:00:00'),
(250, 223000002, 'Doctors commission', 'Accrued expenses', '', NULL, 4, 1, 1, 0, 'L', 1, NULL, NULL, 0, 0, 0, '0.00', '0.00', '1', '2021-04-13 12:14:11', '', '0000-00-00 00:00:00'),
(266, 431000002, 'elctaricity', 'Generality Expenses', '', NULL, 4, 1, 0, 0, 'E', 1, NULL, NULL, 0, 0, 0, '0.00', '0.00', '', '0000-00-00 00:00:00', '', '0000-00-00 00:00:00'),
(267, 111000008, 'elevator', 'Devices and instruments', '', NULL, 4, 1, 0, 0, 'A', 1, NULL, NULL, 0, 0, 0, '0.00', '0.00', '', '0000-00-00 00:00:00', '', '0000-00-00 00:00:00'),
(268, 431000010, 'End leaving the service', 'Generality Expenses', '', NULL, 4, 1, 0, 0, 'E', 1, NULL, NULL, 0, 0, 0, '0.00', '0.00', '', '0000-00-00 00:00:00', '', '0000-00-00 00:00:00'),
(269, 431000024, 'Examination of labor', 'Generality Expenses', '', NULL, 4, 1, 0, 0, 'E', 1, NULL, NULL, 0, 0, 0, '0.00', '0.00', '', '0000-00-00 00:00:00', '', '0000-00-00 00:00:00'),
(270, 432000008, 'FAT', 'Government fees expenses', '', NULL, 4, 1, 0, 0, 'E', 1, NULL, NULL, 0, 0, 0, '0.00', '0.00', '', '0000-00-00 00:00:00', '', '0000-00-00 00:00:00'),
(271, 431000025, 'Fees', 'Generality Expenses', '', NULL, 4, 1, 0, 0, 'E', 1, NULL, NULL, 0, 0, 0, '0.00', '0.00', '', '0000-00-00 00:00:00', '', '0000-00-00 00:00:00'),
(272, 432000006, 'Fines', 'Government fees expenses', '', NULL, 4, 1, 0, 0, 'E', 1, NULL, NULL, 0, 0, 0, '0.00', '0.00', '', '0000-00-00 00:00:00', '', '0000-00-00 00:00:00'),
(273, 114000001, 'Furniture and furnishings', 'Furniture', '', NULL, 4, 1, 0, 0, 'A', 1, NULL, NULL, 0, 0, 0, '0.00', '0.00', '', '0000-00-00 00:00:00', '', '0000-00-00 00:00:00'),
(274, 261000012, 'Furniture and Furniture Depot Complex', 'Depreciation compound', '', NULL, 4, 1, 1, 0, 'L', 1, NULL, NULL, 0, 0, 0, '0.00', '0.00', '', '0000-00-00 00:00:00', '', '0000-00-00 00:00:00'),
(275, 122000101, 'HAIFA MANSOUR MOHAMMAD ALSGYER', 'Patients', '', NULL, 4, 1, 0, 1, 'A', 1, NULL, NULL, 0, 0, 0, '0.00', '0.00', '', '0000-00-00 00:00:00', '', '0000-00-00 00:00:00'),
(276, 432000005, 'Health permits', 'Government fees expenses', '', NULL, 4, 1, 0, 0, 'E', 1, NULL, NULL, 0, 0, 0, '0.00', '0.00', '', '0000-00-00 00:00:00', '', '0000-00-00 00:00:00'),
(277, 431000026, 'Hor Foundation expenses', 'Generality Expenses', '', NULL, 4, 1, 0, 0, 'E', 1, NULL, NULL, 0, 0, 0, '0.00', '0.00', '', '0000-00-00 00:00:00', '', '0000-00-00 00:00:00'),
(278, 431000003, 'hospitality', 'Generality Expenses', '', NULL, 4, 1, 0, 0, 'E', 1, NULL, NULL, 0, 0, 0, '0.00', '0.00', '', '0000-00-00 00:00:00', '', '0000-00-00 00:00:00'),
(279, 226000001, 'Hsab Eglak Hsab Arsdh Awl Almdh Llmrdha', 'Loans', '', NULL, 4, 1, 1, 0, 'L', 1, NULL, NULL, 0, 0, 0, '0.00', '0.00', '1', '2021-04-13 12:14:53', '', '0000-00-00 00:00:00'),
(280, 113000001, '-Improvements in third-party property', 'Improvements in third-party property', '', NULL, 4, 1, 0, 0, 'A', 1, NULL, NULL, 0, 0, 0, '0.00', '0.00', '', '0000-00-00 00:00:00', '', '0000-00-00 00:00:00'),
(281, 431000015, 'Ink', 'Generality Expenses', '', NULL, 4, 1, 0, 0, 'E', 1, NULL, NULL, 0, 0, 0, '0.00', '0.00', '', '0000-00-00 00:00:00', '', '0000-00-00 00:00:00'),
(282, 431000032, 'M Alastrahh', 'Generality Expenses', '', NULL, 4, 1, 0, 0, 'E', 1, NULL, NULL, 0, 0, 0, '0.00', '0.00', '', '0000-00-00 00:00:00', '', '0000-00-00 00:00:00'),
(283, 112000001, 'Medical equipment', 'Machinery and equipment', '', NULL, 4, 1, 0, 0, 'A', 1, NULL, NULL, 0, 0, 0, '0.00', '0.00', '', '0000-00-00 00:00:00', '', '0000-00-00 00:00:00'),
(284, 431000007, 'Medical insurance and treatment', 'Generality Expenses', '', NULL, 4, 1, 0, 0, 'E', 1, NULL, NULL, 0, 0, 0, '0.00', '0.00', '', '0000-00-00 00:00:00', '', '0000-00-00 00:00:00'),
(285, 261000014, 'Mgma Ahalak Thsenat Ka Mlk Alger', 'Depreciation compound', '', NULL, 4, 1, 1, 0, 'L', 1, NULL, NULL, 0, 0, 0, '0.00', '0.00', '', '0000-00-00 00:00:00', '', '0000-00-00 00:00:00'),
(286, 261000013, 'Mgma Msaref Altases', 'Depreciation compound', '', NULL, 4, 1, 1, 0, 'L', 1, NULL, NULL, 0, 0, 0, '0.00', '0.00', '', '0000-00-00 00:00:00', '', '0000-00-00 00:00:00'),
(289, 431000020, 'Moving & Relocation expenses', 'Generality Expenses', '', NULL, 4, 1, 0, 0, 'E', 1, NULL, NULL, 0, 0, 0, '0.00', '0.00', '', '0000-00-00 00:00:00', '', '0000-00-00 00:00:00'),
(290, 431000031, 'Msrwfat Alfela Skn Mmrdhat', 'Generality Expenses', '', NULL, 4, 1, 0, 0, 'E', 1, NULL, NULL, 0, 0, 0, '0.00', '0.00', '', '0000-00-00 00:00:00', '', '0000-00-00 00:00:00'),
(292, 223000003, 'Msrwfat Msthkha', 'Accrued expenses', '', NULL, 4, 1, 1, 0, 'L', 1, NULL, NULL, 0, 0, 0, '0.00', '0.00', '1', '2021-04-13 12:14:20', '', '0000-00-00 00:00:00'),
(293, 432000002, 'Municipality fees', 'Government fees expenses', '', NULL, 4, 1, 0, 0, 'E', 1, NULL, NULL, 0, 0, 0, '0.00', '0.00', '', '0000-00-00 00:00:00', '', '0000-00-00 00:00:00'),
(305, 433000001, 'Nurses housing expenses', 'Housing expenses', '', NULL, 4, 1, 1, 0, 'E', 1, NULL, NULL, 0, 0, 0, '0.00', '0.00', '', '0000-00-00 00:00:00', '', '0000-00-00 00:00:00'),
(306, 111000002, 'Nurses housing tools', 'Devices and instruments', '', NULL, 4, 1, 0, 0, 'A', 1, NULL, NULL, 0, 0, 0, '0.00', '0.00', '', '0000-00-00 00:00:00', '', '0000-00-00 00:00:00'),
(308, 111000005, 'PC', 'Devices and instruments', '', NULL, 4, 1, 0, 0, 'A', 1, NULL, NULL, 0, 0, 0, '0.00', '0.00', '', '0000-00-00 00:00:00', '', '0000-00-00 00:00:00'),
(309, 431000001, 'phon', 'Generality Expenses', '', NULL, 4, 1, 0, 0, 'E', 1, NULL, NULL, 0, 0, 0, '0.00', '0.00', '', '0000-00-00 00:00:00', '', '0000-00-00 00:00:00'),
(310, 232000002, 'Profit and loss stage', 'Equity capital', '', NULL, 4, 1, 1, 0, 'L', 1, NULL, NULL, 0, 0, 0, '0.00', '0.00', '1', '2021-04-13 12:20:31', '', '0000-00-00 00:00:00'),
(311, 431000014, 'Publications', 'Generality Expenses', '', NULL, 4, 1, 0, 0, 'E', 1, NULL, NULL, 0, 0, 0, '0.00', '0.00', '', '0000-00-00 00:00:00', '', '0000-00-00 00:00:00'),
(312, 431000027, 'Recovers patients', 'Generality Expenses', '', NULL, 4, 1, 0, 0, 'E', 1, NULL, NULL, 0, 0, 0, '0.00', '0.00', '', '0000-00-00 00:00:00', '', '0000-00-00 00:00:00'),
(313, 261000004, 'Refrigerator assemblies', 'Depreciation compound', '', NULL, 4, 1, 1, 0, 'L', 1, NULL, NULL, 0, 0, 0, '0.00', '0.00', '', '0000-00-00 00:00:00', '', '0000-00-00 00:00:00'),
(314, 111000006, 'Refrigerators', 'Devices and instruments', '', NULL, 4, 1, 0, 0, 'A', 1, NULL, NULL, 0, 0, 0, '0.00', '0.00', '', '0000-00-00 00:00:00', '', '0000-00-00 00:00:00'),
(315, 223000004, 'Rwatb Msthkh', 'Accrued expenses', '', NULL, 4, 1, 1, 0, 'L', 1, NULL, NULL, 0, 0, 0, '0.00', '0.00', '1', '2021-04-13 12:14:31', '', '0000-00-00 00:00:00'),
(316, 432000004, 'Social insurance', 'Government fees expenses', '', NULL, 4, 1, 0, 0, 'E', 1, NULL, NULL, 0, 0, 0, '0.00', '0.00', '', '0000-00-00 00:00:00', '', '0000-00-00 00:00:00'),
(317, 122000104, 'SOLEMAN   ALOBIED', 'Patients', '', NULL, 4, 1, 0, 1, 'A', 1, NULL, NULL, 0, 0, 0, '0.00', '0.00', '', '0000-00-00 00:00:00', '', '0000-00-00 00:00:00'),
(318, 431000019, 'Stationery', 'Generality Expenses', '', NULL, 4, 1, 0, 0, 'E', 1, NULL, NULL, 0, 0, 0, '0.00', '0.00', '', '0000-00-00 00:00:00', '', '0000-00-00 00:00:00'),
(319, 432000003, 'Stays fees', 'Government fees expenses', '', NULL, 4, 1, 0, 0, 'E', 1, NULL, NULL, 0, 0, 0, '0.00', '0.00', '', '0000-00-00 00:00:00', '', '0000-00-00 00:00:00'),
(321, 111000001, 'tools', 'Devices and instruments', '', NULL, 4, 1, 0, 0, 'A', 1, NULL, NULL, 0, 0, 0, '0.00', '0.00', '', '0000-00-00 00:00:00', '', '0000-00-00 00:00:00'),
(322, 431000016, 'Transportation', 'Generality Expenses', '', NULL, 4, 1, 0, 0, 'E', 1, NULL, NULL, 0, 0, 0, '0.00', '0.00', '', '0000-00-00 00:00:00', '', '0000-00-00 00:00:00'),
(323, 431000008, 'traveling tickets', 'Generality Expenses', '', NULL, 4, 1, 0, 0, 'E', 1, NULL, NULL, 0, 0, 0, '0.00', '0.00', '', '0000-00-00 00:00:00', '', '0000-00-00 00:00:00'),
(324, 431000023, 'TRENING', 'Generality Expenses', '', NULL, 4, 1, 0, 0, 'E', 1, NULL, NULL, 0, 0, 0, '0.00', '0.00', '', '0000-00-00 00:00:00', '', '0000-00-00 00:00:00'),
(325, 231000002, 'Twzea Arbah', 'Partners Account', '', NULL, 4, 1, 1, 0, 'L', 1, NULL, NULL, 0, 0, 0, '0.00', '0.00', '1', '2021-04-13 12:20:47', '', '0000-00-00 00:00:00'),
(326, 431000017, 'Uniforms', 'Generality Expenses', '', NULL, 4, 1, 0, 0, 'E', 1, NULL, NULL, 0, 0, 0, '0.00', '0.00', '', '0000-00-00 00:00:00', '', '0000-00-00 00:00:00'),
(327, 431000009, 'Vacation allowance', 'Generality Expenses', '', NULL, 4, 1, 0, 0, 'E', 1, NULL, NULL, 0, 0, 0, '0.00', '0.00', '', '0000-00-00 00:00:00', '', '0000-00-00 00:00:00'),
(328, 222000003, 'VAT Adjustment - Exports (VAE)', 'Accounts payable', '', NULL, 4, 1, 1, 0, 'L', 1, NULL, NULL, 0, 0, 0, '0.00', '0.00', '1', '2021-04-13 12:13:48', '', '0000-00-00 00:00:00'),
(329, 125000002, 'VAT Adjustment - Imports (VAI)', 'DebtorAssets', '', NULL, 4, 1, 1, 1, 'A', 1, NULL, NULL, 0, 0, 0, '0.00', '0.00', '', '0000-00-00 00:00:00', '', '0000-00-00 00:00:00'),
(330, 222000002, 'VAT Output Final (VO)', 'Accounts payable', '', NULL, 4, 1, 1, 0, 'L', 1, NULL, NULL, 0, 0, 0, '0.00', '0.00', '1', '2021-03-11 05:03:24', '', '0000-00-00 00:00:00'),
(331, 125000001, 'VAT Output Intermediate (VOI)', 'DebtorAssets', '', NULL, 4, 1, 1, 1, 'A', 1, NULL, NULL, 0, 0, 0, '0.00', '0.00', '', '0000-00-00 00:00:00', '', '0000-00-00 00:00:00'),
(332, 122000103, 'vip AREEJ ABDULAZIZ SOLEMAN ALOBIED', 'Patients', '', NULL, 4, 1, 0, 1, 'A', 1, NULL, NULL, 0, 0, 0, '0.00', '0.00', '', '0000-00-00 00:00:00', '', '0000-00-00 00:00:00'),
(333, 431000004, 'waters', 'Generality Expenses', '', NULL, 4, 1, 0, 0, 'E', 1, NULL, NULL, 0, 0, 0, '0.00', '0.00', '', '0000-00-00 00:00:00', '', '0000-00-00 00:00:00'),
(335, 432000007, 'zaka', 'Government fees expenses', '', NULL, 4, 1, 0, 0, 'E', 1, NULL, NULL, 0, 0, 0, '0.00', '0.00', '', '0000-00-00 00:00:00', '', '0000-00-00 00:00:00'),
(363, 222, 'Accounts payable', 'CurrentLiabilities', '', NULL, 2, 1, 0, 1, 'L', 1, NULL, NULL, 0, 0, 0, '0.00', '0.00', '1', '2021-03-02 14:25:03', '', '0000-00-00 00:00:00'),
(364, 223, 'Accrued expenses', 'CurrentLiabilities', '', NULL, 2, 1, 0, 1, 'L', 1, NULL, NULL, 0, 0, 0, '0.00', '0.00', '1', '2021-04-07 18:34:02', '', '0000-00-00 00:00:00'),
(365, 4371, 'Asset Firefighting', 'Firefighting', '', NULL, 3, 1, 1, 0, 'E', 1, NULL, NULL, 0, 0, 0, '0.00', '0.00', '', '0000-00-00 00:00:00', '', '0000-00-00 00:00:00'),
(366, 1, 'Assets', 'Chart Of Accounts', '', '', 0, 1, 0, 1, 'A', 1, NULL, NULL, 0, 0, 0, '0.00', '0.00', '1', '2021-04-07 18:41:12', '', '0000-00-00 00:00:00'),
(367, 1212, 'Cash At Bank', 'Assets', '', NULL, 3, 1, 0, 1, 'A', 7, NULL, NULL, 0, 0, 0, '0.00', '0.00', '1', '2021-12-09 12:43:22', '', '0000-00-00 00:00:00'),
(369, 4361, 'Basic needs clincs', 'Basic needs clincs', '', NULL, 3, 1, 0, 0, 'E', 1, NULL, NULL, 0, 0, 0, '0.00', '0.00', '', '0000-00-00 00:00:00', '', '0000-00-00 00:00:00'),
(370, 213, 'CapitalReserve', 'FixedLiabilities', '', NULL, 2, 1, 0, 1, 'L', 1, NULL, NULL, 0, 0, 0, '0.00', '0.00', '', '0000-00-00 00:00:00', '', '0000-00-00 00:00:00'),
(371, 211, 'Capitals', 'FixedLiabilities', '', NULL, 2, 1, 1, 0, 'L', 1, NULL, NULL, 0, 0, 0, '0.00', '0.00', '1', '2021-04-13 12:19:18', '', '0000-00-00 00:00:00'),
(373, 121, 'CashAssets', 'CurrentAssets', '', NULL, 2, 1, 0, 1, 'A', 1, NULL, NULL, 0, 0, 0, '0.00', '0.00', '1', '2021-03-02 14:35:52', '', '0000-00-00 00:00:00'),
(374, 1211, 'CashBoxes', 'CashAssets', '', NULL, 3, 1, 0, 1, 'A', 1, NULL, NULL, 0, 0, 0, '0.00', '0.00', '1', '2020-12-30 16:48:06', '', '0000-00-00 00:00:00'),
(375, 1253, 'Checks', 'DebtorAssets', '', NULL, 3, 1, 1, 1, 'A', 1, NULL, NULL, 0, 0, 0, '0.00', '0.00', '', '0000-00-00 00:00:00', '', '0000-00-00 00:00:00'),
(376, 124, 'ClosingStockPrimary', 'CurrentAssets', '', NULL, 2, 1, 0, 1, 'A', 1, NULL, NULL, 0, 0, 0, '0.00', '0.00', '1', '2021-04-13 12:08:34', '', '0000-00-00 00:00:00'),
(378, 123, 'Companys', 'CurrentAssets', '', NULL, 2, 1, 0, 1, 'A', 1, NULL, NULL, 0, 0, 0, '0.00', '0.00', '1', '2021-04-13 12:08:43', '', '0000-00-00 00:00:00'),
(379, 221, 'Creditor', 'CurrentLiabilities', '', NULL, 2, 1, 1, 0, 'L', 1, NULL, NULL, 0, 0, 0, '0.00', '0.00', '1', '2021-04-13 12:14:41', '', '0000-00-00 00:00:00'),
(380, 100003, 'CurrentAssets', 'Assets', '', NULL, 1, 1, 0, 1, 'A', 7, NULL, NULL, 0, 0, 0, '0.00', '0.00', '1', '2021-05-25 16:14:00', '', '0000-00-00 00:00:00'),
(381, 200001, 'CurrentLiabilities', 'Liabilities', '', NULL, 1, 1, 0, 1, 'L', 1, NULL, NULL, 0, 0, 0, '0.00', '0.00', '1', '2021-04-07 18:40:44', '', '0000-00-00 00:00:00'),
(382, 126, 'Custody of workers', 'CurrentAssets', '', NULL, 2, 1, 0, 1, 'A', 1, NULL, NULL, 0, 0, 0, '0.00', '0.00', '1', '2021-04-13 12:08:53', '', '0000-00-00 00:00:00'),
(383, 125, 'DebtorAssets', 'CurrentAssets', '', NULL, 2, 1, 0, 1, 'A', 1, NULL, NULL, 0, 0, 0, '0.00', '0.00', '1', '2021-03-06 14:01:10', '', '0000-00-00 00:00:00'),
(386, 261, 'Depreciation compound', 'Other opponents', '', NULL, 2, 1, 1, 0, 'L', 1, NULL, NULL, 0, 0, 0, '0.00', '0.00', '', '0000-00-00 00:00:00', '', '0000-00-00 00:00:00'),
(387, 44, 'DepreciationOfFixedAsset', 'Expenses', '', NULL, 1, 1, 1, 0, 'E', 1, NULL, NULL, 0, 0, 0, '0.00', '0.00', '1', '2021-04-13 11:59:30', '', '0000-00-00 00:00:00'),
(393, 4342, 'Equipment maintenance and software expenses', 'Maintenance expenses', '', NULL, 3, 1, 1, 0, 'E', 1, NULL, NULL, 0, 0, 0, '0.00', '0.00', '', '0000-00-00 00:00:00', '', '0000-00-00 00:00:00'),
(394, 232, 'Equity capital', 'Partners rights', '', NULL, 2, 1, 0, 1, 'L', 1, NULL, NULL, 0, 0, 0, '0.00', '0.00', '', '0000-00-00 00:00:00', '', '0000-00-00 00:00:00'),
(395, 4, 'Expenses', 'Chart Of Accounts', '', NULL, 0, 1, 0, 1, 'E', 1, NULL, NULL, 0, 0, 0, '0.00', '0.00', '1', '2021-04-07 18:32:59', '', '0000-00-00 00:00:00'),
(396, 128, 'Expenses paid in advance', 'CurrentAssets', '', NULL, 2, 1, 0, 1, 'A', 1, NULL, NULL, 0, 0, 0, '0.00', '0.00', '', '0000-00-00 00:00:00', '', '0000-00-00 00:00:00'),
(397, 212, 'Financiers', 'FixedLiabilities', '', NULL, 2, 1, 1, 0, 'L', 1, NULL, NULL, 0, 0, 0, '0.00', '0.00', '1', '2021-04-13 12:19:11', '', '0000-00-00 00:00:00'),
(399, 11, 'FixedAssets', 'Assets', '', NULL, 1, 1, 0, 1, 'A', 7, NULL, NULL, 0, 0, 0, '0.00', '0.00', '1', '2021-04-07 18:32:39', '', '0000-00-00 00:00:00'),
(400, 21, 'FixedLiabilities', 'Liabilities', '', NULL, 1, 1, 0, 1, 'L', 1, NULL, NULL, 0, 0, 0, '0.00', '0.00', '1', '2021-04-07 18:34:16', '', '0000-00-00 00:00:00'),
(402, 431, 'Generality Expenses', 'Generality Expenses', '', NULL, 2, 1, 0, 0, 'E', 1, NULL, NULL, 0, 0, 0, '0.00', '0.00', '', '0000-00-00 00:00:00', '', '0000-00-00 00:00:00'),
(404, 432, 'Government fees expenses', 'Government fees expenses', '', NULL, 2, 1, 0, 0, 'E', 1, NULL, NULL, 0, 0, 0, '0.00', '0.00', '', '0000-00-00 00:00:00', '', '0000-00-00 00:00:00'),
(407, 3, 'Incoms', 'Chart Of Accounts', '', NULL, 0, 1, 0, 1, 'I', 1, NULL, NULL, 0, 0, 0, '0.00', '0.00', '1', '2021-03-06 13:41:15', '', '0000-00-00 00:00:00'),
(408, 2, 'Liabilities', 'Chart Of Accounts', '', NULL, 0, 1, 0, 0, 'L', 1, NULL, NULL, 0, 0, 0, '0.00', '0.00', '', '0000-00-00 00:00:00', '', '0000-00-00 00:00:00'),
(409, 226, 'Loans', 'CurrentLiabilities', '', NULL, 2, 1, 0, 1, 'L', 1, NULL, NULL, 0, 0, 0, '0.00', '0.00', '1', '2021-03-02 14:25:15', '', '0000-00-00 00:00:00'),
(410, 24, 'Long-term liabilities', 'Liabilities', '', NULL, 1, 1, 1, 0, 'L', 1, NULL, NULL, 0, 0, 0, '0.00', '0.00', '1', '2021-04-13 12:19:29', '', '0000-00-00 00:00:00'),
(412, 4343, 'Maintenance Center building expenses', 'Maintenance expenses', '', NULL, 3, 1, 1, 0, 'E', 1, NULL, NULL, 0, 0, 0, '0.00', '0.00', '', '0000-00-00 00:00:00', '', '0000-00-00 00:00:00'),
(414, 4341, 'Medical equipment maintenance expenses', 'Maintenance expenses', '', NULL, 3, 1, 1, 0, 'E', 1, NULL, NULL, 0, 0, 0, '0.00', '0.00', '', '0000-00-00 00:00:00', '', '0000-00-00 00:00:00'),
(415, 26, 'Other opponents', 'Liabilities', '', NULL, 1, 1, 0, 1, 'L', 1, NULL, NULL, 0, 0, 0, '0.00', '0.00', '1', '2021-04-07 18:34:28', '', '0000-00-00 00:00:00'),
(417, 231, 'Partners Account', 'Partners rights', '', NULL, 2, 1, 0, 1, 'L', 1, NULL, NULL, 0, 0, 0, '0.00', '0.00', '', '0000-00-00 00:00:00', '', '0000-00-00 00:00:00'),
(418, 23, 'Partners rights', 'Liabilities', '', NULL, 1, 1, 0, 1, 'L', 1, NULL, NULL, 0, 0, 0, '0.00', '0.00', '1', '2021-04-07 18:34:34', '', '0000-00-00 00:00:00'),
(420, 225, 'Provisions', 'CurrentLiabilities', '', NULL, 2, 1, 0, 1, 'L', 1, NULL, NULL, 0, 0, 0, '0.00', '0.00', '', '0000-00-00 00:00:00', '', '0000-00-00 00:00:00'),
(423, 127, 'Receivables', 'CurrentAssets', '', NULL, 2, 1, 0, 1, 'A', 1, NULL, NULL, 0, 0, 0, '0.00', '0.00', '1', '2021-03-02 14:36:02', '', '0000-00-00 00:00:00'),
(426, 31, 'Sales', 'Incoms', '', NULL, 1, 1, 0, 1, 'I', 1, NULL, NULL, 0, 0, 0, '0.00', '0.00', '1', '2021-04-07 18:33:13', '', '0000-00-00 00:00:00'),
(429, 2211, 'Suppliers', 'CurrentLiabilities', '', NULL, 3, 1, 1, 0, 'L', 1, NULL, NULL, 0, 0, 0, '0.00', '0.00', '1', '2021-03-02 14:39:33', '', '0000-00-00 00:00:00'),
(432, 224, 'Wages owed', 'CurrentLiabilities', '', NULL, 2, 1, 0, 1, 'L', 1, NULL, NULL, 0, 0, 0, '0.00', '0.00', '', '0000-00-00 00:00:00', '', '0000-00-00 00:00:00'),
(435, 122000105, 'sdasdasdasd3', 'Patients', 'sdasdasdasd3', 'asdasdasda', 4, 1, 0, 1, 'A', 1, NULL, NULL, 0, 0, 0, '0.00', '0.00', '1', '2021-01-10 19:47:48', '', '0000-00-00 00:00:00'),
(438, 221100127, 'Aamal Mwgan', 'Suppliers', 'Aamal Mwgan', 'Aamal Mwgan', 4, 0, 1, 0, 'L', 1, NULL, NULL, 0, 0, 0, '0.00', '0.00', '1', '2021-09-05 08:42:54', '', '0000-00-00 00:00:00'),
(440, 122000106, 'Smith', 'Patients', 'Smith', 'smith', 4, 1, 0, 1, 'A', 1, NULL, NULL, 0, 0, 0, '0.00', '0.00', '5', '2021-01-20 18:46:12', '', '0000-00-00 00:00:00'),
(441, 122000107, 'Abu Tabil', 'Patients', 'Abu Tabil', 'Abu Tabil', 4, 1, 1, 0, 'A', 1, NULL, NULL, 0, 0, 0, '0.00', '0.00', '1', '2021-03-02 14:53:33', '', '0000-00-00 00:00:00'),
(442, 221100128, 'sdasdas', 'Suppliers', 'sdasdas', 'dasdasd', 4, 1, 1, 0, 'L', 1, NULL, NULL, 0, 0, 0, '0.00', '0.00', '1', '2021-01-25 20:17:16', '', '0000-00-00 00:00:00'),
(443, 122000108, 'Hossain', 'Patients', 'Hossain', 'hossain', 4, 1, 0, 1, 'A', 1, NULL, NULL, 0, 0, 0, '0.00', '0.00', '1', '2021-01-25 20:46:54', '', '0000-00-00 00:00:00'),
(444, 122000109, 'Jafor', 'Patients', 'Jafor', 'jafor', 4, 1, 0, 1, 'A', 1, NULL, NULL, 0, 0, 0, '0.00', '0.00', '5', '2021-01-26 16:55:35', '', '0000-00-00 00:00:00'),
(446, 221100129, 'Supplier_1', 'Suppliers', 'Supplier_1', 'Supplier_1', 4, 1, 1, 0, 'L', 1, NULL, NULL, 0, 0, 0, '0.00', '0.00', '5', '2021-01-27 20:06:43', '', '0000-00-00 00:00:00'),
(447, 221100130, 'Suplia', 'Suppliers', 'Suplia', 'suplia', 4, 1, 1, 0, 'L', 1, NULL, NULL, 0, 0, 0, '0.00', '0.00', '5', '2021-01-27 20:17:34', '', '0000-00-00 00:00:00'),
(448, 221100131, 'suplor', 'Suppliers', 'suplor', 'suplor', 4, 1, 1, 0, 'L', 1, NULL, NULL, 0, 0, 0, '0.00', '0.00', '1', '2021-01-27 20:55:10', '', '0000-00-00 00:00:00'),
(449, 122000110, 'Arifa', 'Patients', 'Arifa', 'arifa', 4, 1, 0, 1, 'A', 1, NULL, NULL, 0, 0, 0, '0.00', '0.00', '5', '2021-01-31 16:52:28', '', '0000-00-00 00:00:00'),
(450, 122000111, 'Jason', 'Patients', 'Jason', 'jsaon', 4, 1, 0, 1, 'A', 1, NULL, NULL, 0, 0, 0, '0.00', '0.00', '5', '2021-02-10 13:36:51', '', '0000-00-00 00:00:00'),
(451, 122000112, 'jabed', 'Patients', 'jabed', 'hassan', 4, 1, 0, 1, 'A', 1, NULL, NULL, 0, 0, 0, '0.00', '0.00', '5', '2021-02-10 16:46:39', '', '0000-00-00 00:00:00'),
(452, 122000113, 'jalal', 'Patients', 'jalal', 'aber', 4, 1, 0, 1, 'A', 1, NULL, NULL, 0, 0, 0, '0.00', '0.00', '5', '2021-02-10 16:52:32', '', '0000-00-00 00:00:00'),
(456, 122000114, 'Nelson', 'Patients', 'Nelson', 'nelson', 4, 1, 0, 1, 'A', 1, NULL, NULL, 0, 0, 0, '0.00', '0.00', '5', '2021-02-25 12:29:45', '', '0000-00-00 00:00:00'),
(457, 122000115, 'Kamal', 'Patients', 'Kamal', 'kamal', 4, 1, 1, 1, 'A', 1, NULL, NULL, 0, 0, 0, '0.00', '0.00', '5', '2021-03-03 12:31:28', '', '0000-00-00 00:00:00'),
(458, 221100132, 'New_sup', 'Suppliers', 'New_sup', 'new_sup', 4, 1, 1, 0, 'L', 1, NULL, NULL, 0, 0, 0, '0.00', '0.00', '5', '2021-03-03 15:26:03', '', '0000-00-00 00:00:00'),
(459, 122000116, 'Jasim', 'Patients', 'Jasim', 'jasim', 4, 1, 1, 1, 'A', 1, NULL, NULL, 0, 0, 0, '0.00', '0.00', '1', '2021-03-06 19:25:14', '', '0000-00-00 00:00:00'),
(460, 122000117, 'Rahim', 'Patients', 'Rahim', 'rahim', 4, 1, 1, 1, 'A', 1, NULL, NULL, 0, 0, 0, '0.00', '0.00', '1', '2021-03-06 19:31:24', '', '0000-00-00 00:00:00'),
(461, 221100133, 'Suppl_001', 'Suppliers', 'Suppl_001', 'suppl_001', 4, 1, 1, 0, 'L', 1, NULL, NULL, 0, 0, 0, '0.00', '0.00', '1', '2021-03-06 19:50:38', '', '0000-00-00 00:00:00'),
(467, 122000118, 'rtyry', 'Patients', 'rtyry', 'rtyryr', 4, 1, 1, 1, 'A', 1, NULL, NULL, 0, 0, 0, '0.00', '0.00', '1', '2021-04-03 09:34:26', '', '0000-00-00 00:00:00'),
(468, 122000119, 'Yeasmeen', 'Patients', 'Yeasmeen', 'rashas', 4, 1, 1, 1, 'A', 1, NULL, NULL, 0, 0, 0, '0.00', '0.00', '1', '2021-04-07 12:22:49', '', '0000-00-00 00:00:00'),
(469, 122000120, 'babu', 'Patients', 'babu', 'babu', 4, 1, 1, 0, 'A', 1, NULL, NULL, 0, 0, 0, '0.00', '0.00', '1', '2021-04-10 12:25:11', '', '0000-00-00 00:00:00'),
(470, 122000121, 'Asam', 'Patients', 'Asam', 'asam', 4, 1, 1, 0, 'A', 1, NULL, NULL, 0, 0, 0, '0.00', '0.00', '1', '2021-04-10 15:09:20', '', '0000-00-00 00:00:00'),
(471, 122000122, 'werwr', 'Patients', 'werwr', 'werwer', 4, 1, 1, 0, 'A', 1, NULL, NULL, 0, 0, 0, '0.00', '0.00', '1', '2021-04-12 07:01:22', '', '0000-00-00 00:00:00'),
(474, 122000123, 'Test patient', 'Patients', 'Test patient', 'Test patient', 4, 1, 1, 0, 'A', 1, NULL, NULL, 0, 0, 0, '0.00', '0.00', '1', '2021-04-25 23:35:17', '', '0000-00-00 00:00:00'),
(476, 122000466, 'Alice', 'Patients', 'Alice', 'Alice', 4, 1, 1, 0, 'A', 1, NULL, NULL, 0, 0, 0, '0.00', '0.00', '1', '2021-06-10 08:45:02', '', '0000-00-00 00:00:00'),
(478, 122000468, 'test', 'Patients', 'test', 'test', 4, 1, 1, 0, 'A', 1, NULL, NULL, 0, 0, 0, '0.00', '0.00', '1', '2021-07-01 10:29:02', '', '0000-00-00 00:00:00'),
(484, 227, 'Employee Ledger', 'CurrentLiabilities', '', NULL, 2, 1, 0, 1, 'L', 7, NULL, NULL, 0, 0, 0, '0.00', '0.00', '1', '2021-12-04 09:41:10', '', '0000-00-00 00:00:00'),
(485, 227000001, '2-MdMainul', 'Employee Ledger', '', NULL, 3, 1, 1, 0, 'L', 1, 2, NULL, 0, 0, 0, '0.00', '0.00', '1', '2021-12-04 10:31:51', '', '0000-00-00 00:00:00'),
(486, 227000002, '3-MonirulIslam', 'Employee Ledger', '', NULL, 3, 1, 1, 0, 'L', 7, 3, NULL, 0, 0, 0, '0.00', '0.00', '1', '2021-12-05 13:57:52', '', '0000-00-00 00:00:00'),
(489, 227000003, '-Mahbubur Rahman', 'Employee Ledger', '', NULL, 3, 1, 1, 0, 'L', 7, 0, NULL, 0, 0, 0, '0.00', '0.00', '1', '2021-12-07 15:22:20', '', '0000-00-00 00:00:00'),
(490, 227000004, '5-Md Labib', 'Employee Ledger', '', NULL, 3, 1, 1, 0, 'L', 7, 5, NULL, 0, 0, 0, '0.00', '0.00', '1', '2021-12-07 15:24:47', '', '0000-00-00 00:00:00'),
(491, 13, 'Electric(Goods)', 'Assets', '', NULL, 1, 1, 0, 1, 'A', 7, NULL, NULL, 0, 0, 0, '0.00', '0.00', '1', '2021-12-09 13:27:19', '', '0000-00-00 00:00:00'),
(492, 14, 'Sanitary Goods', 'Assets', '', NULL, 1, 1, 0, 1, 'A', 7, NULL, NULL, 0, 0, 0, '0.00', '0.00', '1', '2021-12-09 13:29:10', '', '0000-00-00 00:00:00'),
(493, 15, 'Cutleries & Crokaries', 'Assets', '', NULL, 1, 1, 0, 1, 'A', 7, NULL, NULL, 0, 0, 0, '0.00', '0.00', '1', '2021-12-09 13:30:34', '', '0000-00-00 00:00:00'),
(494, 16, 'Bank Guarantee(BG)', 'Assets', '', NULL, 1, 1, 0, 1, 'A', 7, NULL, NULL, 0, 0, 0, '0.00', '0.00', '1', '2021-12-09 13:31:14', '', '0000-00-00 00:00:00'),
(495, 17, 'Land', 'Assets', '', NULL, 1, 1, 0, 1, 'A', 7, NULL, NULL, 0, 0, 0, '0.00', '0.00', '1', '2021-12-09 13:31:38', '', '0000-00-00 00:00:00'),
(496, 18, 'Advance Against work', 'Assets', '', NULL, 1, 1, 0, 1, 'A', 7, NULL, NULL, 0, 0, 0, '0.00', '0.00', '1', '2021-12-09 13:33:49', '', '0000-00-00 00:00:00'),
(497, 1800001, 'Petty Cash', 'Advance Against work', '', NULL, 2, 1, 0, 1, 'A', 7, NULL, NULL, 0, 0, 0, '0.00', '0.00', '1', '2021-12-09 13:34:16', '', '0000-00-00 00:00:00'),
(498, 1800002, 'Web space IT', 'Advance Against work', '', NULL, 2, 1, 0, 1, 'A', 7, NULL, NULL, 0, 0, 0, '0.00', '0.00', '1', '2021-12-09 13:34:38', '', '0000-00-00 00:00:00'),
(499, 1800003, 'REB', 'Advance Against work', '', NULL, 2, 1, 0, 1, 'A', 7, NULL, NULL, 0, 0, 0, '0.00', '0.00', '1', '2021-12-09 13:34:57', '', '0000-00-00 00:00:00'),
(500, 1800004, 'Project', 'Advance Against work', '', NULL, 2, 1, 0, 1, 'A', 7, NULL, NULL, 0, 0, 0, '0.00', '0.00', '1', '2021-12-09 13:35:15', '', '0000-00-00 00:00:00'),
(501, 19, 'CapitalMachinariesThroughLCAwilaZamillSteel&Muyang', 'Assets', '', NULL, 1, 1, 0, 1, 'A', 7, NULL, NULL, 0, 0, 0, '0.00', '0.00', '1', '2021-12-09 13:43:06', '', '0000-00-00 00:00:00'),
(504, 1900001, 'LC Expenses (LC paper, Stamp etc)', 'CapitalMachinariesThroughLCAwilaZamillSteel&Muyang', '', NULL, 2, 1, 0, 1, 'A', 7, NULL, NULL, 0, 0, 0, '0.00', '0.00', '1', '2021-12-09 13:44:00', '', '0000-00-00 00:00:00'),
(505, 1900002, 'Swipt Change', 'CapitalMachinariesThroughLCAwilaZamillSteel&Muyang', '', NULL, 2, 1, 0, 1, 'A', 7, NULL, NULL, 0, 0, 0, '0.00', '0.00', '1', '2021-12-09 13:44:20', '', '0000-00-00 00:00:00'),
(506, 1900003, 'VAT Debit', 'CapitalMachinariesThroughLCAwilaZamillSteel&Muyang', '', NULL, 2, 1, 0, 1, 'A', 7, NULL, NULL, 0, 0, 0, '0.00', '0.00', '1', '2021-12-09 13:44:35', '', '0000-00-00 00:00:00'),
(507, 1900004, 'Demurrage-Shipping', 'CapitalMachinariesThroughLCAwilaZamillSteel&Muyang', '', NULL, 2, 1, 0, 1, 'A', 7, NULL, NULL, 0, 0, 0, '0.00', '0.00', '1', '2021-12-09 13:44:50', '', '0000-00-00 00:00:00'),
(508, 1900005, 'Demurrage-Port', 'CapitalMachinariesThroughLCAwilaZamillSteel&Muyang', '', NULL, 2, 1, 0, 1, 'A', 7, NULL, NULL, 0, 0, 0, '0.00', '0.00', '1', '2021-12-09 13:45:17', '', '0000-00-00 00:00:00'),
(509, 1900006, 'PSI', 'CapitalMachinariesThroughLCAwilaZamillSteel&Muyang', '', NULL, 2, 1, 0, 1, 'A', 7, NULL, NULL, 0, 0, 0, '0.00', '0.00', '1', '2021-12-09 13:45:35', '', '0000-00-00 00:00:00'),
(510, 1900007, 'Amendment Cost', 'CapitalMachinariesThroughLCAwilaZamillSteel&Muyang', '', NULL, 2, 1, 0, 1, 'A', 7, NULL, NULL, 0, 0, 0, '0.00', '0.00', '1', '2021-12-09 13:45:49', '', '0000-00-00 00:00:00');
INSERT INTO `acc_coa` (`id`, `HeadCode`, `HeadName`, `PHeadName`, `nameE`, `nameA`, `HeadLevel`, `IsActive`, `IsTransaction`, `IsGL`, `HeadType`, `branch_id`, `employee_id`, `dealer_id`, `goods_store_id`, `IsBudget`, `IsDepreciation`, `DepreciationRate`, `balance`, `CreateBy`, `CreateDate`, `UpdateBy`, `UpdateDate`) VALUES
(512, 1900008, 'Insurance', 'CapitalMachinariesThroughLCAwilaZamillSteel&Muyang', '', NULL, 2, 1, 0, 1, 'A', 7, NULL, NULL, 0, 0, 0, '0.00', '0.00', '1', '2021-12-09 13:47:10', '', '0000-00-00 00:00:00'),
(513, 1900009, 'Custom\'s Duty & taxes', 'CapitalMachinariesThroughLCAwilaZamillSteel&Muyang', '', NULL, 2, 1, 0, 1, 'A', 7, NULL, NULL, 0, 0, 0, '0.00', '0.00', '1', '2021-12-09 13:47:21', '', '0000-00-00 00:00:00'),
(514, 1900010, 'BL Verification Fee', 'CapitalMachinariesThroughLCAwilaZamillSteel&Muyang', '', NULL, 2, 1, 0, 1, 'A', 7, NULL, NULL, 0, 0, 0, '0.00', '0.00', '1', '2021-12-09 13:47:41', '', '0000-00-00 00:00:00'),
(515, 1900011, 'C & F Charges', 'CapitalMachinariesThroughLCAwilaZamillSteel&Muyang', '', NULL, 2, 1, 0, 1, 'A', 7, NULL, NULL, 0, 0, 0, '0.00', '0.00', '1', '2021-12-09 13:47:55', '', '0000-00-00 00:00:00'),
(516, 1900012, 'Truck Charge', 'CapitalMachinariesThroughLCAwilaZamillSteel&Muyang', '', NULL, 2, 1, 0, 1, 'A', 7, NULL, NULL, 0, 0, 0, '0.00', '0.00', '1', '2021-12-09 13:48:09', '', '0000-00-00 00:00:00'),
(517, 1900013, 'Adjustment/Discount from C&F', 'CapitalMachinariesThroughLCAwilaZamillSteel&Muyang', '', NULL, 2, 1, 0, 1, 'A', 7, NULL, NULL, 0, 0, 0, '0.00', '0.00', '1', '2021-12-09 13:48:24', '', '0000-00-00 00:00:00'),
(518, 1900014, 'Capital M Zamill steel', 'CapitalMachinariesThroughLCAwilaZamillSteel&Muyang', '', NULL, 2, 1, 0, 1, 'A', 7, NULL, NULL, 0, 0, 0, '0.00', '0.00', '1', '2021-12-09 13:48:40', '', '0000-00-00 00:00:00'),
(519, 1900015, 'Capital M Awila', 'CapitalMachinariesThroughLCAwilaZamillSteel&Muyang', '', NULL, 2, 1, 0, 1, 'A', 7, NULL, NULL, 0, 0, 0, '0.00', '0.00', '1', '2021-12-09 13:48:55', '', '0000-00-00 00:00:00'),
(520, 1900016, '4C, Amendment cost', 'CapitalMachinariesThroughLCAwilaZamillSteel&Muyang', '', NULL, 2, 1, 0, 1, 'A', 7, NULL, NULL, 0, 0, 0, '0.00', '0.00', '1', '2021-12-09 13:49:07', '', '0000-00-00 00:00:00'),
(521, 1900017, 'Fuel Cost', 'CapitalMachinariesThroughLCAwilaZamillSteel&Muyang', '', NULL, 2, 1, 0, 1, 'A', 7, NULL, NULL, 0, 0, 0, '0.00', '0.00', '1', '2021-12-09 13:49:19', '', '0000-00-00 00:00:00'),
(522, 1900018, 'R/M cost', 'CapitalMachinariesThroughLCAwilaZamillSteel&Muyang', '', NULL, 2, 1, 0, 1, 'A', 7, NULL, NULL, 0, 0, 0, '0.00', '0.00', '1', '2021-12-09 13:49:31', '', '0000-00-00 00:00:00'),
(523, 1900019, 'Furniture ', 'CapitalMachinariesThroughLCAwilaZamillSteel&Muyang', '', NULL, 2, 1, 0, 1, 'A', 7, NULL, NULL, 0, 0, 0, '0.00', '0.00', '1', '2021-12-09 13:50:22', '', '0000-00-00 00:00:00'),
(524, 1900020, 'crockrices', 'CapitalMachinariesThroughLCAwilaZamillSteel&Muyang', '', NULL, 2, 1, 0, 1, 'A', 7, NULL, NULL, 0, 0, 0, '0.00', '0.00', '1', '2021-12-09 13:50:38', '', '0000-00-00 00:00:00'),
(525, 20, 'Inventory', 'Assets', '', NULL, 1, 1, 1, 1, 'A', 7, NULL, NULL, 0, 0, 0, '0.00', '0.00', '1', '2022-02-24 17:36:04', '', '0000-00-00 00:00:00'),
(528, 2000003, 'Water Stopper', 'OtherCapitalExpenditure', '', NULL, 2, 1, 0, 0, 'A', 7, NULL, NULL, 0, 0, 0, '0.00', '0.00', '1', '2021-12-09 14:04:35', '', '0000-00-00 00:00:00'),
(529, 2000004, 'Angle', 'OtherCapitalExpenditure', '', NULL, 2, 1, 0, 0, 'A', 7, NULL, NULL, 0, 0, 0, '0.00', '0.00', '1', '2021-12-09 14:06:33', '', '0000-00-00 00:00:00'),
(530, 2000005, 'Water proofing membrene', 'OtherCapitalExpenditure', '', NULL, 2, 1, 0, 0, 'A', 7, NULL, NULL, 0, 0, 0, '0.00', '0.00', '1', '2021-12-09 14:09:32', '', '0000-00-00 00:00:00'),
(531, 2000006, 'Utility professionals', 'OtherCapitalExpenditure', '', NULL, 2, 1, 0, 0, 'A', 7, NULL, NULL, 0, 0, 0, '0.00', '0.00', '1', '2021-12-09 15:23:59', '', '0000-00-00 00:00:00'),
(532, 2000007, 'Door Frame', 'Civil Construction', '', NULL, 2, 1, 0, 1, 'A', 7, NULL, NULL, 0, 0, 0, '0.00', '0.00', '1', '2021-12-09 13:52:31', '', '0000-00-00 00:00:00'),
(533, 2000008, 'Daily Labor', 'Civil Construction', '', NULL, 2, 1, 0, 1, 'A', 7, NULL, NULL, 0, 0, 0, '0.00', '0.00', '1', '2021-12-09 13:52:43', '', '0000-00-00 00:00:00'),
(535, 2000001, 'MS plate', 'OtherCapitalExpenditure', '', NULL, 2, 1, 0, 0, 'A', 7, NULL, NULL, 0, 0, 0, '0.00', '0.00', '1', '2021-12-09 14:03:56', '', '0000-00-00 00:00:00'),
(536, 2000002, 'Anchor Bolt', 'OtherCapitalExpenditure', '', NULL, 2, 1, 0, 0, 'A', 7, NULL, NULL, 0, 0, 0, '0.00', '0.00', '1', '2021-12-09 14:04:17', '', '0000-00-00 00:00:00'),
(537, 2000007, 'Substation', 'OtherCapitalExpenditure', '', NULL, 2, 1, 1, 0, 'A', 7, NULL, NULL, 0, 0, 0, '0.00', '0.00', '1', '2021-12-09 15:26:36', '', '0000-00-00 00:00:00'),
(538, 2000008, 'Electric line transmission', 'OtherCapitalExpenditure', '', NULL, 2, 1, 1, 0, 'A', 7, NULL, NULL, 0, 0, 0, '0.00', '0.00', '1', '2021-12-09 15:26:36', '', '0000-00-00 00:00:00'),
(539, 2000009, 'hardware material', 'OtherCapitalExpenditure', '', NULL, 2, 1, 1, 0, 'A', 7, NULL, NULL, 0, 0, 0, '0.00', '0.00', '1', '2021-12-09 15:30:33', '', '0000-00-00 00:00:00'),
(540, 45, 'Project Overhead', 'Expenses', '', NULL, 1, 1, 0, 1, 'E', 7, NULL, NULL, 0, 0, 0, '0.00', '0.00', '1', '2021-12-09 15:46:32', '', '0000-00-00 00:00:00'),
(541, 46, 'Head office overhead', 'Expenses', '', NULL, 1, 1, 0, 1, 'E', 7, NULL, NULL, 0, 0, 0, '0.00', '0.00', '1', '2021-12-09 15:46:54', '', '0000-00-00 00:00:00'),
(542, 47, 'Professional Fees', 'Expenses', '', NULL, 1, 1, 0, 1, 'E', 7, NULL, NULL, 0, 0, 0, '0.00', '0.00', '1', '2021-12-09 15:47:16', '', '0000-00-00 00:00:00'),
(543, 48, 'License & renewals', 'Expenses', '', NULL, 1, 1, 0, 1, 'E', 7, NULL, NULL, 0, 0, 0, '0.00', '0.00', '1', '2021-12-09 15:47:33', '', '0000-00-00 00:00:00'),
(544, 400001, 'Promotional Cost', 'Expenses', '', NULL, 1, 1, 0, 1, 'E', 7, NULL, NULL, 0, 0, 0, '0.00', '0.00', '1', '2021-12-09 15:47:57', '', '0000-00-00 00:00:00'),
(545, 4500001, 'House Rent', 'Project Overhead', '', NULL, 2, 1, 0, 1, 'E', 7, NULL, NULL, 0, 0, 0, '0.00', '0.00', '1', '2021-12-09 15:48:27', '', '0000-00-00 00:00:00'),
(546, 4500002, 'Salary', 'Project Overhead', '', NULL, 2, 1, 0, 1, 'E', 7, NULL, NULL, 0, 0, 0, '0.00', '0.00', '1', '2021-12-09 15:48:46', '', '0000-00-00 00:00:00'),
(547, 4500003, 'Conveyance', 'Project Overhead', '', NULL, 2, 1, 0, 1, 'E', 7, NULL, NULL, 0, 0, 0, '0.00', '0.00', '1', '2021-12-09 15:49:06', '', '0000-00-00 00:00:00'),
(548, 4500004, 'Electricity Bill', 'Project Overhead', '', NULL, 2, 1, 0, 1, 'E', 7, NULL, NULL, 0, 0, 0, '0.00', '0.00', '1', '2021-12-09 15:49:24', '', '0000-00-00 00:00:00'),
(549, 4500005, 'Mobile', 'Project Overhead', '', NULL, 2, 1, 0, 1, 'E', 7, NULL, NULL, 0, 0, 0, '0.00', '0.00', '1', '2021-12-09 15:49:39', '', '0000-00-00 00:00:00'),
(550, 4500006, 'Entertainment Bill', 'Project Overhead', '', NULL, 2, 1, 0, 1, 'E', 7, NULL, NULL, 0, 0, 0, '0.00', '0.00', '1', '2021-12-09 15:49:55', '', '0000-00-00 00:00:00'),
(551, 4500007, 'Internet', 'Project Overhead', '', NULL, 2, 1, 0, 1, 'E', 7, NULL, NULL, 0, 0, 0, '0.00', '0.00', '1', '2021-12-09 15:50:10', '', '0000-00-00 00:00:00'),
(552, 4500008, 'printing and stationary', 'Project Overhead', '', NULL, 2, 1, 0, 1, 'E', 7, NULL, NULL, 0, 0, 0, '0.00', '0.00', '1', '2021-12-09 15:50:30', '', '0000-00-00 00:00:00'),
(553, 4500009, 'carrying charges', 'Project Overhead', '', NULL, 2, 1, 0, 1, 'E', 7, NULL, NULL, 0, 0, 0, '0.00', '0.00', '1', '2021-12-09 15:50:49', '', '0000-00-00 00:00:00'),
(554, 4500010, 'loading & unloading', 'Project Overhead', '', NULL, 2, 1, 0, 1, 'E', 7, NULL, NULL, 0, 0, 0, '0.00', '0.00', '1', '2021-12-09 15:51:07', '', '0000-00-00 00:00:00'),
(555, 4500011, 'other expenses', 'Project Overhead', '', NULL, 2, 1, 0, 1, 'E', 7, NULL, NULL, 0, 0, 0, '0.00', '0.00', '1', '2021-12-09 15:51:21', '', '0000-00-00 00:00:00'),
(556, 4500012, 'advance payment', 'Project Overhead', '', NULL, 2, 1, 0, 1, 'E', 7, NULL, NULL, 0, 0, 0, '0.00', '0.00', '1', '2021-12-09 15:51:35', '', '0000-00-00 00:00:00'),
(557, 4600001, 'Field visit of consultant', 'Head office overhead', '', NULL, 2, 1, 0, 1, 'E', 7, NULL, NULL, 0, 0, 0, '0.00', '0.00', '1', '2021-12-09 15:56:19', '', '0000-00-00 00:00:00'),
(558, 4600002, 'Periodicals & magazine', 'Head office overhead', '', NULL, 2, 1, 0, 1, 'E', 7, NULL, NULL, 0, 0, 0, '0.00', '0.00', '1', '2021-12-09 15:56:34', '', '0000-00-00 00:00:00'),
(559, 4600003, 'HeadOffice-Internet', 'Head office overhead', '', NULL, 2, 1, 0, 1, 'E', 7, NULL, NULL, 0, 0, 0, '0.00', '0.00', '1', '2021-12-09 15:58:07', '', '0000-00-00 00:00:00'),
(560, 4600004, 'HeadOffice-Salary', 'Head office overhead', '', NULL, 2, 1, 0, 1, 'E', 7, NULL, NULL, 0, 0, 0, '0.00', '0.00', '1', '2021-12-09 15:58:50', '', '0000-00-00 00:00:00'),
(561, 4600005, 'HeadOffice-Printing & stationary', 'Head office overhead', '', NULL, 2, 1, 0, 1, 'E', 7, NULL, NULL, 0, 0, 0, '0.00', '0.00', '1', '2021-12-09 16:21:13', '', '0000-00-00 00:00:00'),
(562, 4600006, 'Stamp & Cartridge paper', 'Head office overhead', '', NULL, 2, 1, 0, 1, 'E', 7, NULL, NULL, 0, 0, 0, '0.00', '0.00', '1', '2021-12-09 16:22:03', '', '0000-00-00 00:00:00'),
(563, 4600007, 'HeadOffice-Carrying Charge', 'Head office overhead', '', NULL, 2, 1, 0, 1, 'E', 7, NULL, NULL, 0, 0, 0, '0.00', '0.00', '1', '2021-12-09 16:22:32', '', '0000-00-00 00:00:00'),
(564, 4600008, 'HeadOffice-Mobile Allowance', 'Head office overhead', '', NULL, 2, 1, 0, 1, 'E', 7, NULL, NULL, 0, 0, 0, '0.00', '0.00', '1', '2021-12-09 16:23:12', '', '0000-00-00 00:00:00'),
(565, 4600009, 'HeadOffice-Entertainment', 'Head office overhead', '', NULL, 2, 1, 0, 1, 'E', 7, NULL, NULL, 0, 0, 0, '0.00', '0.00', '1', '2021-12-09 16:23:38', '', '0000-00-00 00:00:00'),
(566, 4600010, 'office Maintainance', 'Head office overhead', '', NULL, 2, 1, 0, 1, 'E', 7, NULL, NULL, 0, 0, 0, '0.00', '0.00', '1', '2021-12-09 16:24:14', '', '0000-00-00 00:00:00'),
(567, 4600011, 'HeadOffice-Conveyance', 'Head office overhead', '', NULL, 2, 1, 0, 1, 'E', 7, NULL, NULL, 0, 0, 0, '0.00', '0.00', '1', '2021-12-09 16:24:43', '', '0000-00-00 00:00:00'),
(568, 4600012, 'advance tomr mostafa', 'Head office overhead', '', NULL, 2, 1, 0, 1, 'E', 7, NULL, NULL, 0, 0, 0, '0.00', '0.00', '1', '2021-12-09 16:25:03', '', '0000-00-00 00:00:00'),
(569, 4600013, 'travelling', 'Head office overhead', '', NULL, 2, 1, 0, 1, 'E', 7, NULL, NULL, 0, 0, 0, '0.00', '0.00', '1', '2021-12-09 16:25:22', '', '0000-00-00 00:00:00'),
(570, 4600014, 'bank change & commission', 'Head office overhead', '', NULL, 2, 1, 0, 1, 'E', 7, NULL, NULL, 0, 0, 0, '0.00', '0.00', '1', '2021-12-09 16:25:37', '', '0000-00-00 00:00:00'),
(571, 4600015, 'Postage & Courier', 'Head office overhead', '', NULL, 2, 1, 0, 1, 'E', 7, NULL, NULL, 0, 0, 0, '0.00', '0.00', '1', '2021-12-09 16:25:51', '', '0000-00-00 00:00:00'),
(572, 4600016, 'Utilities', 'Head office overhead', '', NULL, 2, 1, 0, 1, 'E', 7, NULL, NULL, 0, 0, 0, '0.00', '0.00', '1', '2021-12-09 16:26:05', '', '0000-00-00 00:00:00'),
(573, 4700001, 'Credit Rating', 'Professional Fees', '', NULL, 2, 1, 0, 1, 'E', 7, NULL, NULL, 0, 0, 0, '0.00', '0.00', '1', '2021-12-09 16:26:24', '', '0000-00-00 00:00:00'),
(574, 4800001, 'registration fees', 'License & renewals', '', NULL, 2, 1, 0, 1, 'E', 7, NULL, NULL, 0, 0, 0, '0.00', '0.00', '1', '2021-12-09 16:26:42', '', '0000-00-00 00:00:00'),
(575, 4800002, 'VAT - 7 & Environment Cerificate', 'License & renewals', '', NULL, 2, 1, 0, 1, 'E', 7, NULL, NULL, 0, 0, 0, '0.00', '0.00', '1', '2021-12-09 16:26:56', '', '0000-00-00 00:00:00'),
(576, 4800003, 'legal fess', 'License & renewals', '', NULL, 2, 1, 0, 1, 'E', 7, NULL, NULL, 0, 0, 0, '0.00', '0.00', '1', '2021-12-09 16:27:10', '', '0000-00-00 00:00:00'),
(577, 4800004, 'Miscellaneous', 'License & renewals', '', NULL, 2, 1, 0, 1, 'E', 7, NULL, NULL, 0, 0, 0, '0.00', '0.00', '1', '2021-12-09 16:27:24', '', '0000-00-00 00:00:00'),
(578, 4900001, 'Gift & Donation Espense', 'Promotional Cost', '', NULL, 2, 1, 0, 1, 'E', 7, NULL, NULL, 0, 0, 0, '0.00', '0.00', '1', '2021-12-09 16:27:38', '', '0000-00-00 00:00:00'),
(579, 227000005, '6-opu ss', 'Employee Ledger', '', NULL, 3, 1, 1, 0, 'L', 7, 6, NULL, 0, 0, 0, '0.00', '0.00', '1', '2021-12-09 16:33:07', '', '0000-00-00 00:00:00'),
(585, 221100136, 'Karim', 'Suppliers', 'Karim', NULL, 4, 1, 1, 0, 'L', 7, NULL, NULL, 0, 0, 0, '0.00', '0.00', '1', '2021-12-19 14:05:57', '1', '2021-12-22 14:13:54'),
(586, 221100137, 'Rajib', 'Suppliers', 'Rajib', NULL, 4, 1, 1, 0, 'L', 7, NULL, NULL, 0, 0, 0, '0.00', '0.00', '1', '2021-12-19 14:25:10', '1', '2021-12-22 20:05:38'),
(589, 2000010, 'S A Store -02', 'Inventory', 'S A Store -02', NULL, 4, 1, 1, 0, 'L', 7, NULL, NULL, 0, 0, 0, '0.00', '0.00', '1', '2021-12-20 18:33:36', '1', '2022-01-18 19:11:20'),
(590, 2000011, 'S A Store -06', 'Inventory', 'S A Store -06', NULL, 4, 1, 1, 0, 'L', 7, NULL, NULL, 0, 0, 0, '0.00', '0.00', '1', '2021-12-20 19:51:29', '1', '2022-01-18 19:12:29'),
(591, 2000012, 'S A Store -05', 'Inventory', 'S A Store -05', NULL, 4, 1, 1, 0, 'L', 7, NULL, NULL, 0, 0, 0, '0.00', '0.00', '1', '2021-12-20 19:51:46', '1', '2022-01-18 19:12:22'),
(592, 2000013, 'S A Store -04', 'Inventory', 'S A Store -04', NULL, 4, 1, 1, 0, 'L', 7, NULL, NULL, 0, 0, 0, '0.00', '0.00', '1', '2021-12-20 19:51:52', '1', '2022-01-18 19:12:13'),
(593, 2000014, 'S A Store -03', 'Inventory', 'S A Store -03', NULL, 4, 1, 1, 0, 'L', 7, NULL, NULL, 0, 0, 0, '0.00', '0.00', '1', '2021-12-20 19:51:57', '1', '2022-01-18 19:12:00'),
(595, 221100138, 'Sohan', 'Suppliers', 'Sohan', NULL, 4, 1, 1, 0, 'L', 7, NULL, NULL, 0, 0, 0, '0.00', '0.00', '1', '2021-12-21 16:54:43', '1', '2021-12-22 14:13:06'),
(596, 221100139, 'Hasib', 'Suppliers', 'Hasib', NULL, 4, 1, 1, 0, 'L', 7, NULL, NULL, 0, 0, 0, '0.00', '0.00', '1', '2021-12-21 20:10:15', '1', '2021-12-23 14:52:16'),
(597, 3100001, 'new', 'Sales', '', NULL, 2, 1, 1, 1, 'I', 7, NULL, NULL, 0, 0, 0, '0.00', '0.00', '1', '2021-12-22 11:09:03', '', '0000-00-00 00:00:00'),
(598, 221100140, 'Badsha', 'Suppliers', 'Badsha', NULL, 4, 1, 1, 0, 'L', 7, NULL, NULL, 0, 0, 0, '0.00', '0.00', '1', '2021-12-23 11:51:45', '1', '2022-02-13 14:38:02'),
(601, 2000015, 'Muri Bag', 'Inventory', 'Muri Bag', NULL, 4, 1, 1, 0, 'L', 7, NULL, NULL, 0, 0, 0, '0.00', '0.00', '1', '2022-01-03 15:55:34', '1', '2022-03-27 11:22:46'),
(602, 221100141, 'GQ industries', 'Suppliers', 'GQ industries', NULL, 4, 1, 1, 0, 'L', 1, NULL, NULL, 0, 0, 0, '0.00', '0.00', '1', '2022-01-05 18:55:46', '', '0000-00-00 00:00:00'),
(603, 12900000001, '1-Isahaq', 'Dealers', '', NULL, 3, 1, 1, 0, 'A', 7, NULL, 1, 0, 0, 0, '0.00', '0.00', '1', '2022-01-06 12:09:58', '', '0000-00-00 00:00:00'),
(604, 221100142, 'Habib Ahmed', 'Suppliers', 'Habib Ahmed', NULL, 4, 1, 1, 0, 'L', 1, NULL, NULL, 0, 0, 0, '0.00', '0.00', '1', '2022-01-06 13:46:46', '', '0000-00-00 00:00:00'),
(605, 2000016, 'S A Store -01', 'Inventory', 'S A Store -01', NULL, 4, 1, 1, 0, 'L', 7, NULL, NULL, 0, 0, 0, '0.00', '0.00', '1', '2022-01-06 14:04:17', '1', '2022-01-18 19:11:08'),
(606, 221100143, 'Rakib Ahmed', 'Suppliers', 'Rakib Ahmed', NULL, 4, 1, 1, 0, 'L', 1, NULL, NULL, 0, 0, 0, '0.00', '0.00', '1', '2022-01-06 14:17:11', '', '0000-00-00 00:00:00'),
(607, 12900000002, '2-Zahid', 'Dealers', '', NULL, 3, 1, 1, 0, 'A', 7, NULL, 2, 0, 0, 0, '0.00', '0.00', '1', '2022-01-06 14:58:40', '', '0000-00-00 00:00:00'),
(608, 12900000003, '3-Eabadat', 'Dealers', '', NULL, 3, 1, 1, 0, 'A', 7, NULL, 3, 0, 0, 0, '0.00', '0.00', '1', '2022-01-06 14:59:25', '', '0000-00-00 00:00:00'),
(609, 12900000004, '4-Ibn rakib', 'Dealers', '', NULL, 3, 1, 1, 0, 'A', 7, NULL, 4, 0, 0, 0, '0.00', '0.00', '1', '2022-01-06 15:00:23', '', '0000-00-00 00:00:00'),
(610, 129, 'Dealers', 'CurrentAssets', '', NULL, 2, 1, 0, 1, 'A', 1, NULL, NULL, 0, 0, 0, '0.00', '0.00', '1', '2022-01-06 16:55:15', '', '0000-00-00 00:00:00'),
(611, 227000006, '7-Md Mahbub', 'Employee Ledger', '', NULL, 3, 1, 1, 0, 'L', 7, 7, NULL, 0, 0, 0, '0.00', '0.00', '1', '2022-01-10 10:32:30', '', '0000-00-00 00:00:00'),
(612, 227000007, '8-Md Tanvir', 'Employee Ledger', '', NULL, 3, 1, 1, 0, 'L', 7, 8, NULL, 0, 0, 0, '0.00', '0.00', '1', '2022-01-10 10:33:29', '', '0000-00-00 00:00:00'),
(613, 227000008, '9-Md Shakil', 'Employee Ledger', '', NULL, 3, 1, 1, 0, 'L', 7, 9, NULL, 0, 0, 0, '0.00', '0.00', '1', '2022-01-10 10:34:31', '', '0000-00-00 00:00:00'),
(614, 227000009, '10-Mr Sadik', 'Employee Ledger', '', NULL, 3, 1, 1, 0, 'L', 7, 10, NULL, 0, 0, 0, '0.00', '0.00', '1', '2022-01-10 10:35:25', '', '0000-00-00 00:00:00'),
(615, 227000010, '11-Mrs Marse', 'Employee Ledger', '', NULL, 3, 1, 1, 0, 'L', 7, 11, NULL, 0, 0, 0, '0.00', '0.00', '1', '2022-01-10 10:36:37', '', '0000-00-00 00:00:00'),
(616, 221100144, 'Jamshed', 'Suppliers', 'Jamshed', NULL, 4, 1, 1, 0, 'L', 7, NULL, NULL, 0, 0, 0, '0.00', '0.00', '1', '2022-01-10 11:41:22', '1', '2022-01-11 14:10:51'),
(617, 12900000005, '5-Maa Enterprise', 'Dealers', '', NULL, 3, 1, 1, 0, 'A', 7, NULL, 5, 0, 0, 0, '0.00', '0.00', '1', '2022-01-10 14:32:36', '', '0000-00-00 00:00:00'),
(618, 2000017, 'Finished Goods Store', 'Inventory', 'Finished Goods Store', NULL, 4, 1, 1, 0, 'L', 1, NULL, NULL, 1, 0, 0, '0.00', '0.00', '1', '2022-01-11 14:56:48', '', '0000-00-00 00:00:00'),
(620, 12900000006, '6-Shuvo Roy', 'Dealers', '', NULL, 3, 1, 1, 0, 'A', 7, NULL, 6, 0, 0, 0, '0.00', '0.00', '1', '2022-01-17 15:13:44', '', '0000-00-00 00:00:00'),
(622, 2000018, 'SAAGRO-001', 'Inventory', 'SAAGRO-001', NULL, 4, 1, 1, 0, 'L', 7, NULL, NULL, 0, 0, 0, '0.00', '0.00', '1', '2022-01-19 16:05:09', '1', '2022-01-19 16:05:17'),
(623, 2000019, 'Chandina Store', 'Inventory', 'Chandina Store', NULL, 4, 1, 1, 0, 'L', 1, NULL, NULL, 4, 0, 0, '0.00', '0.00', '2', '2022-01-20 16:06:47', '', '0000-00-00 00:00:00'),
(624, 2000020, 'Chandina Store 1', 'Inventory', 'Chandina Store 1', NULL, 4, 1, 1, 0, 'L', 1, NULL, NULL, 0, 0, 0, '0.00', '0.00', '2', '2022-01-20 16:34:20', '', '0000-00-00 00:00:00'),
(625, 227000011, '12-lala lala', 'Employee Ledger', '', NULL, 3, 1, 1, 0, 'L', 7, 12, NULL, 0, 0, 0, '0.00', '0.00', '2', '2022-01-26 13:02:01', '', '0000-00-00 00:00:00'),
(626, 121200001, 'test bank', 'Cash At Bank', '', NULL, 4, 1, 0, 1, 'A', 1, NULL, NULL, 0, 0, 0, '0.00', '0.00', '2', '2022-02-01 14:15:56', '', '0000-00-00 00:00:00'),
(627, 121200002, 'Islami Bank Bangladesh Limited.', 'Cash At Bank', 'Islami Bank Bangladesh Limited.', NULL, 4, 1, 1, 0, 'A', 7, NULL, NULL, 0, 0, 0, '0.00', '0.00', '2', '2022-02-01 14:18:06', '1', '2022-03-02 18:41:08'),
(629, 227000012, '13-Nabid Ahmed', 'Employee Ledger', '', NULL, 3, 1, 1, 0, 'L', 7, 13, NULL, 0, 0, 0, '0.00', '0.00', '2', '2022-02-02 17:00:43', '', '0000-00-00 00:00:00'),
(630, 2000021, 'Habib Store', 'Inventory', 'Habib Store', NULL, 4, 1, 1, 0, 'L', 1, NULL, NULL, 5, 0, 0, '0.00', '0.00', '1', '2022-02-03 18:50:47', '', '0000-00-00 00:00:00'),
(631, 227000013, '14-Mahtab  Ahmed', 'Employee Ledger', '', NULL, 3, 1, 1, 0, 'L', 7, 14, NULL, 0, 0, 0, '0.00', '0.00', '1', '2022-02-05 15:47:49', '', '0000-00-00 00:00:00'),
(632, 12900000007, '7-Shakib Ahmed', 'Dealers', '', NULL, 3, 1, 1, 0, 'A', 7, NULL, 7, 0, 0, 0, '0.00', '0.00', '1', '2022-02-05 15:49:27', '', '0000-00-00 00:00:00'),
(633, 121100012, 'EFTN', 'CashBoxes', '', NULL, 4, 1, 1, 1, 'A', 1, NULL, NULL, 0, 0, 0, '0.00', '0.00', '1', '2022-02-06 16:39:10', '', '0000-00-00 00:00:00'),
(634, 227000014, '15-Nasir  ahmed', 'Employee Ledger', '', NULL, 3, 1, 1, 0, 'L', 7, 15, NULL, 0, 0, 0, '0.00', '0.00', '1', '2022-02-06 16:53:32', '', '0000-00-00 00:00:00'),
(635, 227000015, '16-Jakir ahmed', 'Employee Ledger', '', NULL, 3, 1, 1, 0, 'L', 7, 16, NULL, 0, 0, 0, '0.00', '0.00', '1', '2022-02-06 16:54:03', '', '0000-00-00 00:00:00'),
(636, 12900000008, '8-Mr. Jabed ', 'Dealers', '', NULL, 3, 1, 1, 0, 'A', 7, NULL, 8, 0, 0, 0, '0.00', '0.00', '1', '2022-02-06 16:57:11', '', '0000-00-00 00:00:00'),
(637, 12900000009, '9-Hasan', 'Dealers', '', NULL, 3, 1, 1, 0, 'A', 7, NULL, 9, 0, 0, 0, '0.00', '0.00', '1', '2022-02-06 16:58:25', '', '0000-00-00 00:00:00'),
(638, 2000022, 'Mymensing Depo', 'Inventory', 'Mymensing Depo', NULL, 4, 1, 1, 0, 'L', 1, NULL, NULL, 6, 0, 0, '0.00', '0.00', '1', '2022-02-10 10:48:17', '', '0000-00-00 00:00:00'),
(639, 50, 'COGS', 'Expenses', '', NULL, 1, 1, 1, 0, 'E', 1, NULL, NULL, 0, 0, 0, '0.00', '0.00', '1', '2022-02-15 11:35:57', '', '0000-00-00 00:00:00'),
(640, 227000016, '17-Shakib Ahmed', 'Employee Ledger', '', NULL, 3, 1, 1, 0, 'L', 7, 17, NULL, 0, 0, 0, '0.00', '0.00', '1', '2022-02-27 16:49:17', '', '0000-00-00 00:00:00'),
(641, 227000017, '18-Azad Hossain', 'Employee Ledger', '', NULL, 3, 1, 1, 0, 'L', 7, 18, NULL, 0, 0, 0, '0.00', '0.00', '1', '2022-02-27 17:09:49', '', '0000-00-00 00:00:00'),
(642, 227000018, '19-Nabila Rahman', 'Employee Ledger', '', NULL, 3, 1, 1, 0, 'L', 7, 19, NULL, 0, 0, 0, '0.00', '0.00', '1', '2022-02-27 17:10:48', '', '0000-00-00 00:00:00'),
(643, 227000019, '20-Dalim Ahmed', 'Employee Ledger', '', NULL, 3, 1, 1, 0, 'L', 7, 20, NULL, 0, 0, 0, '0.00', '0.00', '1', '2022-02-27 17:11:48', '', '0000-00-00 00:00:00'),
(644, 227000020, '21-HR  Admin', 'Employee Ledger', '', NULL, 3, 1, 1, 0, 'L', 7, 21, NULL, 0, 0, 0, '0.00', '0.00', '1', '2022-02-27 17:23:10', '', '0000-00-00 00:00:00'),
(647, 180000400001, '111', 'Project', '', NULL, 3, 1, 0, 1, 'A', 1, NULL, NULL, 0, 0, 0, '0.00', '0.00', '1', '2022-02-27 19:31:16', '', '0000-00-00 00:00:00'),
(648, 18000040000100001, 'abc', '111', '', NULL, 4, 1, 0, 1, 'A', 7, NULL, NULL, 0, 0, 0, '0.00', '0.00', '1', '2022-02-27 19:33:03', '', '0000-00-00 00:00:00'),
(649, 18000040000100002, '11111', '111', '', NULL, 4, 1, 0, 1, 'A', 1, NULL, NULL, 0, 0, 0, '0.00', '0.00', '1', '2022-02-27 19:31:52', '', '0000-00-00 00:00:00'),
(650, 12900000010, '10-Maa Enterprise New', 'Dealers', '', NULL, 3, 1, 1, 0, 'A', 7, NULL, 10, 0, 0, 0, '0.00', '0.00', '1', '2022-02-27 20:16:22', '', '0000-00-00 00:00:00'),
(651, 12900000011, '11-Mahmudul Hasan', 'Dealers', '', NULL, 3, 1, 1, 0, 'A', 7, NULL, 11, 0, 0, 0, '0.00', '0.00', '1', '2022-02-28 10:16:14', '', '0000-00-00 00:00:00'),
(652, 100002, 'Test Assest head', 'Assets', '', NULL, 1, 1, 0, 1, 'A', 1, NULL, NULL, 0, 0, 0, '0.00', '0.00', '1', '2022-02-28 11:06:51', '', '0000-00-00 00:00:00'),
(653, 121200003, 'RTGS', 'Cash At Bank', 'RTGS', NULL, 4, 1, 1, 0, 'A', 7, NULL, NULL, 0, 0, 0, '0.00', '0.00', '1', '2022-02-28 11:50:55', '1', '2022-03-02 18:41:35'),
(654, 121200004, 'SA Paribahan', 'Cash At Bank', 'SA Paribahan', NULL, 4, 1, 1, 0, 'A', 7, NULL, NULL, 0, 0, 0, '0.00', '0.00', '1', '2022-02-28 11:51:39', '1', '2022-03-02 18:41:47'),
(655, 121200005, 'Fast track', 'Cash At Bank', 'Fast track', NULL, 4, 1, 1, 0, 'A', 7, NULL, NULL, 0, 0, 0, '0.00', '0.00', '1', '2022-02-28 11:53:38', '1', '2022-03-02 18:40:04'),
(656, 200002, 'LC-LOAN', 'Liabilities', '', NULL, 1, 1, 0, 1, 'L', 1, NULL, NULL, 0, 0, 0, '0.00', '0.00', '1', '2022-03-02 12:23:48', '', '0000-00-00 00:00:00'),
(657, 20000200001, 'LC-LOAN-test', 'LC-LOAN', '', NULL, 2, 1, 0, 1, 'L', 1, NULL, NULL, 0, 0, 0, '0.00', '0.00', '1', '2022-03-02 15:21:52', '', '0000-00-00 00:00:00'),
(658, 121200006, 'DBBL', 'Cash At Bank', 'DBBL', NULL, 4, 1, 1, 0, 'A', 1, NULL, NULL, 0, 0, 0, '0.00', '0.00', '1', '2022-03-02 15:22:11', '', '0000-00-00 00:00:00'),
(659, 20000200002, 'LC-DBBL', 'LC-LOAN', 'LC-DBBL', NULL, 2, 1, 1, 1, 'L', 1, NULL, NULL, 0, 0, 0, '0.00', '0.00', '1', '2022-03-02 15:22:11', '', '0000-00-00 00:00:00'),
(660, 121200007, 'Ab Bank', 'Cash At Bank', 'Ab Bank', NULL, 4, 1, 1, 0, 'A', 1, NULL, NULL, 0, 0, 0, '0.00', '0.00', '1', '2022-03-02 15:22:54', '', '0000-00-00 00:00:00'),
(661, 20000200003, 'LC-Ab Bank', 'LC-LOAN', 'LC-Ab Bank', NULL, 2, 1, 1, 1, 'L', 1, NULL, NULL, 0, 0, 0, '0.00', '0.00', '1', '2022-03-02 15:22:54', '', '0000-00-00 00:00:00'),
(662, 400002, 'LC-COST', 'Expenses', '', NULL, 1, 1, 0, 1, 'E', 1, NULL, NULL, 0, 0, 0, '0.00', '0.00', '1', '2022-03-02 15:25:05', '', '0000-00-00 00:00:00'),
(664, 20000200004, 'LC-Fast track', 'LC-LOAN', 'LC-Fast track', NULL, 2, 1, 1, 1, 'L', 1, NULL, NULL, 0, 0, 0, '0.00', '0.00', '1', '2022-03-02 18:40:04', '', '0000-00-00 00:00:00'),
(665, 20000200005, 'LC-Islami Bank Bangladesh Limited.', 'LC-LOAN', 'LC-Islami Bank Bangladesh Limited.', NULL, 2, 1, 1, 1, 'L', 1, NULL, NULL, 0, 0, 0, '0.00', '0.00', '1', '2022-03-02 18:41:08', '', '0000-00-00 00:00:00'),
(666, 20000200006, 'LC-RTGS', 'LC-LOAN', 'LC-RTGS', NULL, 2, 1, 1, 1, 'L', 1, NULL, NULL, 0, 0, 0, '0.00', '0.00', '1', '2022-03-02 18:41:35', '', '0000-00-00 00:00:00'),
(667, 20000200007, 'LC-SA Paribahan', 'LC-LOAN', 'LC-SA Paribahan', NULL, 2, 1, 1, 1, 'L', 1, NULL, NULL, 0, 0, 0, '0.00', '0.00', '1', '2022-03-02 18:41:47', '', '0000-00-00 00:00:00'),
(668, 121200008, 'SC', 'Cash At Bank', 'SC', NULL, 4, 1, 1, 0, 'A', 1, NULL, NULL, 0, 0, 0, '0.00', '0.00', '1', '2022-03-02 18:41:50', '', '0000-00-00 00:00:00'),
(669, 20000200008, 'LC-SC', 'LC-LOAN', 'LC-SC', NULL, 2, 1, 1, 1, 'L', 1, NULL, NULL, 0, 0, 0, '0.00', '0.00', '1', '2022-03-02 18:41:50', '', '0000-00-00 00:00:00'),
(670, 227000021, '22-Al Hasan', 'Employee Ledger', '', NULL, 3, 1, 1, 0, 'L', 7, 22, NULL, 0, 0, 0, '0.00', '0.00', '1', '2022-03-07 13:02:00', '', '0000-00-00 00:00:00'),
(671, 12900000012, '12-Shakib Al Hasan', 'Dealers', '', NULL, 3, 1, 1, 0, 'A', 7, NULL, 12, 0, 0, 0, '0.00', '0.00', '1', '2022-03-07 13:12:07', '', '0000-00-00 00:00:00'),
(672, 20000200009, 'dfdgsdfg', 'Inventory', 'dfdgsdfg', NULL, 4, 1, 1, 0, 'L', 1, NULL, NULL, 0, 0, 0, '0.00', '0.00', '1', '2022-03-08 18:21:01', '', '0000-00-00 00:00:00'),
(674, 221100146, 'habibbbbb', 'Suppliers', 'habibbbbb', NULL, 4, 1, 1, 0, 'L', 7, NULL, NULL, 0, 0, 0, '0.00', '0.00', '1', '2022-03-10 15:26:53', '1', '2022-03-10 15:28:06'),
(676, 20000200010, 'gghghf', 'Inventory', 'gghghf', NULL, 4, 1, 1, 0, 'L', 1, NULL, NULL, 0, 0, 0, '0.00', '0.00', '1', '2022-03-27 10:58:23', '', '0000-00-00 00:00:00'),
(677, 12900000013, '13-Md. Abu', 'Dealers', '', NULL, 3, 1, 1, 0, 'A', 7, NULL, 13, 0, 0, 0, '0.00', '0.00', '1', '2022-03-27 14:48:32', '', '0000-00-00 00:00:00'),
(678, 20000200011, 'Elaine Meyer', 'Inventory', 'Elaine Meyer', NULL, 4, 1, 1, 0, 'L', 1, NULL, NULL, 0, 0, 0, '0.00', '0.00', '1', '2022-03-28 12:09:47', '', '0000-00-00 00:00:00'),
(679, 20000200012, 'ututyu', 'Inventory', 'ututyu', NULL, 4, 1, 1, 0, 'L', 1, NULL, NULL, 0, 0, 0, '0.00', '0.00', '1', '2022-03-28 12:58:22', '', '0000-00-00 00:00:00'),
(680, 20000200013, 'tyrt', 'Inventory', 'tyrt', NULL, 4, 1, 1, 0, 'L', 1, NULL, NULL, 0, 0, 0, '0.00', '0.00', '1', '2022-03-28 13:08:19', '', '0000-00-00 00:00:00'),
(681, 20000200014, 'Maizedfg', 'Inventory', 'Maizedfg', NULL, 4, 1, 1, 0, 'L', 1, NULL, NULL, 0, 0, 0, '0.00', '0.00', '1', '2022-03-28 13:08:28', '', '0000-00-00 00:00:00'),
(682, 221100148, 'asssss', 'Suppliers', 'asssss', NULL, 4, 1, 1, 0, 'L', 1, NULL, NULL, 0, 0, 0, '0.00', '0.00', '1', '2022-03-28 13:28:28', '', '0000-00-00 00:00:00'),
(683, 221100149, 'aaaaaaaaaaaaaaaaaaa', 'Suppliers', 'aaaaaaaaaaaaaaaaaaa', NULL, 4, 1, 1, 0, 'L', 1, NULL, NULL, 0, 0, 0, '0.00', '0.00', '1', '2022-03-28 13:28:56', '', '0000-00-00 00:00:00'),
(684, 221100150, 'nabid hasan', 'Suppliers', 'nabid hasan', NULL, 4, 1, 1, 0, 'L', 1, NULL, NULL, 0, 0, 0, '0.00', '0.00', '1', '2022-03-28 13:31:14', '', '0000-00-00 00:00:00'),
(685, 20000200015, 'aaaaaaaaaa ew', 'Inventory', 'aaaaaaaaaa ew', NULL, 4, 1, 1, 0, 'L', 1, NULL, NULL, 0, 0, 0, '0.00', '0.00', '1', '2022-03-28 13:34:25', '1', '2022-03-28 13:34:31'),
(686, 221100151, 'dsfgh', 'Suppliers', 'dsfgh', NULL, 4, 1, 1, 0, 'L', 1, NULL, NULL, NULL, 0, 0, '0.00', '0.00', '1', '2022-03-28 15:08:08', NULL, NULL),
(687, 221100152, '34534', 'Suppliers', '34534', NULL, 4, 1, 1, 0, 'L', 1, NULL, NULL, NULL, 0, 0, '0.00', '0.00', '1', '2022-03-28 15:08:15', NULL, NULL),
(688, 20000200016, 'Bag store 01', 'Inventory', 'Bag store 01', NULL, 4, 1, 1, 0, 'L', 1, NULL, NULL, NULL, 0, 0, '0.00', '0.00', '1', '2022-03-28 15:10:15', NULL, NULL),
(689, 100004, 'test asset', 'Assets', '', NULL, 1, 1, 1, 1, 'A', 1, NULL, NULL, NULL, 0, 0, '0.00', '0.00', '1', '2022-04-09 15:34:43', NULL, NULL),
(690, 10000400001, 'famsun', 'test asset', '', NULL, 2, 1, 1, 1, 'A', 1, NULL, NULL, NULL, 0, 0, '0.00', '0.00', '1', '2022-04-09 15:35:15', NULL, NULL),
(691, 130, 'po', 'CurrentAssets', '', NULL, 2, 1, 1, 1, 'A', 1, NULL, NULL, NULL, 0, 0, '0.00', '0.00', '1', '2022-04-10 14:47:31', NULL, NULL),
(692, 1, 'Rashad Mccray', 'FixedAssets', 'Rashad Mccray', NULL, 2, 1, 1, 0, 'A', 1, NULL, NULL, NULL, 1, 1, '1.00', '0.00', '1', '2022-04-10 15:17:04', NULL, NULL),
(693, 180000400002, 'ljk', 'Project', '', NULL, 3, 1, 1, 1, 'A', 1, NULL, NULL, NULL, 0, 0, '0.00', '0.00', '1', '2022-04-11 15:12:44', NULL, NULL),
(694, 12900000014, '16-Pasha Ahmed', 'Dealers', NULL, NULL, 3, 1, 1, 0, 'A', 7, NULL, 16, NULL, 0, 0, '0.00', '0.00', '1', '2022-04-12 12:30:54', NULL, NULL),
(695, 12900000015, '17-Harun Ahmed', 'Dealers', NULL, NULL, 3, 1, 1, 0, 'A', 7, NULL, 17, NULL, 0, 0, '0.00', '0.00', '1', '2022-04-12 12:32:30', NULL, NULL),
(696, 121200009, 'test bank2', 'Cash At Bank', NULL, NULL, 4, 1, 1, 1, 'A', 1, NULL, NULL, NULL, 0, 0, '0.00', '0.00', '1', '2022-04-12 15:15:41', NULL, NULL);

-- --------------------------------------------------------

--
-- Table structure for table `acc_coa_balance`
--

CREATE TABLE `acc_coa_balance` (
  `id` bigint NOT NULL,
  `branch_id` int NOT NULL,
  `headCode` varchar(12) CHARACTER SET utf8mb4 COLLATE utf8mb4_general_ci NOT NULL,
  `fy_id` int NOT NULL DEFAULT '1',
  `opening_bl` decimal(12,2) NOT NULL DEFAULT '0.00',
  `total_debit` decimal(12,2) NOT NULL DEFAULT '0.00',
  `total_credit` decimal(12,2) NOT NULL DEFAULT '0.00',
  `balance` decimal(12,2) NOT NULL DEFAULT '0.00'
) ENGINE=InnoDB DEFAULT CHARSET=utf8mb4 COLLATE=utf8mb4_general_ci;

-- --------------------------------------------------------

--
-- Table structure for table `acc_subcode`
--

CREATE TABLE `acc_subcode` (
  `id` int NOT NULL,
  `name` varchar(150) CHARACTER SET utf8mb4 COLLATE utf8mb4_general_ci NOT NULL,
  `subtype_id` int NOT NULL,
  `reference_id` int NOT NULL
) ENGINE=InnoDB DEFAULT CHARSET=utf8mb4 COLLATE=utf8mb4_general_ci;

--
-- Dumping data for table `acc_subcode`
--

INSERT INTO `acc_subcode` (`id`, `name`, `subtype_id`, `reference_id`) VALUES
(1, 'M/S Karim Enterprise', 4, 1),
(2, 'Salam Enterprise', 4, 2);

-- --------------------------------------------------------

--
-- Table structure for table `acc_subtype`
--

CREATE TABLE `acc_subtype` (
  `id` int NOT NULL,
  `name` varchar(50) CHARACTER SET utf8mb4 COLLATE utf8mb4_general_ci NOT NULL
) ENGINE=InnoDB DEFAULT CHARSET=utf8mb4 COLLATE=utf8mb4_general_ci;

--
-- Dumping data for table `acc_subtype`
--

INSERT INTO `acc_subtype` (`id`, `name`) VALUES
(1, 'none'),
(2, 'employee'),
(3, 'customer'),
(4, 'supplier');

-- --------------------------------------------------------

--
-- Table structure for table `acc_transaction`
--

CREATE TABLE `acc_transaction` (
  `ID` int NOT NULL,
  `VNo` varchar(50) CHARACTER SET utf8mb4 COLLATE utf8mb4_general_ci DEFAULT NULL,
  `Vtype` varchar(50) CHARACTER SET utf8mb4 COLLATE utf8mb4_general_ci DEFAULT NULL,
  `VDate` date DEFAULT NULL,
  `COAID` varchar(50) CHARACTER SET utf8mb4 COLLATE utf8mb4_general_ci NOT NULL,
  `deptID` int DEFAULT NULL,
  `Narration` mediumtext CHARACTER SET utf8mb4 COLLATE utf8mb4_general_ci,
  `opening_balance` decimal(12,2) NOT NULL DEFAULT '0.00',
  `Debit` decimal(18,2) DEFAULT NULL,
  `Credit` decimal(18,2) DEFAULT NULL,
  `PatientID` int NOT NULL DEFAULT '0',
  `BranchID` int NOT NULL DEFAULT '0',
  `do_no` varchar(30) CHARACTER SET utf8mb4 COLLATE utf8mb4_general_ci DEFAULT NULL,
  `challan_no` varchar(30) CHARACTER SET utf8mb4 COLLATE utf8mb4_general_ci DEFAULT NULL,
  `FyID` int DEFAULT NULL,
  `IsPosted` char(10) CHARACTER SET utf8mb4 COLLATE utf8mb4_general_ci DEFAULT NULL,
  `DoctorId` int NOT NULL DEFAULT '0',
  `CreateBy` varchar(50) CHARACTER SET utf8mb4 COLLATE utf8mb4_general_ci DEFAULT NULL,
  `CreateDate` datetime DEFAULT NULL,
  `UpdateBy` varchar(50) CHARACTER SET utf8mb4 COLLATE utf8mb4_general_ci DEFAULT NULL,
  `UpdateDate` datetime DEFAULT NULL,
  `IsAppove` tinyint(1) NOT NULL DEFAULT '0' COMMENT '1=yes, =0=pending, 2=rejected'
) ENGINE=InnoDB DEFAULT CHARSET=utf8mb4 COLLATE=utf8mb4_general_ci;

-- --------------------------------------------------------

--
-- Table structure for table `acc_trans_operation`
--

CREATE TABLE `acc_trans_operation` (
  `ID` int NOT NULL,
  `VNo` varchar(50) CHARACTER SET utf8mb4 COLLATE utf8mb4_general_ci DEFAULT NULL,
  `Vtype` varchar(50) CHARACTER SET utf8mb4 COLLATE utf8mb4_general_ci DEFAULT NULL,
  `VDate` date DEFAULT NULL,
  `COAID` varchar(50) CHARACTER SET utf8mb4 COLLATE utf8mb4_general_ci NOT NULL,
  `deptID` int DEFAULT NULL,
  `Narration` mediumtext CHARACTER SET utf8mb4 COLLATE utf8mb4_general_ci,
  `Debit` decimal(18,2) DEFAULT NULL,
  `Credit` decimal(18,2) DEFAULT NULL,
  `PatientID` int NOT NULL DEFAULT '0',
  `BranchID` int NOT NULL DEFAULT '0',
  `StoreID` int DEFAULT NULL,
  `IsPosted` char(10) CHARACTER SET utf8mb4 COLLATE utf8mb4_general_ci DEFAULT NULL,
  `DoctorId` int NOT NULL DEFAULT '0',
  `CreateBy` varchar(50) CHARACTER SET utf8mb4 COLLATE utf8mb4_general_ci DEFAULT NULL,
  `CreateDate` datetime DEFAULT NULL,
  `UpdateBy` varchar(50) CHARACTER SET utf8mb4 COLLATE utf8mb4_general_ci DEFAULT NULL,
  `UpdateDate` datetime DEFAULT NULL,
  `IsAppove` tinyint(1) NOT NULL DEFAULT '0' COMMENT '1=yes, =0=pending, 2=rejected'
) ENGINE=InnoDB DEFAULT CHARSET=utf8mb4 COLLATE=utf8mb4_general_ci;

-- --------------------------------------------------------

--
-- Table structure for table `acc_vouchers`
--

CREATE TABLE `acc_vouchers` (
  `id` int NOT NULL,
  `vchr_type_id` int NOT NULL DEFAULT '1',
  `v_no` varchar(20) CHARACTER SET utf8mb4 COLLATE utf8mb4_general_ci DEFAULT NULL,
  `v_date` date NOT NULL DEFAULT '1970-01-01',
  `is_approved` bit(1) NOT NULL DEFAULT b'0',
  `approved_by` int DEFAULT NULL,
  `approved_date` date NOT NULL DEFAULT '1970-01-01',
  `head_code` int NOT NULL,
  `debit` decimal(18,2) NOT NULL DEFAULT '0.00',
  `credit` decimal(18,2) NOT NULL DEFAULT '0.00',
  `reverse_code` int NOT NULL,
  `sub_type_id` int NOT NULL DEFAULT '1',
  `sub_code` int DEFAULT NULL,
  `ledger_comments` varchar(150) CHARACTER SET utf8mb4 COLLATE utf8mb4_general_ci DEFAULT NULL,
  `remarks` text CHARACTER SET utf8mb4 COLLATE utf8mb4_general_ci,
  `cheque_no` varchar(50) CHARACTER SET utf8mb4 COLLATE utf8mb4_general_ci DEFAULT NULL,
  `cheque_date` date NOT NULL DEFAULT '1970-01-01',
  `is_cheque_honour` bit(1) NOT NULL DEFAULT b'0',
  `cheque_branch` varchar(100) CHARACTER SET utf8mb4 COLLATE utf8mb4_general_ci DEFAULT NULL,
  `attachment` text CHARACTER SET utf8mb4 COLLATE utf8mb4_general_ci
) ENGINE=InnoDB DEFAULT CHARSET=utf8mb4 COLLATE=utf8mb4_general_ci;

-- --------------------------------------------------------

--
-- Table structure for table `acc_voucher_type`
--

CREATE TABLE `acc_voucher_type` (
  `id` int NOT NULL,
  `name` varchar(50) CHARACTER SET utf8mb4 COLLATE utf8mb4_general_ci DEFAULT NULL,
  `prefix_code` varchar(10) CHARACTER SET utf8mb4 COLLATE utf8mb4_general_ci DEFAULT NULL,
  `is_active` bit(1) NOT NULL
) ENGINE=InnoDB DEFAULT CHARSET=utf8mb4 COLLATE=utf8mb4_general_ci;

--
-- Dumping data for table `acc_voucher_type`
--

INSERT INTO `acc_voucher_type` (`id`, `name`, `prefix_code`, `is_active`) VALUES
(1, 'debit voucher', 'DV_', b'1'),
(2, 'credit voucher', 'CV_', b'1'),
(3, 'journal voucher', 'JV_', b'1'),
(4, 'contra voucher', 'TV_', b'1');

-- --------------------------------------------------------

--
-- Table structure for table `activity_logs`
--

CREATE TABLE `activity_logs` (
  `id` bigint NOT NULL,
  `branch_id` int NOT NULL DEFAULT '1',
  `emp_id` int NOT NULL,
  `type` varchar(30) CHARACTER SET utf8mb4 COLLATE utf8mb4_general_ci NOT NULL COMMENT 'patient, staff, role etc.',
  `action` varchar(100) CHARACTER SET utf8mb4 COLLATE utf8mb4_general_ci DEFAULT NULL COMMENT 'create, update, delete',
  `action_id` varchar(15) CHARACTER SET utf8mb4 COLLATE utf8mb4_general_ci NOT NULL,
  `table_name` varchar(30) CHARACTER SET utf8mb4 COLLATE utf8mb4_general_ci DEFAULT NULL,
  `slug` varchar(150) CHARACTER SET utf8mb4 COLLATE utf8mb4_general_ci NOT NULL,
  `form_data` mediumtext CHARACTER SET utf8mb4 COLLATE utf8mb4_general_ci,
  `created_date` datetime NOT NULL DEFAULT CURRENT_TIMESTAMP,
  `status` tinyint(1) NOT NULL DEFAULT '0' COMMENT '1=created, 2=updated, 3=deleted'
) ENGINE=InnoDB DEFAULT CHARSET=utf8mb4 COLLATE=utf8mb4_general_ci;

--
-- Dumping data for table `activity_logs`
--

INSERT INTO `activity_logs` (`id`, `branch_id`, `emp_id`, `type`, `action`, `action_id`, `table_name`, `slug`, `form_data`, `created_date`, `status`) VALUES
(1, 7, 1, 'Account', 'Created', '696', 'acc_coa', 'account/accounts/insertCoa', '{\"txtHeadCode\":\"121200009\",\"txtHeadName\":\"test bank2\",\"HeadName\":\"Cash At Bank\",\"txtPHead\":\"Cash At Bank\",\"txtHeadLevel\":\"4\",\"txtHeadType\":\"A\",\"IsTransaction\":\"1\",\"IsActive\":\"1\",\"IsGL\":\"1\",\"btnSave\":\"\"}', '2022-04-12 09:15:41', 1),
(2, 1, 1, 'Credential', 'Logout', '0', NULL, 'logout', NULL, '2022-04-12 09:18:59', 0);

-- --------------------------------------------------------

--
-- Table structure for table `ah_bank`
--

CREATE TABLE `ah_bank` (
  `bank_id` int NOT NULL,
  `bank_name` varchar(100) CHARACTER SET utf8mb4 COLLATE utf8mb4_general_ci NOT NULL,
  `account_name` varchar(100) CHARACTER SET utf8mb4 COLLATE utf8mb4_general_ci NOT NULL,
  `account_number` varchar(100) CHARACTER SET utf8mb4 COLLATE utf8mb4_general_ci NOT NULL,
  `branch_name` varchar(200) CHARACTER SET utf8mb4 COLLATE utf8mb4_general_ci NOT NULL,
  `address` varchar(200) CHARACTER SET utf8mb4 COLLATE utf8mb4_general_ci NOT NULL,
  `acc_head` varchar(20) CHARACTER SET utf8mb4 COLLATE utf8mb4_general_ci DEFAULT NULL,
  `acc_head_liabilities` varchar(30) CHARACTER SET utf8mb4 COLLATE utf8mb4_general_ci DEFAULT NULL,
  `created_by` int NOT NULL
) ENGINE=InnoDB DEFAULT CHARSET=utf8mb4 COLLATE=utf8mb4_general_ci;

-- --------------------------------------------------------

--
-- Table structure for table `ah_lc`
--

CREATE TABLE `ah_lc` (
  `row_id` int NOT NULL,
  `lc_number` varchar(100) CHARACTER SET utf8mb4 COLLATE utf8mb4_general_ci NOT NULL,
  `lc_open_date` date DEFAULT NULL,
  `lc_bank_id` int NOT NULL,
  `lc_margin` varchar(100) CHARACTER SET utf8mb4 COLLATE utf8mb4_general_ci NOT NULL,
  `lc_amount` double(8,2) DEFAULT '0.00',
  `bdt_rate` float(8,2) DEFAULT '0.00',
  `bdt_amount` double(10,2) DEFAULT '0.00',
  `country_code` varchar(11) CHARACTER SET utf8mb4 COLLATE utf8mb4_general_ci NOT NULL,
  `invoiceNo` varchar(50) CHARACTER SET utf8mb4 COLLATE utf8mb4_general_ci DEFAULT NULL,
  `currency` int DEFAULT NULL,
  `amendmentCost` float(10,2) DEFAULT '0.00',
  `bankCharge` float(10,2) DEFAULT '0.00',
  `purchase_id` int DEFAULT NULL,
  `isApproved` tinyint DEFAULT NULL,
  `received` tinyint DEFAULT NULL,
  `created_at` datetime DEFAULT NULL,
  `created_by` int DEFAULT NULL,
  `updated_by` int DEFAULT NULL,
  `updated_date` datetime DEFAULT NULL,
  `approved_by` int DEFAULT NULL,
  `approved_date` datetime DEFAULT NULL,
  `status` tinyint NOT NULL DEFAULT '1'
) ENGINE=InnoDB DEFAULT CHARSET=utf8mb4 COLLATE=utf8mb4_general_ci;

-- --------------------------------------------------------

--
-- Table structure for table `ah_lc_attachment`
--

CREATE TABLE `ah_lc_attachment` (
  `id` int NOT NULL,
  `lc_id` int NOT NULL,
  `name` varchar(100) CHARACTER SET utf8mb4 COLLATE utf8mb4_general_ci NOT NULL,
  `attachment` varchar(100) CHARACTER SET utf8mb4 COLLATE utf8mb4_general_ci NOT NULL
) ENGINE=InnoDB DEFAULT CHARSET=utf8mb4 COLLATE=utf8mb4_general_ci;

-- --------------------------------------------------------

--
-- Table structure for table `backup`
--

CREATE TABLE `backup` (
  `id` int NOT NULL,
  `file_name` varchar(100) CHARACTER SET utf8mb4 COLLATE utf8mb4_general_ci DEFAULT NULL,
  `created_by` int DEFAULT NULL,
  `created_dt` datetime DEFAULT NULL,
  `status` tinyint(1) DEFAULT '1'
) ENGINE=InnoDB DEFAULT CHARSET=utf8mb4 COLLATE=utf8mb4_general_ci;

-- --------------------------------------------------------

--
-- Table structure for table `branch`
--

CREATE TABLE `branch` (
  `id` int NOT NULL,
  `nameE` varchar(150) CHARACTER SET utf8mb4 COLLATE utf8mb4_general_ci NOT NULL,
  `nameA` varchar(150) CHARACTER SET utf8mb4 COLLATE utf8mb4_general_ci NOT NULL,
  `description` mediumtext CHARACTER SET utf8mb4 COLLATE utf8mb4_general_ci,
  `image` varchar(200) CHARACTER SET utf8mb4 COLLATE utf8mb4_general_ci DEFAULT NULL,
  `vat_no` varchar(15) CHARACTER SET utf8mb4 COLLATE utf8mb4_general_ci NOT NULL DEFAULT '0',
  `status` tinyint(1) NOT NULL DEFAULT '1'
) ENGINE=InnoDB DEFAULT CHARSET=utf8mb4 COLLATE=utf8mb4_general_ci;

--
-- Dumping data for table `branch`
--

INSERT INTO `branch` (`id`, `nameE`, `nameA`, `description`, `image`, `vat_no`, `status`) VALUES
(7, 'Branch One', 'Branch One', NULL, NULL, '300374557600003', 1),
(8, 'Branch Two', 'Branch Two', NULL, NULL, '300374557600003', 1),
(9, 'Branch Three', 'Branch Three', NULL, NULL, '300374557600003', 1);

-- --------------------------------------------------------

--
-- Table structure for table `dealer`
--

CREATE TABLE `dealer` (
  `id` int NOT NULL,
  `branch_id` int NOT NULL DEFAULT '0',
  `nameE` varchar(150) CHARACTER SET utf8mb4 COLLATE utf8mb4_general_ci NOT NULL,
  `store_id` int NOT NULL DEFAULT '0',
  `status` tinyint(1) NOT NULL DEFAULT '1'
) ENGINE=InnoDB DEFAULT CHARSET=utf8mb4 COLLATE=utf8mb4_general_ci;

-- --------------------------------------------------------

--
-- Table structure for table `dealer_due_info`
--

CREATE TABLE `dealer_due_info` (
  `id` int NOT NULL,
  `date` date DEFAULT NULL,
  `do_no` varchar(20) CHARACTER SET utf8mb4 COLLATE utf8mb4_general_ci DEFAULT NULL,
  `dealer_id` int DEFAULT NULL,
  `paid_amount` float DEFAULT NULL,
  `due_amount` float DEFAULT NULL,
  `due_payment_date` date DEFAULT NULL,
  `attachment` mediumtext CHARACTER SET utf8mb4 COLLATE utf8mb4_general_ci,
  `create_by` int DEFAULT NULL,
  `create_date` timestamp NOT NULL DEFAULT CURRENT_TIMESTAMP,
  `status` int NOT NULL COMMENT '1=paid,2=due'
) ENGINE=InnoDB DEFAULT CHARSET=utf8mb4 COLLATE=utf8mb4_general_ci;

-- --------------------------------------------------------

--
-- Table structure for table `dealer_info`
--

CREATE TABLE `dealer_info` (
  `id` int NOT NULL,
  `name` varchar(250) CHARACTER SET utf8mb4 COLLATE utf8mb4_general_ci DEFAULT NULL,
  `dealer_code` varchar(25) CHARACTER SET utf8mb4 COLLATE utf8mb4_general_ci NOT NULL,
  `address` mediumtext CHARACTER SET utf8mb4 COLLATE utf8mb4_general_ci,
  `email` varchar(30) CHARACTER SET utf8mb4 COLLATE utf8mb4_general_ci DEFAULT NULL,
  `phone_no` varchar(20) CHARACTER SET utf8mb4 COLLATE utf8mb4_general_ci DEFAULT NULL,
  `sales_officer_id` int DEFAULT NULL,
  `commission_rate` float NOT NULL,
  `type` int DEFAULT '1',
  `affiliat_id` varchar(30) CHARACTER SET utf8mb4 COLLATE utf8mb4_general_ci DEFAULT NULL,
  `reference_id` varchar(30) CHARACTER SET utf8mb4 COLLATE utf8mb4_general_ci DEFAULT NULL,
  `zone_id` int DEFAULT NULL,
  `created_by` int DEFAULT NULL,
  `created_date` timestamp NOT NULL DEFAULT CURRENT_TIMESTAMP,
  `status` int NOT NULL DEFAULT '1',
  `updated_by` datetime DEFAULT NULL,
  `updated_date` timestamp NULL DEFAULT NULL
) ENGINE=InnoDB DEFAULT CHARSET=utf8mb4 COLLATE=utf8mb4_general_ci;

-- --------------------------------------------------------

--
-- Table structure for table `department`
--

CREATE TABLE `department` (
  `id` int NOT NULL,
  `branch_id` int NOT NULL,
  `name` varchar(150) DEFAULT NULL,
  `nameE` varchar(80) NOT NULL,
  `nameA` varchar(80) DEFAULT NULL,
  `flaticon` varchar(30) DEFAULT NULL,
  `parent_id` int NOT NULL DEFAULT '0',
  `store_id` int NOT NULL DEFAULT '0',
  `description` text,
  `image` varchar(200) DEFAULT NULL,
  `status` tinyint(1) NOT NULL DEFAULT '1'
) ENGINE=InnoDB DEFAULT CHARSET=utf8mb3;

--
-- Dumping data for table `department`
--

INSERT INTO `department` (`id`, `branch_id`, `name`, `nameE`, `nameA`, `flaticon`, `parent_id`, `store_id`, `description`, `image`, `status`) VALUES
(3, 7, NULL, 'Administration', 'Administration', NULL, 0, 2, NULL, NULL, 1),
(4, 7, NULL, 'Accounts', 'Accounts', NULL, 0, 2, NULL, NULL, 1),
(5, 7, NULL, 'Sales', 'Delivery', NULL, 0, 2, NULL, NULL, 1);

-- --------------------------------------------------------

--
-- Table structure for table `designation`
--

CREATE TABLE `designation` (
  `id` int NOT NULL,
  `designation` varchar(150) CHARACTER SET utf8 COLLATE utf8_unicode_ci NOT NULL,
  `details` text CHARACTER SET utf8 COLLATE utf8_unicode_ci NOT NULL
) ENGINE=InnoDB DEFAULT CHARSET=utf8mb3 COLLATE=utf8_unicode_ci;

--
-- Dumping data for table `designation`
--

INSERT INTO `designation` (`id`, `designation`, `details`) VALUES
(2, 'Developer', 'sdafsdf'),
(3, 'Laravel Developer', 'testing');

-- --------------------------------------------------------

--
-- Table structure for table `do_delivery`
--

CREATE TABLE `do_delivery` (
  `id` int UNSIGNED NOT NULL,
  `delivery_id` bigint DEFAULT NULL,
  `do_id` bigint UNSIGNED DEFAULT NULL,
  `vouhcer_no` varchar(25) CHARACTER SET utf8mb4 COLLATE utf8mb4_general_ci DEFAULT NULL,
  `do_date` date DEFAULT NULL,
  `dealer_id` int DEFAULT NULL,
  `do_by` int DEFAULT NULL,
  `challan_no` varchar(30) CHARACTER SET utf8mb4 COLLATE utf8mb4_general_ci DEFAULT NULL,
  `sls_admin_signature` mediumtext CHARACTER SET utf8mb4 COLLATE utf8mb4_general_ci,
  `accounts_approve` int DEFAULT NULL COMMENT 'accounts approved status',
  `ac_approved_by` int DEFAULT NULL COMMENT 'accounts approved by',
  `accountant_sig` mediumtext CHARACTER SET utf8mb4 COLLATE utf8mb4_general_ci,
  `fc_m_approved` int DEFAULT NULL COMMENT 'factory manager approve status',
  `fc_m_approved_by` int DEFAULT NULL COMMENT 'factory manager approved by',
  `fc_m_sig` mediumtext CHARACTER SET utf8mb4 COLLATE utf8mb4_general_ci,
  `dl_s_approved` int DEFAULT NULL COMMENT 'delivery section approve status',
  `dl_s_approved_by` int DEFAULT NULL COMMENT 'delivery section approved by',
  `dl_s_sig` mediumtext CHARACTER SET utf8mb4 COLLATE utf8mb4_general_ci,
  `str_s_sig` mediumtext CHARACTER SET utf8mb4 COLLATE utf8mb4_general_ci,
  `str_s_approved` int DEFAULT NULL COMMENT 'store section approve statsu',
  `str_s_approved_by` int DEFAULT NULL COMMENT 'store section approved by',
  `status` int DEFAULT NULL COMMENT '0=pending,1=approved by sales admin',
  `created_by` int DEFAULT NULL,
  `created_date` datetime NOT NULL DEFAULT CURRENT_TIMESTAMP,
  `updated_by` int DEFAULT NULL,
  `updated_date` datetime DEFAULT NULL
) ENGINE=InnoDB DEFAULT CHARSET=utf8mb4 COLLATE=utf8mb4_general_ci;

-- --------------------------------------------------------

--
-- Table structure for table `do_delivery_details`
--

CREATE TABLE `do_delivery_details` (
  `id` bigint UNSIGNED NOT NULL,
  `delivery_id` bigint UNSIGNED NOT NULL,
  `do_id` bigint UNSIGNED NOT NULL,
  `item_id` int NOT NULL,
  `store_id` int DEFAULT NULL,
  `batch_id` varchar(30) CHARACTER SET utf8mb4 COLLATE utf8mb4_general_ci DEFAULT NULL,
  `quantity` float DEFAULT NULL,
  `bag_weight` float DEFAULT NULL,
  `total_kg` float NOT NULL DEFAULT '0',
  `unit_price` float DEFAULT NULL,
  `commission_rate` decimal(10,2) DEFAULT NULL,
  `commission_amount` decimal(10,2) DEFAULT NULL,
  `total_price` decimal(10,2) NOT NULL DEFAULT '0.00',
  `item_discount` float DEFAULT NULL
) ENGINE=InnoDB DEFAULT CHARSET=utf8mb4 COLLATE=utf8mb4_general_ci;

-- --------------------------------------------------------

--
-- Table structure for table `do_details`
--

CREATE TABLE `do_details` (
  `id` bigint UNSIGNED NOT NULL,
  `do_id` bigint UNSIGNED NOT NULL,
  `item_id` int NOT NULL,
  `batch_id` varchar(30) CHARACTER SET utf8mb4 COLLATE utf8mb4_general_ci DEFAULT NULL,
  `quantity` float DEFAULT NULL,
  `bag_weight` float DEFAULT NULL,
  `total_kg` float DEFAULT NULL,
  `unit_price` float DEFAULT NULL,
  `commission_rate` decimal(10,2) DEFAULT NULL,
  `commission_amount` decimal(10,2) DEFAULT NULL,
  `dealer_commission_rate` float DEFAULT NULL,
  `dealer_commission` float NOT NULL,
  `total_price` decimal(10,2) NOT NULL DEFAULT '0.00',
  `item_discount` float DEFAULT NULL
) ENGINE=InnoDB DEFAULT CHARSET=utf8mb4 COLLATE=utf8mb4_general_ci;

-- --------------------------------------------------------

--
-- Table structure for table `do_details_draft`
--

CREATE TABLE `do_details_draft` (
  `id` bigint UNSIGNED NOT NULL,
  `do_id` bigint UNSIGNED NOT NULL,
  `item_id` int NOT NULL,
  `batch_id` varchar(30) CHARACTER SET utf8mb4 COLLATE utf8mb4_general_ci DEFAULT NULL,
  `quantity` float DEFAULT NULL,
  `bag_weight` float DEFAULT NULL,
  `total_kg` float DEFAULT NULL,
  `unit_price` float DEFAULT NULL,
  `commission_rate` decimal(10,2) DEFAULT NULL,
  `commission_amount` decimal(10,2) DEFAULT NULL,
  `dealer_commission_rate` float DEFAULT NULL,
  `dealer_commission` float NOT NULL,
  `total_price` decimal(10,2) NOT NULL DEFAULT '0.00',
  `item_discount` float DEFAULT NULL
) ENGINE=InnoDB DEFAULT CHARSET=utf8mb4 COLLATE=utf8mb4_general_ci;

-- --------------------------------------------------------

--
-- Table structure for table `do_main`
--

CREATE TABLE `do_main` (
  `id` int UNSIGNED NOT NULL,
  `do_id` bigint UNSIGNED NOT NULL,
  `vouhcer_no` varchar(25) CHARACTER SET utf8mb4 COLLATE utf8mb4_general_ci DEFAULT NULL,
  `do_date` date DEFAULT NULL,
  `dealer_id` int DEFAULT NULL,
  `grand_total` decimal(10,2) NOT NULL DEFAULT '0.00',
  `paid_amount` decimal(10,2) NOT NULL DEFAULT '0.00',
  `transport_cost` float DEFAULT '0',
  `total_discount` float DEFAULT NULL,
  `total_vat` float DEFAULT NULL,
  `do_by` int DEFAULT NULL,
  `challan_no` varchar(30) CHARACTER SET utf8mb4 COLLATE utf8mb4_general_ci DEFAULT NULL,
  `sls_admin_signature` mediumtext CHARACTER SET utf8mb4 COLLATE utf8mb4_general_ci,
  `accounts_approve` int DEFAULT NULL COMMENT 'accounts approved status',
  `ac_approved_by` int DEFAULT NULL COMMENT 'accounts approved by',
  `accountant_sig` mediumtext CHARACTER SET utf8mb4 COLLATE utf8mb4_general_ci,
  `fc_m_approved` int DEFAULT NULL COMMENT 'factory manager approve status',
  `fc_m_approved_by` int DEFAULT NULL COMMENT 'factory manager approved by',
  `fc_m_sig` mediumtext CHARACTER SET utf8mb4 COLLATE utf8mb4_general_ci,
  `dl_s_approved` int DEFAULT NULL COMMENT 'delivery section approve status',
  `dl_s_approved_by` int DEFAULT NULL COMMENT 'delivery section approved by',
  `dl_s_sig` mediumtext CHARACTER SET utf8mb4 COLLATE utf8mb4_general_ci,
  `str_s_sig` mediumtext CHARACTER SET utf8mb4 COLLATE utf8mb4_general_ci,
  `str_s_approved` int DEFAULT NULL COMMENT 'store section approve statsu',
  `str_s_approved_by` int DEFAULT NULL COMMENT 'store section approved by',
  `payment_status` int DEFAULT '0' COMMENT '0=pending,1=unpaid,2=paid',
  `paid_by` int DEFAULT NULL,
  `status` int DEFAULT NULL COMMENT '0=pending,1=approved by sales admin',
  `created_by` int DEFAULT NULL,
  `created_date` datetime NOT NULL DEFAULT CURRENT_TIMESTAMP,
  `updated_by` int DEFAULT NULL,
  `updated_date` datetime DEFAULT NULL
) ENGINE=InnoDB DEFAULT CHARSET=utf8mb4 COLLATE=utf8mb4_general_ci;

-- --------------------------------------------------------

--
-- Table structure for table `do_main_draft`
--

CREATE TABLE `do_main_draft` (
  `id` int UNSIGNED NOT NULL,
  `do_id` bigint UNSIGNED NOT NULL,
  `vouhcer_no` varchar(25) CHARACTER SET utf8mb4 COLLATE utf8mb4_general_ci DEFAULT NULL,
  `do_date` date DEFAULT NULL,
  `dealer_id` int DEFAULT NULL,
  `grand_total` decimal(10,2) NOT NULL DEFAULT '0.00',
  `paid_amount` decimal(10,2) NOT NULL DEFAULT '0.00',
  `transport_cost` float DEFAULT NULL,
  `total_discount` float DEFAULT NULL,
  `total_vat` float DEFAULT NULL,
  `do_by` int DEFAULT NULL,
  `status` int DEFAULT NULL COMMENT '1=pending,2=canceled',
  `created_by` int DEFAULT NULL,
  `created_date` datetime NOT NULL DEFAULT CURRENT_TIMESTAMP,
  `updated_by` int DEFAULT NULL,
  `updated_date` datetime DEFAULT NULL
) ENGINE=InnoDB DEFAULT CHARSET=utf8mb4 COLLATE=utf8mb4_general_ci;

-- --------------------------------------------------------

--
-- Table structure for table `employees`
--

CREATE TABLE `employees` (
  `emp_id` int NOT NULL,
  `nameE` varchar(80) NOT NULL,
  `nameA` varchar(80) NOT NULL,
  `short_name` varchar(30) NOT NULL,
  `email` varchar(50) DEFAULT NULL,
  `department_id` int DEFAULT NULL,
  `branch_id` varchar(250) NOT NULL,
  `job_title_id` int NOT NULL,
  `mobile` varchar(15) DEFAULT NULL,
  `photo` varchar(200) DEFAULT NULL,
  `date_of_birth` date DEFAULT NULL,
  `gender` varchar(10) NOT NULL,
  `blood_group` varchar(10) DEFAULT NULL,
  `designation` varchar(150) DEFAULT NULL,
  `specialization` varchar(200) DEFAULT NULL,
  `career_title` varchar(250) DEFAULT NULL,
  `join_date` date DEFAULT NULL,
  `marital` varchar(50) DEFAULT NULL,
  `emp_type` varchar(10) NOT NULL,
  `emp_status` varchar(12) NOT NULL,
  `job_nature` tinyint(1) NOT NULL DEFAULT '1' COMMENT '1=salary base, 2=commission base, 3=both',
  `apnt_conf_value` float NOT NULL DEFAULT '0',
  `over_book_cnt` int NOT NULL DEFAULT '0',
  `d_slot_period` time NOT NULL DEFAULT '00:10:00',
  `default_service` int NOT NULL DEFAULT '0',
  `acc_head` varchar(15) NOT NULL,
  `balance` decimal(8,2) NOT NULL DEFAULT '0.00',
  `status` tinyint(1) NOT NULL DEFAULT '1',
  `in_duty_roster` tinyint(1) NOT NULL DEFAULT '0',
  `created_by` int DEFAULT NULL,
  `created_date` datetime DEFAULT CURRENT_TIMESTAMP,
  `updated_by` int DEFAULT NULL,
  `updated_date` datetime DEFAULT NULL
) ENGINE=InnoDB DEFAULT CHARSET=utf8mb3;

--
-- Dumping data for table `employees`
--

INSERT INTO `employees` (`emp_id`, `nameE`, `nameA`, `short_name`, `email`, `department_id`, `branch_id`, `job_title_id`, `mobile`, `photo`, `date_of_birth`, `gender`, `blood_group`, `designation`, `specialization`, `career_title`, `join_date`, `marital`, `emp_type`, `emp_status`, `job_nature`, `apnt_conf_value`, `over_book_cnt`, `d_slot_period`, `default_service`, `acc_head`, `balance`, `status`, `in_duty_roster`, `created_by`, `created_date`, `updated_by`, `updated_date`) VALUES
(1, 'Super', '', 'ADMIN001', 'admin@gmail.com', 54, '7', 1, '4534', NULL, '2020-11-11', 'Male', NULL, NULL, NULL, NULL, NULL, NULL, '', '', 1, 0, 0, '00:04:00', 0, '', '0.00', 1, 0, 1, '2020-11-18 15:17:53', NULL, NULL),
(2, 'DR.ZEIAD ALOBEAD', 'ALOBEAD', 'DR.01', 'raihan@gmail.com', 54, '8', 14, '01738083336', '/assets/dist/img/employee/1605952015_c401c4873546b21aae0c.png', '1969-12-31', 'Male', 'A+', 'Doctor', 'Surgery', 'Doctor', '1969-12-31', 'Married', 'Regular', 'Work', 1, 0, 0, '00:10:00', 0, '172000002', '2.95', 1, 0, 1, '2020-11-21 15:46:55', 1, '2021-04-11 15:44:11'),
(3, 'DR.ALI AL MAJHAD', 'AL MAJHAD', 'DR.02', 'raihan.exe@gmail.com', 58, '8', 14, '01738083336', '/assets/dist/img/employee/1606120482_b44f63b81b01fd8d0709.png', '1975-12-04', 'Male', 'A+', 'Doctor', 'Surgery', 'Test', '1970-01-01', 'Single', 'Regular', 'Work', 2, 0, 0, '00:10:00', 0, '', '0.00', 1, 1, 1, '2020-11-23 14:34:42', 1, '2021-11-10 07:17:23'),
(4, 'Mr. Coordinator', 'Mr. Coordinator', 'Coordinator 1', 'raihan.exe@gmail.com', 54, '7', 16, '01738083336', NULL, '2020-12-09', 'Male', 'A+', 'Coordinator', 'Coordinator', 'Coordinator', '2020-12-09', 'Single', 'Regular', 'Work', 1, 0, 0, '00:10:00', 0, '', '0.00', 1, 0, 1, '2020-12-09 11:38:13', 1, '2021-11-07 14:52:04'),
(5, 'Ahad', 'Ahad arb', 'Ahad004', 'ahad@gmail.com', 54, '7,8', 16, '01738083336', '', '2000-05-12', 'Male', 'A+', 'Coordinator', 'Coordinator', 'Coordinator', '2020-05-02', 'Single', 'Regular', 'Work', 1, 0, 0, '00:10:00', 0, '', '0.00', 1, 0, 1, '2020-12-09 11:39:56', 1, '2021-11-10 07:02:38'),
(6, 'Mrs. Nurse ', 'Mrs. Nurse', 'Nurse 1', 'raihan.exe@gmail.com', 54, '7', 1, '01738083336', '/assets/dist/img/employee/1607492696_a57d8f1665f656473092.png', '2020-09-12', 'Female', 'B+', 'Nurse ', 'Nurse ', 'Nurse ', '2020-01-12', 'Single', 'Regular', 'Work', 1, 0, 0, '00:10:00', 0, '', '0.00', 1, 0, 1, '2020-12-09 11:44:56', NULL, NULL),
(7, 'Mrs Nurse 2', 'Mrs Nurse 2', 'Nurse 2', 'raihan.exe@gmail.com', 54, '7', 15, '01738083336', '/assets/dist/img/employee/1607492835_b83ccbd2775c0c07e17f.png', '2020-09-12', 'Male', 'AB+', 'Nurse ', 'Nurse ', 'Nurse ', '2020-09-12', 'Single', 'Regular', 'Work', 1, 0, 0, '00:10:00', 0, '', '0.00', 1, 0, 1, '2020-12-09 11:47:15', NULL, NULL),
(10, 'DR.AMMAR AL HATHLOOL', '', 'DR.35', NULL, 55, '7', 14, NULL, NULL, NULL, '', NULL, NULL, NULL, NULL, NULL, NULL, '', '', 1, 0, 0, '00:10:00', 0, '', '0.00', 1, 0, 1, '2021-01-02 16:54:22', NULL, NULL),
(11, 'DR.HADEEL MITWALLI', '', 'DR.36', NULL, 55, '7', 14, NULL, NULL, NULL, '', NULL, NULL, NULL, NULL, NULL, NULL, '', '', 1, 0, 0, '00:10:00', 0, '', '0.00', 1, 0, 1, '2021-01-02 16:54:22', NULL, NULL),
(12, 'DR.SALEEM ALKERAYE', '', 'DR.56', NULL, 54, '7', 14, NULL, NULL, NULL, '', NULL, NULL, NULL, NULL, NULL, NULL, '', '', 1, 0, 0, '00:10:00', 0, '', '0.00', 1, 0, 1, '2021-01-02 16:54:22', NULL, NULL),
(13, 'DR.NIDHAL AYOUB', '', 'DR.58', NULL, 55, '7', 14, NULL, NULL, NULL, '', NULL, NULL, NULL, NULL, NULL, NULL, '', '', 1, 0, 0, '00:10:00', 0, '', '0.00', 1, 0, 1, '2021-01-02 16:54:22', NULL, NULL),
(14, 'DR.AL MUNTASIR BHALLA', '', 'DR.63', NULL, 54, '7', 14, NULL, NULL, NULL, '', NULL, NULL, NULL, NULL, NULL, NULL, '', '', 1, 0, 0, '00:10:00', 0, '', '0.00', 1, 0, 1, '2021-01-02 16:54:22', NULL, NULL),
(15, 'DR.ABDULLAH AL AQEEL', '', 'DR.90', NULL, 54, '7', 14, '11111', NULL, NULL, '', NULL, NULL, NULL, NULL, NULL, NULL, '', '', 1, 0, 0, '00:10:00', 0, '', '0.00', 1, 0, 1, '2021-01-02 16:54:22', NULL, NULL),
(16, 'DR.Yasser', '', 'DR.92', NULL, 57, '7', 14, NULL, NULL, NULL, '', NULL, NULL, NULL, NULL, NULL, NULL, '', '', 1, 0, 0, '00:10:00', 0, '', '0.00', 1, 0, 1, '2021-01-02 16:54:22', NULL, NULL),
(17, 'DR.AMER ALSOSALI', '', 'DR.93', NULL, 54, '7', 14, NULL, NULL, NULL, '', NULL, NULL, NULL, NULL, NULL, NULL, '', '', 1, 0, 0, '00:10:00', 0, '', '0.00', 1, 0, 1, '2021-01-02 16:54:22', NULL, NULL),
(18, 'DR.MAJID ALEISSA', '', 'DR.95', NULL, 54, '7', 14, NULL, NULL, NULL, '', NULL, NULL, NULL, NULL, NULL, NULL, '', '', 1, 0, 0, '00:10:00', 0, '', '0.00', 1, 0, 1, '2021-01-02 16:54:22', NULL, NULL),
(19, 'DR. GHAZI ALTHUBAITY', '', 'DR.04', NULL, 57, '7', 14, NULL, NULL, NULL, '', NULL, NULL, NULL, NULL, NULL, NULL, '', '', 1, 0, 0, '00:10:00', 0, '', '0.00', 1, 0, 1, '2021-01-02 16:54:22', NULL, NULL),
(20, 'DR.WAEIL DAGHESTANI', '', 'DR.07', NULL, 57, '7', 14, NULL, NULL, NULL, '', NULL, NULL, NULL, NULL, NULL, NULL, '', '', 1, 0, 0, '00:10:00', 0, '', '0.00', 1, 0, 1, '2021-01-02 16:54:22', NULL, NULL),
(21, 'DR.MUHANNED ALHARBI', '', 'DR.101', NULL, 57, '7', 14, NULL, NULL, NULL, '', NULL, NULL, NULL, NULL, NULL, NULL, '', '', 1, 0, 0, '00:10:00', 0, '', '0.00', 1, 0, 1, '2021-01-02 16:54:22', NULL, NULL),
(22, 'DR.Feras AlJebreen', '', 'DR.91', NULL, 57, '7', 14, NULL, NULL, NULL, '', NULL, NULL, NULL, NULL, NULL, NULL, '', '', 1, 0, 0, '00:10:00', 0, '', '0.00', 1, 0, 1, '2021-01-02 16:54:22', NULL, NULL),
(23, 'DR.GHADA ALKHALIFA', '', 'DR.94', NULL, 57, '7', 14, NULL, NULL, NULL, '', NULL, NULL, NULL, NULL, NULL, NULL, '', '', 1, 0, 0, '00:10:00', 0, '', '0.00', 1, 0, 1, '2021-01-02 16:54:22', NULL, NULL),
(24, 'DR.MOHAMMED ALKERZAI', '', 'DR.96', NULL, 57, '7', 14, NULL, NULL, NULL, '', NULL, NULL, NULL, NULL, NULL, NULL, '', '', 1, 0, 0, '00:10:00', 0, '', '0.00', 1, 0, 1, '2021-01-02 16:54:22', NULL, NULL),
(25, 'DR.AHMED ALHOSAINI', '', 'DR.97', NULL, 57, '7', 14, NULL, NULL, NULL, '', NULL, NULL, NULL, NULL, NULL, NULL, '', '', 1, 0, 0, '00:10:00', 0, '', '0.00', 1, 0, 1, '2021-01-02 16:54:22', NULL, NULL),
(26, 'BEAUTY ASSISTANT 1', '', '', NULL, 218, '7', 14, NULL, NULL, NULL, '', NULL, NULL, NULL, NULL, NULL, NULL, '', '', 1, 0, 0, '00:10:00', 0, '', '0.00', 1, 0, 1, '2021-01-02 16:54:22', NULL, NULL),
(27, 'ALPHA', '', 'TC.07', NULL, 54, '7', 14, NULL, NULL, NULL, '', NULL, NULL, NULL, NULL, NULL, NULL, '', '', 1, 0, 0, '00:10:00', 0, '', '0.00', 1, 0, 1, '2021-01-02 16:54:22', NULL, NULL),
(28, 'PATRICIA', '', 'TC.06', NULL, 219, '7', 14, NULL, NULL, NULL, '', NULL, NULL, NULL, NULL, NULL, NULL, '', '', 1, 0, 0, '00:10:00', 0, '', '0.00', 1, 0, 1, '2021-01-02 16:54:22', NULL, NULL),
(29, 'DR.HUDA HISHMEH', '', 'DR.61', NULL, 220, '7', 14, NULL, NULL, NULL, '', NULL, NULL, NULL, NULL, NULL, NULL, '', '', 1, 0, 0, '00:10:00', 0, '', '0.00', 1, 0, 1, '2021-01-02 16:54:22', NULL, NULL),
(30, 'DR.BEDAYA ALANIZI', '', 'DR.37', NULL, 221, '7', 14, NULL, NULL, NULL, '', NULL, NULL, NULL, NULL, NULL, NULL, '', '', 1, 0, 0, '00:10:00', 0, '', '0.00', 1, 0, 1, '2021-01-02 16:54:22', NULL, NULL),
(33, 'Dr. Rased', 'karim', 'Dr.0204', 'ashraf222@gmail.com', 57, '8', 14, '0987543', '/assets/dist/img/employee/1615929018_2447ca59eb4014c1735a.png', '1970-01-01', 'Male', 'A-', 'Doctor', 'Allergy and immunology', 'ldsjfs sdnasm dsad', '1970-01-01', 'Single', 'Regular', 'Work', 1, 0, 0, '00:10:00', 0, '', '0.00', 1, 1, 1, '2021-03-16 14:11:46', 1, '2021-11-10 07:16:49'),
(36, 'Sharif', 'Islam', 'Ac.01', 'ashrafaa@gmail.com', 54, '7', 4, '6865745', '/assets/dist/img/employee/1635839466_d3a30625176b1a82ec7c.jpg', '2000-04-01', 'Male', 'A+', 'Accountant', 'Dermatology', 'asdsad sadsad', '1970-01-01', 'Single', 'Regular', 'Work', 1, 0, 0, '00:10:00', 0, '125100107', '0.00', 1, 1, 1, '2021-06-13 10:10:28', 1, '2021-11-02 10:51:06'),
(42, 'Test', 'aaaa', 'MSM22', 'businessvv@bdtask.com', 13, '7', 5, '01766886933', '/assets/dist/img/employee/1636437083_d3e4c3f570fa201b355d.jpg', '2021-11-09', 'Male', 'A+', 'Test', 'Internal medicine', '', '2021-11-09', 'Single', 'Regular', 'Work', 1, 0, 0, '00:10:00', 0, '125100108', '0.00', 1, 1, 1, '2021-11-09 11:48:08', 1, '2021-11-10 14:02:52');

-- --------------------------------------------------------

--
-- Table structure for table `employee_details`
--

CREATE TABLE `employee_details` (
  `id` int NOT NULL,
  `emp_id` int NOT NULL,
  `father_name` varchar(60) DEFAULT NULL,
  `mother_name` varchar(60) DEFAULT NULL,
  `qualification` text,
  `work_experience` text,
  `present_address` varchar(200) DEFAULT NULL,
  `permanent_address` varchar(200) DEFAULT NULL,
  `emergency_person` varchar(60) DEFAULT NULL,
  `emergency_contact` varchar(15) DEFAULT NULL,
  `account_title` varchar(150) DEFAULT NULL,
  `account_number` varchar(50) DEFAULT NULL,
  `bank_name` varchar(150) DEFAULT NULL,
  `branch_name` varchar(50) DEFAULT NULL,
  `facebook` varchar(200) DEFAULT NULL,
  `twitter` varchar(200) DEFAULT NULL,
  `instragram` varchar(200) DEFAULT NULL,
  `linkedin` varchar(200) DEFAULT NULL,
  `resume` varchar(200) DEFAULT NULL,
  `joining_letter` varchar(200) DEFAULT NULL,
  `other_file` varchar(200) DEFAULT NULL,
  `nationality` varchar(15) DEFAULT NULL,
  `religion` varchar(15) DEFAULT NULL,
  `h_phone` varchar(15) DEFAULT NULL,
  `fax` varchar(11) DEFAULT NULL,
  `pobox` varchar(10) DEFAULT NULL,
  `postal_code` varchar(8) DEFAULT NULL
) ENGINE=InnoDB DEFAULT CHARSET=utf8mb3;

--
-- Dumping data for table `employee_details`
--

INSERT INTO `employee_details` (`id`, `emp_id`, `father_name`, `mother_name`, `qualification`, `work_experience`, `present_address`, `permanent_address`, `emergency_person`, `emergency_contact`, `account_title`, `account_number`, `bank_name`, `branch_name`, `facebook`, `twitter`, `instragram`, `linkedin`, `resume`, `joining_letter`, `other_file`, `nationality`, `religion`, `h_phone`, `fax`, `pobox`, `postal_code`) VALUES
(1, 1, 'frtg', 'rtrt', 'rt', NULL, NULL, NULL, NULL, NULL, NULL, NULL, NULL, NULL, NULL, NULL, NULL, NULL, NULL, NULL, NULL, NULL, NULL, NULL, NULL, NULL, NULL),
(2, 2, 'sdfsd', 'fsdfsdf', 'asda', 'asdasdasd', 'sasdasdas', 'sadasd', 'sdfsdfsdf', '6754743453', 'sdasd', 'asdas', 'dasd', 'asdas', 'asdsa', 'dsad', 'sadasd', 'asdasd', '', '', '', 'Saudi Arabia', 'Islam', '6865745', ' (123) 456-', 'qw', 'dcsdf'),
(3, 3, 'fdg', 'erwe', 'ertbrte btrr', 'tryr rtiyu tytryrty', 'rter tyuyy', 'tyut rtyrty', 'ewrb', '5345', '', '', '', '', '', '', '', '', '', '', '', '', 'Islam', '45786756', ' (123) 456-', '123', '1229'),
(4, 4, 'rtrt', '', '', '', '', '', '', '', '', '', '', '', '', '', '', '', '', '', '', '', '', '', '', '', ''),
(5, 5, 'rtrt', '', '', '', '', '', '', '', '', '', '', '', '', '', 'https://www.instagram.com/', '', '/assets/dist/img/employee/1634119326_3511b2467eb33a04df9f.pdf', '', '', '', '', '', '', '', ''),
(6, 6, 'rtrt', '', '', '', '', '', '', '', '', '', '', '', '', '', '', '', NULL, NULL, NULL, NULL, NULL, NULL, NULL, NULL, NULL),
(7, 7, 'e5re4', '', '', '', '', '', '', '', '', '', '', '', '', '', '', '', NULL, NULL, NULL, NULL, NULL, NULL, NULL, NULL, NULL),
(9, 36, 'jkjkj', 'bbb', '', '', '', '', '', '', '', '', '', '', '', '', '', '', '', '', '', '', '', '', '', '', ''),
(13, 42, '', '', '', '', '', '', '', '', '', '', '', '', '', '', '', '', '', '', '', '', '', '', '', '', '');

-- --------------------------------------------------------

--
-- Table structure for table `employee_information`
--

CREATE TABLE `employee_information` (
  `id` int NOT NULL,
  `employee_id` bigint DEFAULT NULL,
  `first_name` varchar(50) CHARACTER SET utf8 COLLATE utf8_unicode_ci NOT NULL,
  `last_name` varchar(50) CHARACTER SET utf8 COLLATE utf8_unicode_ci NOT NULL,
  `designation` int DEFAULT NULL,
  `phone` varchar(50) CHARACTER SET utf8 COLLATE utf8_unicode_ci NOT NULL,
  `rate_type` int NOT NULL,
  `hrate` float NOT NULL,
  `email` varchar(50) CHARACTER SET utf8 COLLATE utf8_unicode_ci NOT NULL,
  `blood_group` varchar(10) CHARACTER SET utf8 COLLATE utf8_unicode_ci NOT NULL,
  `address_line_1` text CHARACTER SET utf8 COLLATE utf8_unicode_ci NOT NULL,
  `address_line_2` text CHARACTER SET utf8 COLLATE utf8_unicode_ci NOT NULL,
  `image` text CHARACTER SET utf8 COLLATE utf8_unicode_ci,
  `country` varchar(50) CHARACTER SET utf8 COLLATE utf8_unicode_ci NOT NULL,
  `city` varchar(50) CHARACTER SET utf8 COLLATE utf8_unicode_ci NOT NULL,
  `zip` varchar(50) CHARACTER SET utf8 COLLATE utf8_unicode_ci NOT NULL,
  `status` int DEFAULT NULL,
  `branch_id` int DEFAULT NULL
) ENGINE=InnoDB DEFAULT CHARSET=utf8mb3 COLLATE=utf8_unicode_ci;

--
-- Dumping data for table `employee_information`
--

INSERT INTO `employee_information` (`id`, `employee_id`, `first_name`, `last_name`, `designation`, `phone`, `rate_type`, `hrate`, `email`, `blood_group`, `address_line_1`, `address_line_2`, `image`, `country`, `city`, `zip`, `status`, `branch_id`) VALUES
(2, 2, 'Md', 'Mainul', 2, '234234', 2, 50000, 'mainul@gmail.com', 'O+', 'sadf', 'fsadf', './assets/dist/img/employee//1638603111_f69053c2304faaef8de0.jpg', 'Bangladesh', 'Dhaka', '1229', 1, 7),
(3, 3, 'Monirul', 'Islam', 3, '012355478', 1, 250, 'monirul@gmail.com', 'B+', 'fdgdf', 'fgdsf', './assets/dist/img/employee//1638691072_6f2e98f77e8ddd7decd9.jpg', 'Bangladesh', 'Dhaka', '1229', 1, 7),
(4, 4, 'Mahbubur', 'Rahman', 2, '234234234', 2, 50000, 'admin@example.com', '', 'asdfsadf', 'sdfsadf', '/assets/dist/img/employee//1639052475_127915b1aa08659b6aa1.jpg', 'Bangladesh', 'Dhaka', '1229', 1, 7),
(5, 5, 'Md', 'Labib', 2, '23435234', 2, 50000, 'admin@gmail.com', 'O+', 'sdfasdf', 'sdfsadf', './assets/dist/img/employee//1638869087_1dbc117c89d1be4be625.png', 'Bangladesh', 'Dhaka', '1229', 1, 7),
(6, 6, 'opu', 'ss', 2, '23424', 2, 2342, 'opu@gmail.com', 'B+', 'sdfsadf', 'sdfsadf', '/assets/dist/img/employee//1639046536_b838969e340f8509757c.png', 'bd', 'dhaka', '', 1, 7);

-- --------------------------------------------------------

--
-- Table structure for table `employee_salary_payment`
--

CREATE TABLE `employee_salary_payment` (
  `emp_sal_pay_id` int NOT NULL,
  `generate_id` int NOT NULL,
  `employee_id` int NOT NULL,
  `total_salary` decimal(18,2) NOT NULL DEFAULT '0.00',
  `total_working_minutes` varchar(50) CHARACTER SET latin1 COLLATE latin1_swedish_ci DEFAULT NULL,
  `working_period` varchar(50) CHARACTER SET latin1 COLLATE latin1_swedish_ci DEFAULT NULL,
  `payment_due` varchar(50) CHARACTER SET latin1 COLLATE latin1_swedish_ci DEFAULT NULL,
  `payment_date` varchar(50) CHARACTER SET latin1 COLLATE latin1_swedish_ci DEFAULT NULL,
  `paid_by` int DEFAULT NULL,
  `salary_month` varchar(70) CHARACTER SET utf8 COLLATE utf8_unicode_ci DEFAULT NULL
) ENGINE=InnoDB DEFAULT CHARSET=utf8mb3 COLLATE=utf8_unicode_ci;

--
-- Dumping data for table `employee_salary_payment`
--

INSERT INTO `employee_salary_payment` (`emp_sal_pay_id`, `generate_id`, `employee_id`, `total_salary`, `total_working_minutes`, `working_period`, `payment_due`, `payment_date`, `paid_by`, `salary_month`) VALUES
(1, 1, 2, '51500.00', '0.50', '2.00', 'paid', '2021-12-06', 1, 'December 2021');

-- --------------------------------------------------------

--
-- Table structure for table `employee_salary_setup`
--

CREATE TABLE `employee_salary_setup` (
  `id` int UNSIGNED NOT NULL,
  `employee_id` int NOT NULL,
  `sal_type` int NOT NULL,
  `salary_type_id` int NOT NULL,
  `amount` decimal(12,2) NOT NULL DEFAULT '0.00',
  `create_date` date DEFAULT NULL,
  `update_date` datetime(6) DEFAULT NULL,
  `update_id` varchar(30) CHARACTER SET latin1 COLLATE latin1_swedish_ci DEFAULT NULL,
  `gross_salary` float NOT NULL
) ENGINE=InnoDB DEFAULT CHARSET=utf8mb3 COLLATE=utf8_unicode_ci;

--
-- Dumping data for table `employee_salary_setup`
--

INSERT INTO `employee_salary_setup` (`id`, `employee_id`, `sal_type`, `salary_type_id`, `amount`, `create_date`, `update_date`, `update_id`, `gross_salary`) VALUES
(1, 2, 2, 2, '5.00', '2021-12-04', NULL, NULL, 51500),
(2, 2, 2, 3, '2.00', '2021-12-04', NULL, NULL, 51500);

-- --------------------------------------------------------

--
-- Table structure for table `financial_type`
--

CREATE TABLE `financial_type` (
  `id` int NOT NULL,
  `branch_id` int NOT NULL,
  `nameE` varchar(50) CHARACTER SET utf8mb4 COLLATE utf8mb4_general_ci NOT NULL,
  `nameA` varchar(50) CHARACTER SET utf8mb4 COLLATE utf8mb4_general_ci DEFAULT NULL,
  `start_amount` decimal(12,2) NOT NULL,
  `end_amount` decimal(12,2) NOT NULL,
  `color` varchar(15) CHARACTER SET utf8mb4 COLLATE utf8mb4_general_ci NOT NULL
) ENGINE=InnoDB DEFAULT CHARSET=utf8mb4 COLLATE=utf8mb4_general_ci;

--
-- Dumping data for table `financial_type`
--

INSERT INTO `financial_type` (`id`, `branch_id`, `nameE`, `nameA`, `start_amount`, `end_amount`, `color`) VALUES
(1, 7, 'Gold', NULL, '50000.00', '75000.00', '#f2c95a'),
(2, 7, 'VIP', '', '75001.00', '100000.00', '#37a000');

-- --------------------------------------------------------

--
-- Table structure for table `financial_year`
--

CREATE TABLE `financial_year` (
  `id` int NOT NULL,
  `branch_id` int NOT NULL,
  `yearName` varchar(30) CHARACTER SET utf8mb4 COLLATE utf8mb4_general_ci NOT NULL,
  `startDate` date NOT NULL,
  `endDate` date NOT NULL,
  `isCloseReq` tinyint(1) NOT NULL DEFAULT '0',
  `status` tinyint(1) NOT NULL DEFAULT '2' COMMENT '1=active, 0=closed, 2=pending',
  `created_by` int NOT NULL,
  `created_date` datetime NOT NULL DEFAULT CURRENT_TIMESTAMP,
  `updated_by` int DEFAULT NULL,
  `updated_date` datetime DEFAULT NULL
) ENGINE=InnoDB DEFAULT CHARSET=utf8mb4 COLLATE=utf8mb4_general_ci;

--
-- Dumping data for table `financial_year`
--

INSERT INTO `financial_year` (`id`, `branch_id`, `yearName`, `startDate`, `endDate`, `isCloseReq`, `status`, `created_by`, `created_date`, `updated_by`, `updated_date`) VALUES
(1, 7, '2021', '2021-01-01', '2021-12-31', 0, 0, 1, '2021-11-22 15:30:47', NULL, NULL),
(2, 7, '2022', '2022-01-01', '2022-12-31', 0, 1, 1, '2021-11-22 15:50:05', NULL, NULL),
(3, 1, '2021', '2021-01-01', '2021-12-31', 1, 1, 1, '2021-11-22 16:22:50', NULL, NULL),
(4, 1, '2022', '2022-01-01', '2022-12-31', 0, 2, 1, '2021-11-22 16:23:17', NULL, NULL);

-- --------------------------------------------------------

--
-- Table structure for table `goods_pricing`
--

CREATE TABLE `goods_pricing` (
  `id` int NOT NULL,
  `product_id` int DEFAULT NULL,
  `previous_price` float DEFAULT NULL,
  `price` float DEFAULT NULL,
  `date` date DEFAULT NULL,
  `increase_percentagte` float DEFAULT NULL,
  `created_by` int DEFAULT NULL,
  `created_date` timestamp NOT NULL DEFAULT CURRENT_TIMESTAMP
) ENGINE=InnoDB DEFAULT CHARSET=utf8mb4 COLLATE=utf8mb4_general_ci;

-- --------------------------------------------------------

--
-- Table structure for table `hrm_allowance_request`
--

CREATE TABLE `hrm_allowance_request` (
  `allowance_req_id` int NOT NULL,
  `request_for` varchar(20) NOT NULL COMMENT 'request created for employee',
  `type` varchar(20) NOT NULL COMMENT 'allowance type from hrm_request_types',
  `start_date` date NOT NULL,
  `end_date` date NOT NULL,
  `amount` varchar(20) NOT NULL,
  `attachment` text NOT NULL,
  `reason` text NOT NULL,
  `status` varchar(20) NOT NULL,
  `is_close_approval` tinyint NOT NULL DEFAULT '0',
  `branch_id` int NOT NULL,
  `CreateDate` datetime NOT NULL,
  `CreateBy` varchar(20) NOT NULL COMMENT 'who is requesting or creating the request',
  `UpdateDate` datetime DEFAULT NULL,
  `UpdateBy` varchar(20) DEFAULT NULL
) ENGINE=InnoDB DEFAULT CHARSET=utf8mb3;

-- --------------------------------------------------------

--
-- Table structure for table `hrm_allowance_setup`
--

CREATE TABLE `hrm_allowance_setup` (
  `id` int NOT NULL,
  `title` varchar(200) CHARACTER SET utf8mb4 COLLATE utf8mb4_general_ci NOT NULL,
  `employee_type` varchar(11) CHARACTER SET utf8mb4 COLLATE utf8mb4_general_ci NOT NULL COMMENT 'id from employe type table',
  `amount` varchar(20) CHARACTER SET utf8mb4 COLLATE utf8mb4_general_ci NOT NULL,
  `details` mediumtext CHARACTER SET utf8mb4 COLLATE utf8mb4_general_ci,
  `CreateDate` datetime NOT NULL,
  `CreateBy` varchar(11) CHARACTER SET utf8mb4 COLLATE utf8mb4_general_ci NOT NULL,
  `UpdateDate` datetime DEFAULT NULL,
  `UpdateBy` varchar(11) CHARACTER SET utf8mb4 COLLATE utf8mb4_general_ci DEFAULT NULL
) ENGINE=InnoDB DEFAULT CHARSET=utf8mb4 COLLATE=utf8mb4_general_ci;

--
-- Dumping data for table `hrm_allowance_setup`
--

INSERT INTO `hrm_allowance_setup` (`id`, `title`, `employee_type`, `amount`, `details`, `CreateDate`, `CreateBy`, `UpdateDate`, `UpdateBy`) VALUES
(1, 'Day Allowance', '1', '1000', 'Day Allowance', '2022-01-18 12:04:00', '1', NULL, NULL),
(2, 'Day Allowance', '2', '500', 'Day Allowance', '2022-01-18 12:04:00', '1', NULL, NULL),
(13, 'v', '3', '55677', 'ujghjghj', '2022-03-27 03:43:32', '1', NULL, NULL);

-- --------------------------------------------------------

--
-- Table structure for table `hrm_attachment_types`
--

CREATE TABLE `hrm_attachment_types` (
  `id` int NOT NULL,
  `name` varchar(100) NOT NULL,
  `CreateDate` datetime NOT NULL,
  `CreateBy` varchar(11) NOT NULL,
  `UpdateDate` datetime DEFAULT NULL,
  `UpdateBy` varchar(11) DEFAULT NULL
) ENGINE=InnoDB DEFAULT CHARSET=utf8mb3;

--
-- Dumping data for table `hrm_attachment_types`
--

INSERT INTO `hrm_attachment_types` (`id`, `name`, `CreateDate`, `CreateBy`, `UpdateDate`, `UpdateBy`) VALUES
(1, 'Increment', '2022-03-21 13:02:10', '1', NULL, NULL),
(2, 'Showcase', '2022-03-21 13:02:10', '1', NULL, NULL),
(3, 'Joining Letter', '2022-03-21 13:02:10', '1', NULL, NULL);

-- --------------------------------------------------------

--
-- Table structure for table `hrm_attendance_history`
--

CREATE TABLE `hrm_attendance_history` (
  `atten_his_id` int NOT NULL,
  `uid` int NOT NULL,
  `id` int NOT NULL DEFAULT '0',
  `state` longtext CHARACTER SET utf8mb4 COLLATE utf8mb4_general_ci NOT NULL,
  `atten_date` date NOT NULL COMMENT 'Here, date is the attendnace date, as there can be one day to another date attendance',
  `time` datetime NOT NULL
) ENGINE=InnoDB DEFAULT CHARSET=utf8mb4 COLLATE=utf8mb4_general_ci;

--
-- Dumping data for table `hrm_attendance_history`
--

INSERT INTO `hrm_attendance_history` (`atten_his_id`, `uid`, `id`, `state`, `atten_date`, `time`) VALUES
(1, 23, 0, '1', '2022-03-21', '2022-03-21 01:35:37'),
(2, 32, 0, '1', '2022-03-15', '2022-03-16 02:35:13'),
(3, 32, 0, '1', '2022-03-26', '2022-03-26 10:45:20'),
(4, 23, 0, '1', '2022-03-29', '2022-03-29 12:55:24'),
(5, 22, 0, '', '2022-04-02', '2022-04-02 14:42:43'),
(6, 22, 0, '', '2022-04-03', '2022-04-03 10:00:27'),
(7, 13, 0, '', '2022-04-03', '2022-04-03 10:58:14'),
(8, 22, 0, '', '2022-04-04', '2022-04-04 10:23:40'),
(9, 22, 0, '', '2022-04-05', '2022-04-05 10:14:28'),
(10, 36, 0, '', '2022-04-06', '2022-04-06 14:32:01'),
(11, 22, 0, '', '2022-04-06', '2022-04-06 14:34:24'),
(12, 36, 0, '', '2022-04-07', '2022-04-07 10:01:52'),
(13, 22, 0, '', '2022-04-07', '2022-04-07 10:22:20'),
(14, 22, 0, '', '2022-04-10', '2022-04-10 10:05:22'),
(15, 27, 0, '', '2022-04-10', '2022-04-10 11:05:20'),
(16, 27, 0, '', '2022-04-11', '2022-04-11 10:01:40'),
(17, 22, 0, '', '2022-04-11', '2022-04-11 10:37:48'),
(18, 22, 0, '', '2022-04-12', '2022-04-12 11:15:24');

-- --------------------------------------------------------

--
-- Table structure for table `hrm_attendance_setup`
--

CREATE TABLE `hrm_attendance_setup` (
  `attendance_setup_id` int NOT NULL,
  `in_time` varchar(200) CHARACTER SET utf8mb4 COLLATE utf8mb4_general_ci NOT NULL,
  `out_time` varchar(200) CHARACTER SET utf8mb4 COLLATE utf8mb4_general_ci NOT NULL,
  `CreateBy` varchar(11) CHARACTER SET utf8mb4 COLLATE utf8mb4_general_ci NOT NULL,
  `CreateDate` datetime NOT NULL,
  `UpdateBy` varchar(11) CHARACTER SET utf8mb4 COLLATE utf8mb4_general_ci DEFAULT NULL,
  `UpdateDate` datetime DEFAULT NULL
) ENGINE=InnoDB DEFAULT CHARSET=utf8mb4 COLLATE=utf8mb4_general_ci;

--
-- Dumping data for table `hrm_attendance_setup`
--

INSERT INTO `hrm_attendance_setup` (`attendance_setup_id`, `in_time`, `out_time`, `CreateBy`, `CreateDate`, `UpdateBy`, `UpdateDate`) VALUES
(1, '10:00', '18:30', '1', '2022-01-30 06:39:36', '1', '2022-03-21 12:23:38'),
(2, '14:58', '21:01', '1', '2022-03-26 03:01:35', NULL, NULL);

-- --------------------------------------------------------

--
-- Table structure for table `hrm_basic_salary_setup`
--

CREATE TABLE `hrm_basic_salary_setup` (
  `id` int NOT NULL,
  `employee_type` varchar(11) CHARACTER SET utf8mb4 COLLATE utf8mb4_general_ci NOT NULL COMMENT 'id from employe type table',
  `percent` varchar(11) CHARACTER SET utf8mb4 COLLATE utf8mb4_general_ci NOT NULL COMMENT 'percent less than 100',
  `details` mediumtext CHARACTER SET utf8mb4 COLLATE utf8mb4_general_ci,
  `CreateDate` datetime NOT NULL,
  `CreateBy` varchar(11) CHARACTER SET utf8mb4 COLLATE utf8mb4_general_ci NOT NULL,
  `UpdateDate` datetime DEFAULT NULL,
  `UpdateBy` varchar(11) CHARACTER SET utf8mb4 COLLATE utf8mb4_general_ci DEFAULT NULL
) ENGINE=InnoDB DEFAULT CHARSET=utf8mb4 COLLATE=utf8mb4_general_ci;

--
-- Dumping data for table `hrm_basic_salary_setup`
--

INSERT INTO `hrm_basic_salary_setup` (`id`, `employee_type`, `percent`, `details`, `CreateDate`, `CreateBy`, `UpdateDate`, `UpdateBy`) VALUES
(5, '2', '50', 'test', '2022-01-12 05:19:00', '1', '2022-03-27 03:43:09', '1'),
(6, '3', '70', 'Officers', '2022-01-13 12:44:00', '1', '2022-01-13 12:44:00', '1'),
(13, '19', '55', 'fgfgf', '2022-02-13 05:46:53', '1', NULL, NULL),
(15, '1', '70', 'Officeers setup', '2022-02-20 06:50:44', '1', NULL, NULL),
(16, '5', '50', 'test', '2022-02-20 06:50:55', '1', NULL, NULL);

-- --------------------------------------------------------

--
-- Table structure for table `hrm_best_employees`
--

CREATE TABLE `hrm_best_employees` (
  `id` int NOT NULL,
  `employee_id` varchar(20) NOT NULL,
  `date` varchar(50) NOT NULL,
  `reason` text,
  `CreateBy` varchar(11) NOT NULL,
  `CreateDate` datetime NOT NULL,
  `UpdateBy` varchar(11) NOT NULL,
  `UpdateDate` datetime DEFAULT NULL
) ENGINE=InnoDB DEFAULT CHARSET=utf8mb3;

--
-- Dumping data for table `hrm_best_employees`
--

INSERT INTO `hrm_best_employees` (`id`, `employee_id`, `date`, `reason`, `CreateBy`, `CreateDate`, `UpdateBy`, `UpdateDate`) VALUES
(2, '23', '2022-03', 'assas', '1', '2022-03-21 05:40:58', '', NULL),
(3, '26', '2022-03', '\r\ngxbvxbbb', '1', '2022-03-27 03:35:52', '', NULL);

-- --------------------------------------------------------

--
-- Table structure for table `hrm_branch`
--

CREATE TABLE `hrm_branch` (
  `id` int NOT NULL,
  `name` varchar(100) NOT NULL,
  `details` text,
  `CreateDate` datetime NOT NULL,
  `CreateBy` varchar(11) NOT NULL,
  `UpdateDate` datetime DEFAULT NULL,
  `UpdateBy` varchar(11) DEFAULT NULL
) ENGINE=InnoDB DEFAULT CHARSET=utf8mb3;

--
-- Dumping data for table `hrm_branch`
--

INSERT INTO `hrm_branch` (`id`, `name`, `details`, `CreateDate`, `CreateBy`, `UpdateDate`, `UpdateBy`) VALUES
(1, 'Factory', 'Factory', '2022-03-10 01:04:43', '1', '2022-03-13 06:37:31', '1'),
(2, 'Head office', 'Head office', '2022-03-10 01:11:03', '1', NULL, NULL),
(9, 'Uttara Branch', '', '2022-03-27 05:30:22', '21', '2022-03-27 05:30:58', '21'),
(10, 'Banani Branch', '', '2022-03-27 05:30:40', '21', NULL, NULL);

-- --------------------------------------------------------

--
-- Table structure for table `hrm_company_documemts`
--

CREATE TABLE `hrm_company_documemts` (
  `company_doc_id` int NOT NULL,
  `doc_type` enum('company','personal','letters') NOT NULL COMMENT 'Document type',
  `doc_titleE` varchar(200) NOT NULL COMMENT 'Document title English',
  `doc_titleA` varchar(200) DEFAULT NULL COMMENT 'Document title Arabic',
  `attachment` text NOT NULL,
  `dept_head_id` varchar(20) DEFAULT NULL COMMENT 'Dept Head For HR, when sending as department head to employee',
  `emp_id` varchar(11) DEFAULT NULL,
  `branch_id` int NOT NULL,
  `CreateDate` datetime NOT NULL,
  `CreateBy` varchar(20) NOT NULL,
  `UpdateDate` datetime DEFAULT NULL,
  `UpdateBy` varchar(20) DEFAULT NULL
) ENGINE=InnoDB DEFAULT CHARSET=utf8mb3;

-- --------------------------------------------------------

--
-- Table structure for table `hrm_company_structure`
--

CREATE TABLE `hrm_company_structure` (
  `HeadId` int NOT NULL,
  `HeadName` varchar(200) CHARACTER SET utf8 COLLATE utf8_unicode_ci NOT NULL,
  `PHeadName` varchar(200) CHARACTER SET utf8 COLLATE utf8_unicode_ci NOT NULL,
  `nameE` varchar(50) CHARACTER SET utf8 COLLATE utf8_unicode_ci DEFAULT NULL,
  `nameA` varchar(50) CHARACTER SET utf8 COLLATE utf8_unicode_ci DEFAULT NULL,
  `HeadLevel` int DEFAULT NULL,
  `EmpId` int NOT NULL COMMENT 'emp_id from employees table',
  `branch_id` int NOT NULL,
  `IsActive` tinyint(1) NOT NULL DEFAULT '1',
  `CreateBy` varchar(50) CHARACTER SET utf8 COLLATE utf8_unicode_ci NOT NULL,
  `CreateDate` datetime NOT NULL,
  `UpdateBy` varchar(50) CHARACTER SET utf8 COLLATE utf8_unicode_ci DEFAULT NULL,
  `UpdateDate` datetime DEFAULT NULL
) ENGINE=InnoDB DEFAULT CHARSET=utf8mb3 COLLATE=utf8_unicode_ci;

--
-- Dumping data for table `hrm_company_structure`
--

INSERT INTO `hrm_company_structure` (`HeadId`, `HeadName`, `PHeadName`, `nameE`, `nameA`, `HeadLevel`, `EmpId`, `branch_id`, `IsActive`, `CreateBy`, `CreateDate`, `UpdateBy`, `UpdateDate`) VALUES
(1, 'Chairman', 'root', 'Chairman', 'aaaa', NULL, 1, 7, 1, '1', '2021-09-29 17:47:50', '1', '2021-10-04 06:43:17'),
(18, 'C.E.O', 'Chairman', 'C.E.O', 'aaaa', NULL, 3, 7, 1, '1', '2021-11-22 09:27:05', NULL, NULL),
(19, 'Deputy C.E.O', 'C.E.O', 'Deputy C.E.O', 'ghgh', NULL, 4, 7, 1, '1', '2021-11-22 09:28:05', NULL, NULL),
(20, 'HRMS', 'Deputy C.E.O', 'HRMS', 'rtrtewe', NULL, 5, 7, 1, '1', '2021-11-22 09:28:19', NULL, NULL);

-- --------------------------------------------------------

--
-- Table structure for table `hrm_country_tbl`
--

CREATE TABLE `hrm_country_tbl` (
  `country_id` int NOT NULL,
  `shortname` varchar(3) NOT NULL,
  `country_name` varchar(150) NOT NULL,
  `phonecode` int NOT NULL
) ENGINE=InnoDB DEFAULT CHARSET=utf8mb3;

--
-- Dumping data for table `hrm_country_tbl`
--

INSERT INTO `hrm_country_tbl` (`country_id`, `shortname`, `country_name`, `phonecode`) VALUES
(1, 'AF', 'Afghanistan', 93),
(2, 'AL', 'Albania', 355),
(3, 'DZ', 'Algeria', 213),
(4, 'AS', 'American Samoa', 1684),
(5, 'AD', 'Andorra', 376),
(6, 'AO', 'Angola', 244),
(7, 'AI', 'Anguilla', 1264),
(8, 'AQ', 'Antarctica', 0),
(9, 'AG', 'Antigua And Barbuda', 1268),
(10, 'AR', 'Argentina', 54),
(11, 'AM', 'Armenia', 374),
(12, 'AW', 'Aruba', 297),
(13, 'AU', 'Australia', 61),
(14, 'AT', 'Austria', 43),
(15, 'AZ', 'Azerbaijan', 994),
(16, 'BS', 'Bahamas The', 1242),
(17, 'BH', 'Bahrain', 973),
(18, 'BD', 'Bangladesh', 880),
(19, 'BB', 'Barbados', 1246),
(20, 'BY', 'Belarus', 375),
(21, 'BE', 'Belgium', 32),
(22, 'BZ', 'Belize', 501),
(23, 'BJ', 'Benin', 229),
(24, 'BM', 'Bermuda', 1441),
(25, 'BT', 'Bhutan', 975),
(26, 'BO', 'Bolivia', 591),
(27, 'BA', 'Bosnia and Herzegovina', 387),
(28, 'BW', 'Botswana', 267),
(29, 'BV', 'Bouvet Island', 0),
(30, 'BR', 'Brazil', 55),
(31, 'IO', 'British Indian Ocean Territory', 246),
(32, 'BN', 'Brunei', 673),
(33, 'BG', 'Bulgaria', 359),
(34, 'BF', 'Burkina Faso', 226),
(35, 'BI', 'Burundi', 257),
(36, 'KH', 'Cambodia', 855),
(37, 'CM', 'Cameroon', 237),
(38, 'CA', 'Canada', 1),
(39, 'CV', 'Cape Verde', 238),
(40, 'KY', 'Cayman Islands', 1345),
(41, 'CF', 'Central African Republic', 236),
(42, 'TD', 'Chad', 235),
(43, 'CL', 'Chile', 56),
(44, 'CN', 'China', 86),
(45, 'CX', 'Christmas Island', 61),
(46, 'CC', 'Cocos (Keeling) Islands', 672),
(47, 'CO', 'Colombia', 57),
(48, 'KM', 'Comoros', 269),
(49, 'CG', 'Republic Of The Congo', 242),
(50, 'CD', 'Democratic Republic Of The Congo', 242),
(51, 'CK', 'Cook Islands', 682),
(52, 'CR', 'Costa Rica', 506),
(53, 'CI', 'Cote D\'Ivoire (Ivory Coast)', 225),
(54, 'HR', 'Croatia (Hrvatska)', 385),
(55, 'CU', 'Cuba', 53),
(56, 'CY', 'Cyprus', 357),
(57, 'CZ', 'Czech Republic', 420),
(58, 'DK', 'Denmark', 45),
(59, 'DJ', 'Djibouti', 253),
(60, 'DM', 'Dominica', 1767),
(61, 'DO', 'Dominican Republic', 1809),
(62, 'TP', 'East Timor', 670),
(63, 'EC', 'Ecuador', 593),
(64, 'EG', 'Egypt', 20),
(65, 'SV', 'El Salvador', 503),
(66, 'GQ', 'Equatorial Guinea', 240),
(67, 'ER', 'Eritrea', 291),
(68, 'EE', 'Estonia', 372),
(69, 'ET', 'Ethiopia', 251),
(70, 'XA', 'External Territories of Australia', 61),
(71, 'FK', 'Falkland Islands', 500),
(72, 'FO', 'Faroe Islands', 298),
(73, 'FJ', 'Fiji Islands', 679),
(74, 'FI', 'Finland', 358),
(75, 'FR', 'France', 33),
(76, 'GF', 'French Guiana', 594),
(77, 'PF', 'French Polynesia', 689),
(78, 'TF', 'French Southern Territories', 0),
(79, 'GA', 'Gabon', 241),
(80, 'GM', 'Gambia The', 220),
(81, 'GE', 'Georgia', 995),
(82, 'DE', 'Germany', 49),
(83, 'GH', 'Ghana', 233),
(84, 'GI', 'Gibraltar', 350),
(85, 'GR', 'Greece', 30),
(86, 'GL', 'Greenland', 299),
(87, 'GD', 'Grenada', 1473),
(88, 'GP', 'Guadeloupe', 590),
(89, 'GU', 'Guam', 1671),
(90, 'GT', 'Guatemala', 502),
(91, 'XU', 'Guernsey and Alderney', 44),
(92, 'GN', 'Guinea', 224),
(93, 'GW', 'Guinea-Bissau', 245),
(94, 'GY', 'Guyana', 592),
(95, 'HT', 'Haiti', 509),
(96, 'HM', 'Heard and McDonald Islands', 0),
(97, 'HN', 'Honduras', 504),
(98, 'HK', 'Hong Kong S.A.R.', 852),
(99, 'HU', 'Hungary', 36),
(100, 'IS', 'Iceland', 354),
(101, 'IN', 'India', 91),
(102, 'ID', 'Indonesia', 62),
(103, 'IR', 'Iran', 98),
(104, 'IQ', 'Iraq', 964),
(105, 'IE', 'Ireland', 353),
(106, 'IL', 'Israel', 972),
(107, 'IT', 'Italy', 39),
(108, 'JM', 'Jamaica', 1876),
(109, 'JP', 'Japan', 81),
(110, 'XJ', 'Jersey', 44),
(111, 'JO', 'Jordan', 962),
(112, 'KZ', 'Kazakhstan', 7),
(113, 'KE', 'Kenya', 254),
(114, 'KI', 'Kiribati', 686),
(115, 'KP', 'Korea North', 850),
(116, 'KR', 'Korea South', 82),
(117, 'KW', 'Kuwait', 965),
(118, 'KG', 'Kyrgyzstan', 996),
(119, 'LA', 'Laos', 856),
(120, 'LV', 'Latvia', 371),
(121, 'LB', 'Lebanon', 961),
(122, 'LS', 'Lesotho', 266),
(123, 'LR', 'Liberia', 231),
(124, 'LY', 'Libya', 218),
(125, 'LI', 'Liechtenstein', 423),
(126, 'LT', 'Lithuania', 370),
(127, 'LU', 'Luxembourg', 352),
(128, 'MO', 'Macau S.A.R.', 853),
(129, 'MK', 'Macedonia', 389),
(130, 'MG', 'Madagascar', 261),
(131, 'MW', 'Malawi', 265),
(132, 'MY', 'Malaysia', 60),
(133, 'MV', 'Maldives', 960),
(134, 'ML', 'Mali', 223),
(135, 'MT', 'Malta', 356),
(136, 'XM', 'Man (Isle of)', 44),
(137, 'MH', 'Marshall Islands', 692),
(138, 'MQ', 'Martinique', 596),
(139, 'MR', 'Mauritania', 222),
(140, 'MU', 'Mauritius', 230),
(141, 'YT', 'Mayotte', 269),
(142, 'MX', 'Mexico', 52),
(143, 'FM', 'Micronesia', 691),
(144, 'MD', 'Moldova', 373),
(145, 'MC', 'Monaco', 377),
(146, 'MN', 'Mongolia', 976),
(147, 'MS', 'Montserrat', 1664),
(148, 'MA', 'Morocco', 212),
(149, 'MZ', 'Mozambique', 258),
(150, 'MM', 'Myanmar', 95),
(151, 'NA', 'Namibia', 264),
(152, 'NR', 'Nauru', 674),
(153, 'NP', 'Nepal', 977),
(154, 'AN', 'Netherlands Antilles', 599),
(155, 'NL', 'Netherlands The', 31),
(156, 'NC', 'New Caledonia', 687),
(157, 'NZ', 'New Zealand', 64),
(158, 'NI', 'Nicaragua', 505),
(159, 'NE', 'Niger', 227),
(160, 'NG', 'Nigeria', 234),
(161, 'NU', 'Niue', 683),
(162, 'NF', 'Norfolk Island', 672),
(163, 'MP', 'Northern Mariana Islands', 1670),
(164, 'NO', 'Norway', 47),
(165, 'OM', 'Oman', 968),
(166, 'PK', 'Pakistan', 92),
(167, 'PW', 'Palau', 680),
(168, 'PS', 'Palestinian Territory Occupied', 970),
(169, 'PA', 'Panama', 507),
(170, 'PG', 'Papua new Guinea', 675),
(171, 'PY', 'Paraguay', 595),
(172, 'PE', 'Peru', 51),
(173, 'PH', 'Philippines', 63),
(174, 'PN', 'Pitcairn Island', 0),
(175, 'PL', 'Poland', 48),
(176, 'PT', 'Portugal', 351),
(177, 'PR', 'Puerto Rico', 1787),
(178, 'QA', 'Qatar', 974),
(179, 'RE', 'Reunion', 262),
(180, 'RO', 'Romania', 40),
(181, 'RU', 'Russia', 70),
(182, 'RW', 'Rwanda', 250),
(183, 'SH', 'Saint Helena', 290),
(184, 'KN', 'Saint Kitts And Nevis', 1869),
(185, 'LC', 'Saint Lucia', 1758),
(186, 'PM', 'Saint Pierre and Miquelon', 508),
(187, 'VC', 'Saint Vincent And The Grenadines', 1784),
(188, 'WS', 'Samoa', 684),
(189, 'SM', 'San Marino', 378),
(190, 'ST', 'Sao Tome and Principe', 239),
(191, 'SA', 'Saudi Arabia', 966),
(192, 'SN', 'Senegal', 221),
(193, 'RS', 'Serbia', 381),
(194, 'SC', 'Seychelles', 248),
(195, 'SL', 'Sierra Leone', 232),
(196, 'SG', 'Singapore', 65),
(197, 'SK', 'Slovakia', 421),
(198, 'SI', 'Slovenia', 386),
(199, 'XG', 'Smaller Territories of the UK', 44),
(200, 'SB', 'Solomon Islands', 677),
(201, 'SO', 'Somalia', 252),
(202, 'ZA', 'South Africa', 27),
(203, 'GS', 'South Georgia', 0),
(204, 'SS', 'South Sudan', 211),
(205, 'ES', 'Spain', 34),
(206, 'LK', 'Sri Lanka', 94),
(207, 'SD', 'Sudan', 249),
(208, 'SR', 'Suriname', 597),
(209, 'SJ', 'Svalbard And Jan Mayen Islands', 47),
(210, 'SZ', 'Swaziland', 268),
(211, 'SE', 'Sweden', 46),
(212, 'CH', 'Switzerland', 41),
(213, 'SY', 'Syria', 963),
(214, 'TW', 'Taiwan', 886),
(215, 'TJ', 'Tajikistan', 992),
(216, 'TZ', 'Tanzania', 255),
(217, 'TH', 'Thailand', 66),
(218, 'TG', 'Togo', 228),
(219, 'TK', 'Tokelau', 690),
(220, 'TO', 'Tonga', 676),
(221, 'TT', 'Trinidad And Tobago', 1868),
(222, 'TN', 'Tunisia', 216),
(223, 'TR', 'Turkey', 90),
(224, 'TM', 'Turkmenistan', 7370),
(225, 'TC', 'Turks And Caicos Islands', 1649),
(226, 'TV', 'Tuvalu', 688),
(227, 'UG', 'Uganda', 256),
(228, 'UA', 'Ukraine', 380),
(229, 'AE', 'United Arab Emirates', 971),
(230, 'GB', 'United Kingdom', 44),
(231, 'US', 'United States', 1),
(232, 'UM', 'United States Minor Outlying Islands', 1),
(233, 'UY', 'Uruguay', 598),
(234, 'UZ', 'Uzbekistan', 998),
(235, 'VU', 'Vanuatu', 678),
(236, 'VA', 'Vatican City State (Holy See)', 39),
(237, 'VE', 'Venezuela', 58),
(238, 'VN', 'Vietnam', 84),
(239, 'VG', 'Virgin Islands (British)', 1284),
(240, 'VI', 'Virgin Islands (US)', 1340),
(241, 'WF', 'Wallis And Futuna Islands', 681),
(242, 'EH', 'Western Sahara', 212),
(243, 'YE', 'Yemen', 967),
(244, 'YU', 'Yugoslavia', 38),
(245, 'ZM', 'Zambia', 260),
(246, 'ZW', 'Zimbabwe', 263);

-- --------------------------------------------------------

--
-- Table structure for table `hrm_cpl_leave`
--

CREATE TABLE `hrm_cpl_leave` (
  `id` int NOT NULL,
  `employee_id` varchar(11) CHARACTER SET utf8mb4 COLLATE utf8mb4_general_ci NOT NULL,
  `total_leave` varchar(11) CHARACTER SET utf8mb4 COLLATE utf8mb4_general_ci NOT NULL,
  `year` varchar(11) CHARACTER SET utf8mb4 COLLATE utf8mb4_general_ci NOT NULL COMMENT 'earned leave year'
) ENGINE=InnoDB DEFAULT CHARSET=utf8mb4 COLLATE=utf8mb4_general_ci;

--
-- Dumping data for table `hrm_cpl_leave`
--

INSERT INTO `hrm_cpl_leave` (`id`, `employee_id`, `total_leave`, `year`) VALUES
(1, '32', '1', '2022');

-- --------------------------------------------------------

--
-- Table structure for table `hrm_cpl_leave_history`
--

CREATE TABLE `hrm_cpl_leave_history` (
  `id` int NOT NULL,
  `employee_id` varchar(11) CHARACTER SET utf8mb4 COLLATE utf8mb4_general_ci NOT NULL,
  `is_leave` varchar(5) CHARACTER SET utf8mb4 COLLATE utf8mb4_general_ci NOT NULL,
  `date` date NOT NULL,
  `CreateDate` datetime NOT NULL,
  `CreateBy` varchar(11) CHARACTER SET utf8mb4 COLLATE utf8mb4_general_ci NOT NULL,
  `UpdateDate` datetime DEFAULT NULL,
  `UpdateBy` varchar(11) CHARACTER SET utf8mb4 COLLATE utf8mb4_general_ci DEFAULT NULL
) ENGINE=InnoDB DEFAULT CHARSET=utf8mb4 COLLATE=utf8mb4_general_ci;

--
-- Dumping data for table `hrm_cpl_leave_history`
--

INSERT INTO `hrm_cpl_leave_history` (`id`, `employee_id`, `is_leave`, `date`, `CreateDate`, `CreateBy`, `UpdateDate`, `UpdateBy`) VALUES
(1, '32', '1', '2022-03-26', '2022-03-26 02:46:58', '1', NULL, NULL);

-- --------------------------------------------------------

--
-- Table structure for table `hrm_departments`
--

CREATE TABLE `hrm_departments` (
  `id` int NOT NULL,
  `name` varchar(250) CHARACTER SET utf8mb4 COLLATE utf8mb4_general_ci NOT NULL,
  `details` mediumtext CHARACTER SET utf8mb4 COLLATE utf8mb4_general_ci,
  `department_head` varchar(11) CHARACTER SET utf8mb4 COLLATE utf8mb4_general_ci NOT NULL COMMENT 'employee_id will be selected here',
  `CreateDate` datetime NOT NULL,
  `CreateBy` varchar(20) CHARACTER SET utf8mb4 COLLATE utf8mb4_general_ci NOT NULL,
  `UpdateDate` datetime DEFAULT NULL,
  `UpdateBy` varchar(20) CHARACTER SET utf8mb4 COLLATE utf8mb4_general_ci DEFAULT NULL
) ENGINE=InnoDB DEFAULT CHARSET=utf8mb4 COLLATE=utf8mb4_general_ci;

--
-- Dumping data for table `hrm_departments`
--

INSERT INTO `hrm_departments` (`id`, `name`, `details`, `department_head`, `CreateDate`, `CreateBy`, `UpdateDate`, `UpdateBy`) VALUES
(8, 'Security', 'Security Dept', '', '2022-01-10 02:30:00', '1', '2022-01-10 03:01:00', '1'),
(9, 'Mil house', 'Mil house', '', '2022-01-10 03:28:00', '1', '2022-02-13 10:28:36', '1'),
(10, 'Pack House', 'Pack House', '', '2022-01-10 03:28:00', '1', '0000-00-00 00:00:00', NULL),
(11, 'Unloading', 'Unloading', '', '2022-01-10 03:29:00', '1', '0000-00-00 00:00:00', NULL),
(12, 'Test', 'dffdf', '', '2022-01-11 12:39:00', '1', '2022-02-01 10:45:00', '1'),
(21, 'Sales', 'Sales', '', '2022-02-12 05:38:35', '1', NULL, NULL),
(25, 'Accounts ', '', '3', '2022-03-21 12:32:16', '1', '2022-03-21 12:32:30', '1'),
(26, 'HRM', '', '31', '2022-03-21 02:06:46', '1', NULL, NULL),
(30, 'procurement', '', '35', '2022-03-22 07:32:40', '1', '2022-03-22 07:32:56', '1'),
(31, 'Sales Department 1', '', '32', '2022-03-27 05:31:31', '21', NULL, NULL),
(32, 'Purchase Department 01', '', '24', '2022-03-27 05:31:57', '21', NULL, NULL),
(33, 'ASA', '', '26', '2022-04-03 12:19:20', '1', NULL, NULL);

-- --------------------------------------------------------

--
-- Table structure for table `hrm_dept_members`
--

CREATE TABLE `hrm_dept_members` (
  `dept_mem_id` int NOT NULL,
  `comp_struc_hedid` int NOT NULL COMMENT ' Company structure HeadId',
  `emp_id` int NOT NULL COMMENT 'Employees table emp_id',
  `rank` int NOT NULL,
  `branch_id` int NOT NULL,
  `CreateBy` varchar(50) NOT NULL,
  `CreateDate` datetime NOT NULL,
  `UpdateBy` varchar(50) DEFAULT NULL,
  `UpdateDate` datetime DEFAULT NULL
) ENGINE=InnoDB DEFAULT CHARSET=utf8mb4 COLLATE=utf8mb4_0900_ai_ci;

--
-- Dumping data for table `hrm_dept_members`
--

INSERT INTO `hrm_dept_members` (`dept_mem_id`, `comp_struc_hedid`, `emp_id`, `rank`, `branch_id`, `CreateBy`, `CreateDate`, `UpdateBy`, `UpdateDate`) VALUES
(10, 20, 2, 1, 7, '1', '2021-11-22 09:29:17', NULL, NULL),
(11, 20, 6, 2, 7, '1', '2021-11-22 09:30:07', NULL, NULL),
(12, 19, 16, 1, 7, '1', '2021-11-22 09:30:45', NULL, NULL),
(13, 20, 30, 3, 8, '1', '2021-11-22 09:45:19', NULL, NULL);

-- --------------------------------------------------------

--
-- Table structure for table `hrm_designation`
--

CREATE TABLE `hrm_designation` (
  `id` int NOT NULL,
  `name` varchar(100) NOT NULL,
  `details` text,
  `CreateDate` datetime NOT NULL,
  `CreateBy` varchar(11) NOT NULL,
  `UpdateDate` datetime DEFAULT NULL,
  `UpdateBy` varchar(11) DEFAULT NULL
) ENGINE=InnoDB DEFAULT CHARSET=utf8mb3;

--
-- Dumping data for table `hrm_designation`
--

INSERT INTO `hrm_designation` (`id`, `name`, `details`, `CreateDate`, `CreateBy`, `UpdateDate`, `UpdateBy`) VALUES
(3, 'Salesman', 'Sales', '2022-03-10 12:16:56', '1', '2022-03-10 04:48:14', '1'),
(4, 'Hrm', 'Workers', '2022-03-10 12:17:17', '1', '2022-03-10 04:48:24', '1'),
(5, 'Manager', 'Manager', '2022-03-10 04:48:34', '1', NULL, NULL),
(6, 'Asst. Manager', 'Asst. Manager', '2022-03-10 04:48:46', '1', NULL, NULL),
(11, 'AGM', '', '2022-04-06 03:03:03', '1', NULL, NULL),
(12, 'GM', '', '2022-04-06 03:03:10', '1', NULL, NULL),
(13, 'Accounts ', '', '2022-04-06 03:03:40', '1', NULL, NULL);

-- --------------------------------------------------------

--
-- Table structure for table `hrm_duty_roster`
--

CREATE TABLE `hrm_duty_roster` (
  `roster_id` int NOT NULL,
  `rostentry_id` varchar(100) CHARACTER SET utf8mb4 COLLATE utf8mb4_general_ci NOT NULL,
  `shift_id` int NOT NULL,
  `roster_start` varchar(100) CHARACTER SET utf8mb4 COLLATE utf8mb4_general_ci NOT NULL,
  `roster_end` varchar(100) CHARACTER SET utf8mb4 COLLATE utf8mb4_general_ci NOT NULL,
  `roster_dsys` int NOT NULL COMMENT 'roster days',
  `department_id` varchar(20) CHARACTER SET utf8mb4 COLLATE utf8mb4_general_ci NOT NULL,
  `CreateDate` datetime NOT NULL,
  `CreateBy` varchar(11) CHARACTER SET utf8mb4 COLLATE utf8mb4_general_ci NOT NULL,
  `UpdateDate` datetime DEFAULT NULL,
  `UpdateBy` varchar(11) CHARACTER SET utf8mb4 COLLATE utf8mb4_general_ci DEFAULT NULL
) ENGINE=InnoDB DEFAULT CHARSET=utf8mb4 COLLATE=utf8mb4_general_ci;

-- --------------------------------------------------------

--
-- Table structure for table `hrm_earned_leave`
--

CREATE TABLE `hrm_earned_leave` (
  `id` int NOT NULL,
  `employee_id` varchar(11) CHARACTER SET utf8mb4 COLLATE utf8mb4_general_ci NOT NULL,
  `total_leave` varchar(11) CHARACTER SET utf8mb4 COLLATE utf8mb4_general_ci NOT NULL COMMENT 'Total leave after executing any filter',
  `year` varchar(11) CHARACTER SET utf8mb4 COLLATE utf8mb4_general_ci NOT NULL COMMENT 'Earned leave foir the year',
  `start_date` date NOT NULL COMMENT 'Earned leave generating start date',
  `end_date` date NOT NULL COMMENT 'Earned leave generating end date',
  `CreateDate` datetime NOT NULL,
  `CreateBy` varchar(11) CHARACTER SET utf8mb4 COLLATE utf8mb4_general_ci NOT NULL,
  `UpdateDate` datetime DEFAULT NULL,
  `UpdateBy` varchar(11) CHARACTER SET utf8mb4 COLLATE utf8mb4_general_ci DEFAULT NULL
) ENGINE=InnoDB DEFAULT CHARSET=utf8mb4 COLLATE=utf8mb4_general_ci;

--
-- Dumping data for table `hrm_earned_leave`
--

INSERT INTO `hrm_earned_leave` (`id`, `employee_id`, `total_leave`, `year`, `start_date`, `end_date`, `CreateDate`, `CreateBy`, `UpdateDate`, `UpdateBy`) VALUES
(1, '24', '0', '', '2022-01-01', '2022-01-31', '2022-03-29 01:36:51', '1', NULL, NULL);

-- --------------------------------------------------------

--
-- Table structure for table `hrm_employees`
--

CREATE TABLE `hrm_employees` (
  `id` int NOT NULL,
  `employee_id` varchar(20) CHARACTER SET utf8mb4 COLLATE utf8mb4_general_ci NOT NULL COMMENT 'This id will be used everywhere for making relation',
  `first_name` varchar(50) CHARACTER SET utf8mb4 COLLATE utf8mb4_general_ci NOT NULL,
  `last_name` varchar(50) CHARACTER SET utf8mb4 COLLATE utf8mb4_general_ci NOT NULL,
  `bangla_name` text CHARACTER SET utf8mb4 COLLATE utf8mb4_general_ci,
  `mother_name` varchar(200) CHARACTER SET utf8mb4 COLLATE utf8mb4_general_ci NOT NULL,
  `father_name` varchar(200) CHARACTER SET utf8mb4 COLLATE utf8mb4_general_ci NOT NULL,
  `designation` varchar(11) CHARACTER SET utf8mb4 COLLATE utf8mb4_general_ci NOT NULL,
  `educational_qualification` varchar(200) CHARACTER SET utf8mb4 COLLATE utf8mb4_general_ci NOT NULL,
  `work_place` varchar(200) CHARACTER SET utf8mb4 COLLATE utf8mb4_general_ci NOT NULL,
  `birth_date` date DEFAULT NULL,
  `branch` varchar(11) CHARACTER SET utf8mb4 COLLATE utf8mb4_general_ci NOT NULL,
  `superior` varchar(11) CHARACTER SET utf8mb4 COLLATE utf8mb4_general_ci NOT NULL,
  `nationality` varchar(100) CHARACTER SET utf8mb4 COLLATE utf8mb4_general_ci NOT NULL,
  `joining_date` date NOT NULL,
  `gender` varchar(20) CHARACTER SET utf8mb4 COLLATE utf8mb4_general_ci NOT NULL,
  `email` varchar(50) CHARACTER SET utf8mb4 COLLATE utf8mb4_general_ci DEFAULT NULL,
  `department` varchar(50) CHARACTER SET utf8mb4 COLLATE utf8mb4_general_ci NOT NULL COMMENT 'id from department table',
  `employee_type` varchar(50) CHARACTER SET utf8mb4 COLLATE utf8mb4_general_ci NOT NULL COMMENT 'id from employee_type table',
  `salary_type` varchar(50) CHARACTER SET utf8mb4 COLLATE utf8mb4_general_ci NOT NULL,
  `gross_salary` varchar(20) CHARACTER SET utf8mb4 COLLATE utf8mb4_general_ci NOT NULL,
  `blood_group` varchar(20) CHARACTER SET utf8mb4 COLLATE utf8mb4_general_ci DEFAULT NULL,
  `present_address` mediumtext CHARACTER SET utf8mb4 COLLATE utf8mb4_general_ci NOT NULL,
  `permanent_address` mediumtext CHARACTER SET utf8mb4 COLLATE utf8mb4_general_ci,
  `mobile_no1` varchar(50) CHARACTER SET utf8mb4 COLLATE utf8mb4_general_ci NOT NULL,
  `mobile_no2` varchar(50) CHARACTER SET utf8mb4 COLLATE utf8mb4_general_ci DEFAULT NULL,
  `country` varchar(50) CHARACTER SET utf8mb4 COLLATE utf8mb4_general_ci DEFAULT NULL,
  `city` varchar(50) CHARACTER SET utf8mb4 COLLATE utf8mb4_general_ci DEFAULT NULL,
  `zip_code` varchar(50) CHARACTER SET utf8mb4 COLLATE utf8mb4_general_ci DEFAULT NULL,
  `image` mediumtext CHARACTER SET utf8mb4 COLLATE utf8mb4_general_ci NOT NULL,
  `nid_no` varchar(50) CHARACTER SET utf8mb4 COLLATE utf8mb4_general_ci DEFAULT NULL,
  `nid_file` mediumtext CHARACTER SET utf8mb4 COLLATE utf8mb4_general_ci,
  `signature_file` mediumtext CHARACTER SET utf8mb4 COLLATE utf8mb4_general_ci,
  `status` int NOT NULL DEFAULT '0',
  `in_duty_roster` int NOT NULL DEFAULT '0',
  `imported` tinyint(1) NOT NULL DEFAULT '0' COMMENT 'if imported, then set 1',
  `CreateDate` datetime NOT NULL,
  `CreateBy` varchar(50) CHARACTER SET utf8mb4 COLLATE utf8mb4_general_ci NOT NULL,
  `UpdateDate` datetime DEFAULT NULL,
  `UpdateBy` varchar(50) CHARACTER SET utf8mb4 COLLATE utf8mb4_general_ci DEFAULT NULL
) ENGINE=InnoDB DEFAULT CHARSET=utf8mb4 COLLATE=utf8mb4_general_ci;

--
-- Dumping data for table `hrm_employees`
--

INSERT INTO `hrm_employees` (`id`, `employee_id`, `first_name`, `last_name`, `bangla_name`, `mother_name`, `father_name`, `designation`, `educational_qualification`, `work_place`, `birth_date`, `branch`, `superior`, `nationality`, `joining_date`, `gender`, `email`, `department`, `employee_type`, `salary_type`, `gross_salary`, `blood_group`, `present_address`, `permanent_address`, `mobile_no1`, `mobile_no2`, `country`, `city`, `zip_code`, `image`, `nid_no`, `nid_file`, `signature_file`, `status`, `in_duty_roster`, `imported`, `CreateDate`, `CreateBy`, `UpdateDate`, `UpdateBy`) VALUES
(1, '23', 'Mahub', 'Misor', 'Test', 'Test', 'Test', '3', 'Bsc', 'Dhaka', '2003-01-16', '1', '24', '18', '2022-02-15', 'Male', 'misor@gmail.com', '21', '3', 'hourly', '50000', 'O+', 'fdfdf', 'fgfg', '2930545', '2930545', 'Bangladesh', 'test', '1212', '/assets/dist/img/employee//1644920694_99dac440a9e34b6253f7.png', '6545454', '/assets/dist/img/employee//1644920694_7c32f25348363942413a.jpg', '/assets/dist/img/employee_signature/signature.jpg', 1, 1, 0, '2022-02-15 04:24:54', '1', '2022-03-22 11:23:48', '1'),
(2, '24', 'Kausar', 'Ahmed', 'test', 'Test2', 'Test', '3', 'SSC', 'Dhaka', '1995-01-01', '1', '1', '18', '2022-02-15', 'Male', 'test@gmail.com', '8', '2', 'salary', '30000', 'A+', 'test city', '', '2930545', '2930545', 'Brunei', 'test', '1212', '/assets/dist/img/employee//1647840983_1dc5ff88680925671c90.jpg', '6545454676', '', '', 1, 1, 0, '2022-02-15 04:44:51', '1', '2022-03-21 11:36:23', '1'),
(3, '25', 'Tuhin', 'Sarkar', 'ereeee', 'tyty', 'ghg', '4', 'SSC', 'Dhaka', '2004-01-08', '1', '23', '18', '2022-01-30', 'Male', 'yuhin@gmail.com', '26', '1', 'hourly', '40000', 'A+', 'fdfdf', '', '888', '88888888', 'Bangladesh', 'test', '1212', '/assets/dist/img/employee//1647841067_f63ae777562528beb247.jpg', '222222222222', '', '', 1, 1, 0, '2022-02-15 04:46:08', '1', '2022-03-27 05:39:33', '1'),
(4, '26', 'Sadman', 'Sakib', 'ereeee', 'tyty', 'ghg', '3', 'SSC', 'Dhaka', '2003-01-01', '1', '6', '2', '2022-02-17', 'Male', 'sadman@gmail.com', '10', '3', 'hourly', '48000', 'A+', 'fdfdf', 'Dhaka', '2930545', '121212', 'Bangladesh', 'test', '1212', '/assets/dist/img/employee//1647841145_0929fd0685a6d4f80a85.png', '898989', '', '/assets/dist/img/employee_signature//1645336367_2125af6737c241d77e3c.png', 1, 1, 0, '2022-02-17 05:37:58', '1', '2022-03-21 11:39:05', '1'),
(5, '27', 'Sales', 'Men', 'ereeee', 'Test2', 'Test', '5', 'Bsc', 'Dhaka', '1992-01-22', '1', '6', '6', '2022-02-03', 'Male', 'salesmen@gmail.com', '21', '19', 'salary', '25000', 'A+', 'test', 'test', '5285898844', '4565656555', 'bangladesh', 'dhaka', '10', '/assets/dist/img/employee//1647841267_09a72da7def32a4762f1.jpg', '23423423234', '', '/assets/dist/img/employee_signature//1645356850_f0ee035d127c8412f221.png', 1, 0, 0, '2022-02-20 05:34:10', '1', '2022-03-21 11:41:07', '1'),
(9, '29', 'SM', 'Hasan', 'ereeee', 'tyty', 'Test', '3', 'Bsc', 'Dhaka', '1991-01-10', '1', '26', '3', '1992-03-19', 'Male', 'sm@gm.com', '11', '4', 'hourly', '30000', 'A+', 'test', '', '67555555', '68888056', NULL, '', '', '', '9090984', '', '', 1, 1, 1, '2022-02-27 12:07:49', '1', '2022-03-22 11:38:52', '1'),
(12, '31', 'Shakib', 'Ahmed', ' ', 'Fatema Rahman', 'Khalek Habid', '5', 'BSC', 'Dhaka', '2008-01-21', '2', '24', '18', '2022-03-01', 'Male', 'nabid@gmail.com', '8', '1', 'salary', '255', 'O+ ', 'nikunja-2', 'Faridpur', '01687449864', '015845514', NULL, 'Dhaka', '25', '/assets/dist/img/employee//1647846897_6c79523c95149dc20881.jpg', '4565468', '/assets/dist/img/employee//1647846745_9478dac68fee5600329c.png', '/assets/dist/img/employee_signature//1647846745_02b65011a5aa4d3fcba1.png', 1, 0, 0, '2022-03-21 01:12:25', '1', '2022-03-21 02:15:55', '1'),
(13, '32', 'Ahad', 'Hossain', ' ', 'Nabila Rahman', 'Khalek Hossain', '5', 'BSC', 'Dhaka', '1981-01-08', '1', '23', '18', '2022-03-01', 'Male', 'admin@gmail.com', '8', '2', 'salary', '545', 'O+ ', 'nikunja-2', 'Jamal Pur', '0125485214', '4356365', NULL, 'Dhaka', '25', '/assets/dist/img/employee//1647850949_fe6f10200daf6d8cb862.png', '354636', '/assets/dist/img/employee//1647850949_32e6d54e30fec1e208de.png', '/assets/dist/img/employee_signature//1647850949_f18bb8ca5785a72b4674.png', 1, 0, 0, '2022-03-21 02:22:29', '1', NULL, NULL),
(17, '35', 'Harunur', 'Rashid', ' ', 'Asiya', 'Habid', '3', 'SSC', 'Dhaka', '1991-01-18', '1', '23', '18', '2022-03-21', 'Male', 'harun@gmail.com', '10', '3', 'hourly', '30000', 'O+', 'Khilkhet, Dhaka', 'Khilkhet, Dhaka', '092349211', '092349211', NULL, '', '', '/assets/dist/img/employee//1647863029_9604075ea5ff04aaec12.jpg', '8342892321', '', '', 1, 0, 0, '2022-03-21 05:43:49', '1', '2022-03-22 07:50:15', '1'),
(18, '36', 'Nabid', 'Ahmed', ' ', 'Nabila Rahman', 'Khalek Habid', '3', 'BSC', 'Dhaka', '2009-01-09', '2', '23', '18', '2022-03-01', 'Male', 'nabid1@gmail.com', '10', '19', 'hourly', '5000000000000000', 'O+ ', 'nikunja-2', 'D', '01687449864', '01687449864', NULL, 'Dhaka', '25', '/assets/dist/img/employee//1648962240_b8098be6288189ecbb96.jpg', '45332', '/assets/dist/img/employee//1648962240_9b2dbab636a51ed96925.png', '/assets/dist/img/employee_signature//1649221713_c12a37e600041ad234b9.png', 1, 0, 0, '2022-04-03 11:04:00', '1', '2022-04-06 11:08:33', '1'),
(19, '37', 'jamshed', 'alam', 'jamshed', 'Mrs Mother', 'Mr father', '3', 'bhbhb', 'ctfctfc', '2022-04-21', '2', '23', '18', '2021-01-05', 'Male', 'jamshed@gmail.com', '21', '19', 'salary', '25000', 'asdfasd', 'jams', 'sdfgsdfg', '0121321654', '018457845', NULL, 'dhaka', '1212', '/assets/dist/img/employee//1648966834_26f886aa3170ea7c259e.jpg', '258456754345', '', '', 1, 0, 0, '2022-04-03 12:20:34', '1', NULL, NULL),
(20, '38', 'Arif ', 'Khan', '', 'Fatema Rahman', 'Khalek Habid', '3', 'BSC', 'Dhaka', '2004-01-08', '2', '36', '18', '2021-01-07', 'Male', 'arif@gmail.com', '21', '19', 'salary', '555555555555', 'O+', 'Dhaka', '', '0185685545', '01845965221', NULL, '', '', '/assets/dist/img/employee//1649223037_6282276b1444ee9e0a80.png', '01245587', '/assets/dist/img/employee//1649223037_40c64072285a56f209cd.png', '/assets/dist/img/employee_signature//1649223037_16dd4effface7a6bc695.png', 1, 0, 0, '2022-04-06 11:30:37', '1', NULL, NULL),
(21, '39', 'Royel', 'Miya', '', 'Fatema Rahman', 'Khalek Habid', '3', 'BSC', 'Dhaka', '2011-01-14', '2', '36', '18', '2009-01-15', 'Male', 'royel@gmail.com', '21', '19', 'salary', '34343', 'O+ ', 'dhaka', '', '0187554869', '01245887596', NULL, '', '', '/assets/dist/img/employee//1649225778_dcd82af6be675a371224.png', '4345323', '/assets/dist/img/employee//1649225778_8903953ffd7bff50b168.png', '/assets/dist/img/employee_signature//1649225778_205f86b655f3b2e36bcf.png', 1, 0, 0, '2022-04-06 12:16:18', '1', NULL, NULL);

-- --------------------------------------------------------

--
-- Table structure for table `hrm_employee_attachments`
--

CREATE TABLE `hrm_employee_attachments` (
  `id` int NOT NULL,
  `employee_id` varchar(20) NOT NULL,
  `attachment_type` varchar(11) NOT NULL,
  `attachment_path` text,
  `description` text,
  `date` date DEFAULT NULL
) ENGINE=InnoDB DEFAULT CHARSET=utf8mb3;

--
-- Dumping data for table `hrm_employee_attachments`
--

INSERT INTO `hrm_employee_attachments` (`id`, `employee_id`, `attachment_type`, `attachment_path`, `description`, `date`) VALUES
(1, '31', '3', './assets/dist/img/employee_attachments/1647850556671.png', 'ghgggggggggggggggg', '2022-03-21'),
(2, '35', '1', './assets/dist/img/employee_attachments/1647863029831.jpg', 'test', '2022-03-23');

-- --------------------------------------------------------

--
-- Table structure for table `hrm_employee_release`
--

CREATE TABLE `hrm_employee_release` (
  `emp_release_id` int NOT NULL,
  `emp_id` varchar(20) NOT NULL COMMENT 'employee to release',
  `comp_struc_hedid` varchar(20) NOT NULL COMMENT 'comp_struc_hedid / department release from',
  `rank` varchar(20) NOT NULL COMMENT 'employee position or rank',
  `release_date` datetime NOT NULL,
  `release_by` varchar(11) NOT NULL,
  `branch_id` int DEFAULT NULL
) ENGINE=InnoDB DEFAULT CHARSET=utf8mb3;

-- --------------------------------------------------------

--
-- Table structure for table `hrm_employee_salary`
--

CREATE TABLE `hrm_employee_salary` (
  `emp_salary_id` int NOT NULL,
  `emp_id` int NOT NULL COMMENT 'by this we will fetch salary setup data',
  `working_days_per_week` varchar(11) NOT NULL,
  `hours_per_day` varchar(11) NOT NULL,
  `basic_salary` varchar(11) NOT NULL,
  `housing_allowance` varchar(11) NOT NULL,
  `other_allowance` varchar(11) NOT NULL,
  `transport_allowance` varchar(11) NOT NULL,
  `basic_salary_gosi_sn` varchar(11) DEFAULT NULL COMMENT 'sn = saudi nationals',
  `housing_allowance_gosi_sn` varchar(11) DEFAULT NULL COMMENT 'sn = saudi nationals',
  `other_allowance_gosi_sn` varchar(11) DEFAULT NULL COMMENT 'sn = saudi nationals',
  `total_salary_gosi_sn` varchar(11) DEFAULT NULL COMMENT 'sn = saudi nationals',
  `food_allowance` varchar(11) NOT NULL DEFAULT '0',
  `paid_vacations` int NOT NULL DEFAULT '0',
  `gross_salary` varchar(11) NOT NULL,
  `num_of_days_worked` varchar(11) NOT NULL,
  `total_salary_to_be_paid` varchar(11) NOT NULL,
  `additional_allowance` varchar(11) NOT NULL,
  `overtime_hours` varchar(11) DEFAULT NULL,
  `overtime_amount_for_month` varchar(11) DEFAULT NULL,
  `total_salary_after_additional_allowance` varchar(11) NOT NULL,
  `loan_request_id` int DEFAULT NULL COMMENT 'if there is any approved loan',
  `outstanding_loan_untill_prev_month` varchar(11) DEFAULT NULL,
  `loan_deduction_for_the_month` varchar(11) DEFAULT NULL,
  `num_of_hrs_for_late_atten` varchar(11) DEFAULT NULL,
  `deduction_for_late_atten` varchar(11) DEFAULT NULL,
  `deduction_for_gosi` varchar(11) DEFAULT NULL,
  `penalty` varchar(11) DEFAULT NULL,
  `total_deductions` varchar(11) NOT NULL,
  `net_salary` varchar(11) NOT NULL,
  `status` tinyint(1) NOT NULL DEFAULT '0' COMMENT '1= paid, 0 = not paid salary',
  `branch_id` int NOT NULL,
  `CreateBy` varchar(11) NOT NULL,
  `CreateDate` datetime NOT NULL,
  `UpdateBy` varchar(11) DEFAULT NULL,
  `UpdateDate` datetime DEFAULT NULL
) ENGINE=InnoDB DEFAULT CHARSET=utf8mb3;

--
-- Dumping data for table `hrm_employee_salary`
--

INSERT INTO `hrm_employee_salary` (`emp_salary_id`, `emp_id`, `working_days_per_week`, `hours_per_day`, `basic_salary`, `housing_allowance`, `other_allowance`, `transport_allowance`, `basic_salary_gosi_sn`, `housing_allowance_gosi_sn`, `other_allowance_gosi_sn`, `total_salary_gosi_sn`, `food_allowance`, `paid_vacations`, `gross_salary`, `num_of_days_worked`, `total_salary_to_be_paid`, `additional_allowance`, `overtime_hours`, `overtime_amount_for_month`, `total_salary_after_additional_allowance`, `loan_request_id`, `outstanding_loan_untill_prev_month`, `loan_deduction_for_the_month`, `num_of_hrs_for_late_atten`, `deduction_for_late_atten`, `deduction_for_gosi`, `penalty`, `total_deductions`, `net_salary`, `status`, `branch_id`, `CreateBy`, `CreateDate`, `UpdateBy`, `UpdateDate`) VALUES
(1, 3, '5', '8', '10000', '500', '700', '500', NULL, NULL, NULL, NULL, '700', 4, '12100', '1', '403.33', '0', '0', '0', '403.33', 2, '7000', '1400', '.5', '30.25', '0', '0', '0', '232321', 0, 8, '1', '2021-10-22 18:46:14', NULL, NULL);

-- --------------------------------------------------------

--
-- Table structure for table `hrm_employee_salary_payment`
--

CREATE TABLE `hrm_employee_salary_payment` (
  `emp_sal_pay_id` int NOT NULL,
  `generate_id` int NOT NULL,
  `employee_id` int NOT NULL,
  `total_salary` decimal(18,2) NOT NULL DEFAULT '0.00',
  `total_working_minutes` varchar(50) CHARACTER SET utf8mb4 COLLATE utf8mb4_general_ci DEFAULT NULL,
  `working_period` varchar(50) CHARACTER SET utf8mb4 COLLATE utf8mb4_general_ci DEFAULT NULL,
  `payment_due` varchar(50) CHARACTER SET utf8mb4 COLLATE utf8mb4_general_ci DEFAULT NULL,
  `payment_date` varchar(50) CHARACTER SET utf8mb4 COLLATE utf8mb4_general_ci DEFAULT NULL,
  `paid_by` int DEFAULT NULL,
  `salary_month` varchar(70) CHARACTER SET utf8mb4 COLLATE utf8mb4_general_ci DEFAULT NULL,
  `createDate` date NOT NULL,
  `CreateBy` varchar(11) CHARACTER SET utf8mb4 COLLATE utf8mb4_general_ci NOT NULL,
  `updateDate` date DEFAULT NULL,
  `updateBy` varchar(11) CHARACTER SET utf8mb4 COLLATE utf8mb4_general_ci DEFAULT NULL
) ENGINE=InnoDB DEFAULT CHARSET=utf8mb4 COLLATE=utf8mb4_general_ci;

-- --------------------------------------------------------

--
-- Table structure for table `hrm_employee_salary_setup`
--

CREATE TABLE `hrm_employee_salary_setup` (
  `id` int UNSIGNED NOT NULL,
  `employee_id` int NOT NULL COMMENT 'form hrm_employees table',
  `sal_type` int NOT NULL COMMENT 'hourly or salary',
  `salary_type_id` int NOT NULL COMMENT 'id from salary_benefit table',
  `amount` decimal(12,2) NOT NULL DEFAULT '0.00' COMMENT 'in percentage',
  `gross_salary` float NOT NULL,
  `create_date` date DEFAULT NULL,
  `create_by` varchar(11) CHARACTER SET utf8mb4 COLLATE utf8mb4_general_ci NOT NULL,
  `update_date` date DEFAULT NULL,
  `update_by` varchar(30) CHARACTER SET utf8mb4 COLLATE utf8mb4_general_ci DEFAULT NULL
) ENGINE=InnoDB DEFAULT CHARSET=utf8mb4 COLLATE=utf8mb4_general_ci;

--
-- Dumping data for table `hrm_employee_salary_setup`
--

INSERT INTO `hrm_employee_salary_setup` (`id`, `employee_id`, `sal_type`, `salary_type_id`, `amount`, `gross_salary`, `create_date`, `create_by`, `update_date`, `update_by`) VALUES
(1, 23, 0, 4, '5.00', 46500, '2022-03-22', '1', NULL, NULL),
(2, 23, 0, 5, '15.00', 46500, '2022-03-22', '1', NULL, NULL),
(3, 23, 0, 8, '10.00', 46500, '2022-03-22', '1', NULL, NULL),
(4, 23, 0, 6, '5.00', 46500, '2022-03-22', '1', NULL, NULL),
(5, 23, 0, 7, '5.00', 46500, '2022-03-22', '1', NULL, NULL);

-- --------------------------------------------------------

--
-- Table structure for table `hrm_employee_types`
--

CREATE TABLE `hrm_employee_types` (
  `id` int NOT NULL,
  `type` varchar(250) CHARACTER SET utf8mb4 COLLATE utf8mb4_general_ci NOT NULL,
  `details` mediumtext CHARACTER SET utf8mb4 COLLATE utf8mb4_general_ci,
  `CreateDate` datetime NOT NULL,
  `CreateBy` varchar(20) CHARACTER SET utf8mb4 COLLATE utf8mb4_general_ci NOT NULL,
  `UpdateDate` datetime DEFAULT NULL,
  `UpdateBy` varchar(20) CHARACTER SET utf8mb4 COLLATE utf8mb4_general_ci DEFAULT NULL
) ENGINE=InnoDB DEFAULT CHARSET=utf8mb4 COLLATE=utf8mb4_general_ci;

--
-- Dumping data for table `hrm_employee_types`
--

INSERT INTO `hrm_employee_types` (`id`, `type`, `details`, `CreateDate`, `CreateBy`, `UpdateDate`, `UpdateBy`) VALUES
(1, 'Officer', 'Officers', '2022-01-10 04:44:00', '1', '2022-01-13 11:23:00', '1'),
(2, 'Security', 'Security', '2022-01-10 04:45:00', '1', NULL, NULL),
(3, 'Permanent worker', 'Permanent worker', '2022-01-10 04:45:00', '1', '2022-01-10 05:11:00', '1'),
(4, 'Staff', 'Staff', '2022-01-18 12:29:00', '1', NULL, NULL),
(5, 'Casual Worker', 'Casual Worker', '2022-01-18 12:29:00', '1', NULL, NULL),
(19, 'Sale', 'Sale', '2022-02-12 05:39:08', '1', '2022-03-27 03:35:03', '1'),
(23, 'tydfsg', '', '2022-03-08 06:38:26', '1', NULL, NULL);

-- --------------------------------------------------------

--
-- Table structure for table `hrm_emproster_assign`
--

CREATE TABLE `hrm_emproster_assign` (
  `sftasnid` int NOT NULL,
  `roster_id` varchar(100) CHARACTER SET utf8mb4 COLLATE utf8mb4_general_ci NOT NULL,
  `emp_id` varchar(100) CHARACTER SET utf8mb4 COLLATE utf8mb4_general_ci NOT NULL,
  `emp_startroster_date` date NOT NULL,
  `emp_endroster_date` date NOT NULL,
  `emp_startroster_time` mediumtext CHARACTER SET utf8mb4 COLLATE utf8mb4_general_ci NOT NULL,
  `emp_endroster_time` mediumtext CHARACTER SET utf8mb4 COLLATE utf8mb4_general_ci NOT NULL,
  `is_complete` int NOT NULL DEFAULT '0' COMMENT '1 = attend, 2 = leave, 3=absent',
  `is_edited` int NOT NULL DEFAULT '0' COMMENT '1 = Edited 0 = not edited',
  `department_id` varchar(20) CHARACTER SET utf8mb4 COLLATE utf8mb4_general_ci DEFAULT NULL,
  `remarks` mediumtext CHARACTER SET utf8mb4 COLLATE utf8mb4_general_ci,
  `CreateDate` datetime NOT NULL,
  `CreateBy` varchar(11) CHARACTER SET utf8mb4 COLLATE utf8mb4_general_ci NOT NULL,
  `UpdateDate` datetime DEFAULT NULL,
  `UpdateBy` varchar(11) CHARACTER SET utf8mb4 COLLATE utf8mb4_general_ci DEFAULT NULL
) ENGINE=InnoDB DEFAULT CHARSET=utf8mb4 COLLATE=utf8mb4_general_ci;

-- --------------------------------------------------------

--
-- Table structure for table `hrm_empwork_shift`
--

CREATE TABLE `hrm_empwork_shift` (
  `shiftid` int NOT NULL,
  `shift_name` mediumtext CHARACTER SET utf8mb4 COLLATE utf8mb4_general_ci NOT NULL,
  `shift_start` mediumtext CHARACTER SET utf8mb4 COLLATE utf8mb4_general_ci NOT NULL COMMENT 'Here time will be in 24 hours format',
  `shift_end` mediumtext CHARACTER SET utf8mb4 COLLATE utf8mb4_general_ci NOT NULL COMMENT 'Here time will be in 24 hours format',
  `shift_duration` mediumtext CHARACTER SET utf8mb4 COLLATE utf8mb4_general_ci NOT NULL,
  `department_id` varchar(11) CHARACTER SET utf8mb4 COLLATE utf8mb4_general_ci NOT NULL,
  `CreateDate` datetime NOT NULL,
  `CreateBy` varchar(11) CHARACTER SET utf8mb4 COLLATE utf8mb4_general_ci NOT NULL,
  `UpdateDate` datetime DEFAULT NULL,
  `UpdateBy` varchar(11) CHARACTER SET utf8mb4 COLLATE utf8mb4_general_ci DEFAULT NULL
) ENGINE=InnoDB DEFAULT CHARSET=utf8mb4 COLLATE=utf8mb4_general_ci;

--
-- Dumping data for table `hrm_empwork_shift`
--

INSERT INTO `hrm_empwork_shift` (`shiftid`, `shift_name`, `shift_start`, `shift_end`, `shift_duration`, `department_id`, `CreateDate`, `CreateBy`, `UpdateDate`, `UpdateBy`) VALUES
(1, 'Morning', '06:30', '14:00', '7:30', '8', '2022-02-15 04:41:21', '1', NULL, NULL),
(2, 'Noon', '14:01', '22:00', '7:59', '8', '2022-02-15 04:41:54', '1', NULL, NULL),
(3, 'Night', '22:01', '06:29', '8:28', '8', '2022-02-15 04:42:39', '1', NULL, NULL),
(4, 'Morning', '06:00', '14:00', '8:00', '9', '2022-02-15 06:37:39', '1', NULL, NULL),
(5, 'Noon', '14:01', '22:00', '7:59', '9', '2022-02-15 06:38:03', '1', NULL, NULL),
(6, 'night', '22:01', '05:59', '7:58', '9', '2022-02-16 04:22:07', '1', NULL, NULL);

-- --------------------------------------------------------

--
-- Table structure for table `hrm_holidays`
--

CREATE TABLE `hrm_holidays` (
  `holiday_id` int NOT NULL,
  `holiday_name` varchar(200) CHARACTER SET utf8mb4 COLLATE utf8mb4_general_ci NOT NULL,
  `start_date` date NOT NULL,
  `end_date` date NOT NULL,
  `no_of_days` varchar(30) CHARACTER SET utf8mb4 COLLATE utf8mb4_general_ci NOT NULL,
  `CreateDate` datetime NOT NULL,
  `CreateBy` varchar(11) CHARACTER SET utf8mb4 COLLATE utf8mb4_general_ci NOT NULL,
  `UpdateDate` datetime DEFAULT NULL,
  `UpdateBy` varchar(11) CHARACTER SET utf8mb4 COLLATE utf8mb4_general_ci DEFAULT NULL
) ENGINE=InnoDB DEFAULT CHARSET=utf8mb4 COLLATE=utf8mb4_general_ci;

--
-- Dumping data for table `hrm_holidays`
--

INSERT INTO `hrm_holidays` (`holiday_id`, `holiday_name`, `start_date`, `end_date`, `no_of_days`, `CreateDate`, `CreateBy`, `UpdateDate`, `UpdateBy`) VALUES
(13, 'Shaheed Day', '2022-02-21', '2022-02-21', '1', '2022-01-30 06:52:58', '1', NULL, NULL),
(14, 'Sheikh Mujibur Rahman\'s Birthday', '2022-03-17', '2022-03-17', '1', '2022-01-30 06:53:17', '1', NULL, NULL),
(15, 'Shab e-Barat', '2022-03-18', '2022-03-18', '0', '2022-01-30 06:53:39', '1', NULL, NULL),
(16, 'Independence Day', '2022-03-26', '2022-03-26', '1', '2022-01-30 06:53:57', '1', NULL, NULL),
(17, 'Bengali New Year', '2022-04-14', '2022-04-14', '1', '2022-01-30 06:54:22', '1', NULL, NULL),
(18, 'Laylat al-Qadr', '2022-04-28', '2022-04-28', '1', '2022-01-30 06:54:37', '1', NULL, NULL),
(19, 'Jumatul Bidah', '2022-04-29', '2022-04-29', '0', '2022-01-30 06:55:26', '1', NULL, NULL),
(20, 'May Day', '2022-05-01', '2022-05-01', '1', '2022-01-30 06:56:15', '1', NULL, NULL),
(21, 'Eid ul-Fitr Holiday', '2022-05-02', '2022-05-04', '3', '2022-01-30 06:56:31', '1', NULL, NULL),
(22, 'Buddha Purnima', '2022-05-16', '2022-05-16', '1', '2022-01-30 06:57:01', '1', NULL, NULL),
(23, 'Eid ul-Adha Holiday', '2022-07-09', '2022-07-11', '3', '2022-01-30 06:57:24', '1', NULL, NULL),
(24, 'Ashura', '2022-08-09', '2022-08-09', '1', '2022-01-30 06:57:43', '1', NULL, NULL),
(25, 'National Mourning Day', '2022-08-15', '2022-08-15', '1', '2022-01-30 06:58:02', '1', NULL, NULL),
(26, 'Shuba Janmashtami', '2022-08-19', '2022-08-19', '0', '2022-01-30 06:58:17', '1', NULL, NULL),
(27, 'Vijaya Dashami', '2022-10-05', '2022-10-05', '1', '2022-01-30 06:58:35', '1', NULL, NULL),
(28, 'Eid-e-Milad un-Nabi', '2022-10-09', '2022-10-09', '1', '2022-01-30 06:58:51', '1', NULL, NULL),
(29, 'Victory Day', '2022-12-16', '2022-12-16', '0', '2022-01-30 06:59:10', '1', NULL, NULL),
(30, 'Christmas Day', '2022-12-25', '2022-12-25', '1', '2022-01-30 06:59:58', '1', NULL, NULL),
(38, 'Declared', '2022-01-24', '2022-01-25', '2', '2022-02-23 03:04:43', '1', NULL, NULL);

-- --------------------------------------------------------

--
-- Table structure for table `hrm_leave_application`
--

CREATE TABLE `hrm_leave_application` (
  `leave_appl_id` int NOT NULL,
  `employee_id` varchar(20) CHARACTER SET utf8mb4 COLLATE utf8mb4_general_ci NOT NULL,
  `leave_type` varchar(11) CHARACTER SET utf8mb4 COLLATE utf8mb4_general_ci NOT NULL,
  `apply_strt_date` date NOT NULL,
  `apply_end_date` date NOT NULL,
  `apply_day` varchar(11) CHARACTER SET utf8mb4 COLLATE utf8mb4_general_ci NOT NULL,
  `leave_aprv_strt_date` date DEFAULT NULL,
  `leave_aprv_end_date` date DEFAULT NULL,
  `num_aprv_day` varchar(11) CHARACTER SET utf8mb4 COLLATE utf8mb4_general_ci DEFAULT NULL,
  `reason` mediumtext CHARACTER SET utf8mb4 COLLATE utf8mb4_general_ci,
  `apply_hard_copy` mediumtext CHARACTER SET utf8mb4 COLLATE utf8mb4_general_ci,
  `apply_date` date NOT NULL,
  `approve_date` date DEFAULT NULL,
  `approved_by` varchar(20) CHARACTER SET utf8mb4 COLLATE utf8mb4_general_ci DEFAULT NULL COMMENT 'final approval',
  `status` int NOT NULL DEFAULT '0' COMMENT '2 = rejected, 1 = approved',
  `superior_id` varchar(20) CHARACTER SET utf8mb4 COLLATE utf8mb4_general_ci NOT NULL COMMENT 'superior employee_id',
  `superior_approval` tinyint NOT NULL DEFAULT '0' COMMENT '2 = rejected, 1 = approved',
  `superior_approval_rsn` text CHARACTER SET utf8mb4 COLLATE utf8mb4_general_ci,
  `CreateDate` datetime NOT NULL,
  `CreateBy` varchar(11) CHARACTER SET utf8mb4 COLLATE utf8mb4_general_ci NOT NULL,
  `UpdateDate` datetime DEFAULT NULL,
  `UpdateBy` varchar(11) CHARACTER SET utf8mb4 COLLATE utf8mb4_general_ci DEFAULT NULL
) ENGINE=InnoDB DEFAULT CHARSET=utf8mb4 COLLATE=utf8mb4_general_ci;

--
-- Dumping data for table `hrm_leave_application`
--

INSERT INTO `hrm_leave_application` (`leave_appl_id`, `employee_id`, `leave_type`, `apply_strt_date`, `apply_end_date`, `apply_day`, `leave_aprv_strt_date`, `leave_aprv_end_date`, `num_aprv_day`, `reason`, `apply_hard_copy`, `apply_date`, `approve_date`, `approved_by`, `status`, `superior_id`, `superior_approval`, `superior_approval_rsn`, `CreateDate`, `CreateBy`, `UpdateDate`, `UpdateBy`) VALUES
(1, '25', '1', '2022-03-29', '2022-03-31', '3', '2022-03-29', '2022-03-29', '1', 'Covid-19', '/assets/dist/documents/leave//1648544935_98b211854ee0a16511e1.png', '2022-03-29', '2022-03-29', '25', 1, '23', 1, 'ddfdf', '2022-03-29 03:08:55', '25', '2022-03-29 03:23:23', '25');

-- --------------------------------------------------------

--
-- Table structure for table `hrm_leave_request`
--

CREATE TABLE `hrm_leave_request` (
  `leave_request_id` int NOT NULL,
  `request_for` varchar(20) NOT NULL COMMENT 'request created for employee',
  `type` int NOT NULL COMMENT 'leave type from hrm_request_types',
  `date` date DEFAULT NULL COMMENT 'Leave creation date',
  `from_time` datetime NOT NULL,
  `to_time` datetime NOT NULL,
  `attachment` text,
  `reason` text,
  `status` varchar(20) NOT NULL,
  `is_close_approval` tinyint NOT NULL DEFAULT '0',
  `branch_id` int NOT NULL,
  `CreateBy` int NOT NULL COMMENT 'who is requesting or creating the request',
  `CreateDate` datetime NOT NULL,
  `UpdateBy` varchar(20) DEFAULT NULL,
  `UpdateDate` datetime DEFAULT NULL
) ENGINE=InnoDB DEFAULT CHARSET=utf8mb3;

-- --------------------------------------------------------

--
-- Table structure for table `hrm_leave_types`
--

CREATE TABLE `hrm_leave_types` (
  `leave_type_id` int NOT NULL,
  `leave_type` varchar(200) CHARACTER SET utf8mb4 COLLATE utf8mb4_general_ci NOT NULL,
  `leave_days` varchar(20) CHARACTER SET utf8mb4 COLLATE utf8mb4_general_ci NOT NULL,
  `CreateDate` datetime NOT NULL,
  `CreateBy` varchar(20) CHARACTER SET utf8mb4 COLLATE utf8mb4_general_ci NOT NULL,
  `UpdateDate` datetime DEFAULT NULL,
  `UpdateBy` varchar(20) CHARACTER SET utf8mb4 COLLATE utf8mb4_general_ci DEFAULT NULL
) ENGINE=InnoDB DEFAULT CHARSET=utf8mb4 COLLATE=utf8mb4_general_ci;

--
-- Dumping data for table `hrm_leave_types`
--

INSERT INTO `hrm_leave_types` (`leave_type_id`, `leave_type`, `leave_days`, `CreateDate`, `CreateBy`, `UpdateDate`, `UpdateBy`) VALUES
(1, 'Sick Leave', '4', '2022-01-30 01:07:46', '1', NULL, NULL),
(2, 'Casual Leave', '4', '2022-01-30 01:10:39', '1', '2022-01-30 01:11:07', '1');

-- --------------------------------------------------------

--
-- Table structure for table `hrm_loan_request`
--

CREATE TABLE `hrm_loan_request` (
  `loan_request_id` int NOT NULL,
  `request_for` varchar(20) NOT NULL COMMENT 'request created for employee',
  `type` varchar(100) NOT NULL COMMENT 'loan type coming from loan_types table',
  `amount` varchar(20) NOT NULL,
  `installment_value` varchar(20) NOT NULL,
  `no_of_payments` varchar(20) NOT NULL,
  `status` varchar(50) NOT NULL,
  `is_close_approval` tinyint NOT NULL DEFAULT '0',
  `date` date NOT NULL COMMENT 'Loan request date',
  `attachment` text NOT NULL,
  `reason` text NOT NULL,
  `branch_id` int NOT NULL,
  `installment_clear` tinyint NOT NULL DEFAULT '0' COMMENT 'If loan amount is fully paid through every month salary loan deduction',
  `CreateBy` varchar(20) NOT NULL,
  `CreateDate` datetime NOT NULL,
  `UpdateBy` varchar(20) DEFAULT NULL,
  `UpdateDate` datetime DEFAULT NULL
) ENGINE=InnoDB DEFAULT CHARSET=utf8mb3;

--
-- Dumping data for table `hrm_loan_request`
--

INSERT INTO `hrm_loan_request` (`loan_request_id`, `request_for`, `type`, `amount`, `installment_value`, `no_of_payments`, `status`, `is_close_approval`, `date`, `attachment`, `reason`, `branch_id`, `installment_clear`, `CreateBy`, `CreateDate`, `UpdateBy`, `UpdateDate`) VALUES
(1, '30', '9', '10000', '1666.67', '6', 'accept', 1, '2021-11-22', '/assets/dist/img/loan/1637563653_67ae46cd46c149b342dc.pdf', 'Test', 7, 0, '30', '2021-11-22 09:47:33', '5', '2021-11-22 10:01:26'),
(2, '3', '1', '7000', '1400.00', '5', 'accept', 1, '2021-11-15', '/assets/dist/img/loan/1637568926_7578349306f8892634af.pdf', 'fggfg', 8, 0, '3', '2021-11-22 11:15:26', '1', '2021-11-22 03:06:42');

-- --------------------------------------------------------

--
-- Table structure for table `hrm_loan_types`
--

CREATE TABLE `hrm_loan_types` (
  `loan_type_id` int NOT NULL,
  `nameE` varchar(80) NOT NULL,
  `nameA` varchar(80) DEFAULT NULL,
  `branch_id` int NOT NULL,
  `status` int NOT NULL DEFAULT '1',
  `CreateBy` varchar(20) NOT NULL,
  `CreateDate` datetime NOT NULL,
  `UpdateBy` varchar(20) DEFAULT NULL,
  `UpdateDate` datetime DEFAULT NULL
) ENGINE=InnoDB DEFAULT CHARSET=utf8mb3;

--
-- Dumping data for table `hrm_loan_types`
--

INSERT INTO `hrm_loan_types` (`loan_type_id`, `nameE`, `nameA`, `branch_id`, `status`, `CreateBy`, `CreateDate`, `UpdateBy`, `UpdateDate`) VALUES
(1, 'Personal Loan', 'aaaa3', 7, 1, '1', '2021-10-12 09:05:37', '1', '2021-10-12 09:33:57'),
(4, 'Treatment Loan', 'ghg', 7, 1, '1', '2021-10-12 09:56:19', '1', '2021-10-16 07:11:47'),
(5, 'Family Loan', 'rerer', 7, 1, '1', '2021-10-12 11:59:30', NULL, NULL),
(6, 'Apartment', 'test', 7, 1, '5', '2021-10-12 01:48:21', '1', '2021-10-16 03:31:00'),
(9, 'Test', 'Test', 7, 1, '1', '2021-11-07 03:41:49', NULL, NULL);

-- --------------------------------------------------------

--
-- Table structure for table `hrm_over_times`
--

CREATE TABLE `hrm_over_times` (
  `over_time_id` int NOT NULL,
  `emp_id` int NOT NULL,
  `time` varchar(11) CHARACTER SET utf8mb4 COLLATE utf8mb4_general_ci NOT NULL,
  `status` enum('accept','decline') CHARACTER SET utf8mb4 COLLATE utf8mb4_general_ci DEFAULT NULL,
  `overtime_for` date NOT NULL COMMENT 'salary generating for the month	',
  `CreateBy` varchar(11) CHARACTER SET utf8mb4 COLLATE utf8mb4_general_ci NOT NULL,
  `CreateDate` date NOT NULL,
  `UpdateBy` varchar(11) CHARACTER SET utf8mb4 COLLATE utf8mb4_general_ci DEFAULT NULL,
  `UpdateDate` date DEFAULT NULL
) ENGINE=InnoDB DEFAULT CHARSET=utf8mb4 COLLATE=utf8mb4_general_ci;

--
-- Dumping data for table `hrm_over_times`
--

INSERT INTO `hrm_over_times` (`over_time_id`, `emp_id`, `time`, `status`, `overtime_for`, `CreateBy`, `CreateDate`, `UpdateBy`, `UpdateDate`) VALUES
(1, 24, '01:00', 'accept', '2022-02-28', '1', '2022-03-29', NULL, NULL);

-- --------------------------------------------------------

--
-- Table structure for table `hrm_request_approval`
--

CREATE TABLE `hrm_request_approval` (
  `request_approval_id` int NOT NULL,
  `request_id` varchar(20) NOT NULL COMMENT 'requested record id coming from leave, loan and other request table',
  `request_type` enum('loan','leave','allowance','attendance') NOT NULL COMMENT 'indicates from which table data is coming',
  `emp_id` varchar(20) NOT NULL COMMENT 'dept head, to whom the request will go for appproval',
  `requested_emp_id` varchar(20) NOT NULL COMMENT 'employee who is requested for approval',
  `status` enum('sent','accept','decline') NOT NULL,
  `approve_by` varchar(20) DEFAULT NULL COMMENT 'emp/head who approved the request',
  `approve_date` date DEFAULT NULL COMMENT 'request approved date',
  `is_close_approval` tinyint(1) NOT NULL DEFAULT '0' COMMENT 'indicates, approval finished',
  `sent_up` tinyint(1) NOT NULL DEFAULT '0' COMMENT 'Sending to upper head',
  `branch_id` int NOT NULL,
  `CreateBy` varchar(20) NOT NULL COMMENT 'create_by or who is requesting for approval',
  `CreateDate` datetime NOT NULL,
  `UpdateBy` varchar(20) DEFAULT NULL,
  `UpdateDate` datetime DEFAULT NULL
) ENGINE=InnoDB DEFAULT CHARSET=utf8mb3;

--
-- Dumping data for table `hrm_request_approval`
--

INSERT INTO `hrm_request_approval` (`request_approval_id`, `request_id`, `request_type`, `emp_id`, `requested_emp_id`, `status`, `approve_by`, `approve_date`, `is_close_approval`, `sent_up`, `branch_id`, `CreateBy`, `CreateDate`, `UpdateBy`, `UpdateDate`) VALUES
(1, '1', 'loan', '5', '30', 'accept', NULL, NULL, 1, 0, 7, '30', '2021-11-22 09:47:33', '5', '2021-11-22 10:01:26'),
(2, '2', 'loan', '1', '3', 'accept', NULL, NULL, 1, 0, 8, '3', '2021-11-22 11:15:26', '1', '2021-11-22 03:06:42');

-- --------------------------------------------------------

--
-- Table structure for table `hrm_request_types`
--

CREATE TABLE `hrm_request_types` (
  `request_type_id` int NOT NULL,
  `type` enum('leave','allowance') NOT NULL,
  `nameE` varchar(80) NOT NULL,
  `nameA` varchar(80) DEFAULT NULL,
  `branch_id` int NOT NULL,
  `status` int NOT NULL DEFAULT '1',
  `CreateBy` varchar(20) NOT NULL,
  `CreateDate` datetime NOT NULL,
  `UpdateBy` varchar(20) DEFAULT NULL,
  `UpdateDate` datetime DEFAULT NULL
) ENGINE=InnoDB DEFAULT CHARSET=utf8mb3;

--
-- Dumping data for table `hrm_request_types`
--

INSERT INTO `hrm_request_types` (`request_type_id`, `type`, `nameE`, `nameA`, `branch_id`, `status`, `CreateBy`, `CreateDate`, `UpdateBy`, `UpdateDate`) VALUES
(1, 'leave', 'Business Leave', 'business', 7, 1, '1', '2021-10-14 09:13:26', NULL, NULL),
(2, 'leave', 'Sick Leave', 'ghgh', 7, 1, '1', '2021-10-14 09:23:22', '1', '2021-10-14 10:06:50'),
(6, 'leave', 'Sick', 'rtrtewe', 7, 1, '1', '2021-10-14 10:07:26', NULL, NULL),
(8, 'allowance', 'Living Allowance', 'livggg', 7, 1, '1', '2021-10-16 12:11:12', '1', '2021-10-16 12:41:39'),
(9, 'allowance', 'Mobile Allowance', 'mobile', 7, 1, '1', '2021-10-16 12:13:59', NULL, NULL),
(11, 'leave', 'test', 'aaaa', 7, 1, '1', '2021-10-16 12:45:06', NULL, NULL),
(12, 'leave', 'Casual', 'Casual', 7, 1, '1', '2021-11-07 04:11:27', NULL, NULL),
(13, 'allowance', 'Compension', 'Compension', 7, 1, '1', '2021-11-07 04:18:05', NULL, NULL);

-- --------------------------------------------------------

--
-- Table structure for table `hrm_salary_benefit`
--

CREATE TABLE `hrm_salary_benefit` (
  `id` int NOT NULL,
  `benefit_name` varchar(100) CHARACTER SET utf8mb4 COLLATE utf8mb4_general_ci NOT NULL,
  `benefit_type` int NOT NULL COMMENT '1 == add , 2 == deduct',
  `status` int NOT NULL
) ENGINE=InnoDB DEFAULT CHARSET=utf8mb4 COLLATE=utf8mb4_general_ci;

--
-- Dumping data for table `hrm_salary_benefit`
--

INSERT INTO `hrm_salary_benefit` (`id`, `benefit_name`, `benefit_type`, `status`) VALUES
(4, 'House Rent', 1, 1),
(5, 'Health', 1, 1),
(6, 'PF', 2, 1),
(7, 'Insurance', 2, 1),
(8, 'Test', 1, 1),
(9, ' wwww', 1, 1);

-- --------------------------------------------------------

--
-- Table structure for table `hrm_salary_penalties`
--

CREATE TABLE `hrm_salary_penalties` (
  `penalty_id` int NOT NULL,
  `nameE` varchar(200) NOT NULL,
  `nameA` varchar(200) DEFAULT NULL,
  `amount` varchar(20) NOT NULL,
  `status` tinyint(1) NOT NULL DEFAULT '0',
  `branch_id` int NOT NULL DEFAULT '0',
  `CreateBy` varchar(11) NOT NULL,
  `CreateDate` date NOT NULL,
  `UpdateBy` varchar(11) DEFAULT NULL,
  `UpdateDate` date DEFAULT NULL
) ENGINE=InnoDB DEFAULT CHARSET=utf8mb3;

--
-- Dumping data for table `hrm_salary_penalties`
--

INSERT INTO `hrm_salary_penalties` (`penalty_id`, `nameE`, `nameA`, `amount`, `status`, `branch_id`, `CreateBy`, `CreateDate`, `UpdateBy`, `UpdateDate`) VALUES
(1, 'Test', 'qqee', '550', 0, 7, '1', '2021-11-15', '1', '2021-11-15'),
(3, 'Demo', 'fgfg', '8000', 1, 8, '1', '2021-11-15', NULL, NULL);

-- --------------------------------------------------------

--
-- Table structure for table `hrm_salary_setup`
--

CREATE TABLE `hrm_salary_setup` (
  `salary_setup_id` int NOT NULL,
  `emp_id` int NOT NULL,
  `working_days_per_week` varchar(11) NOT NULL,
  `hours_per_day` varchar(11) NOT NULL,
  `basic_salary` varchar(11) NOT NULL,
  `housing_allowance` varchar(11) NOT NULL,
  `other_allowance` varchar(11) NOT NULL,
  `transport_allowance` varchar(11) NOT NULL,
  `basic_salary_gosi_sn` varchar(11) DEFAULT NULL COMMENT 'sn = saudi nationals',
  `housing_allowance_gosi_sn` varchar(11) DEFAULT NULL COMMENT 'sn = saudi nationals',
  `other_allowance_gosi_sn` varchar(11) DEFAULT NULL COMMENT 'sn = saudi nationals',
  `total_salary_gosi_sn` varchar(50) DEFAULT NULL COMMENT 'sn = saudi nationals',
  `food_allowance` varchar(11) NOT NULL DEFAULT '0',
  `paid_vacations` int NOT NULL DEFAULT '0' COMMENT 'setting the limit before generating salary',
  `gross_salary` varchar(11) NOT NULL,
  `branch_id` int NOT NULL DEFAULT '0',
  `CreateBy` varchar(11) NOT NULL,
  `CreateDate` datetime NOT NULL,
  `UpdateBy` varchar(11) DEFAULT NULL,
  `UpdateDate` datetime DEFAULT NULL
) ENGINE=InnoDB DEFAULT CHARSET=utf8mb3;

--
-- Dumping data for table `hrm_salary_setup`
--

INSERT INTO `hrm_salary_setup` (`salary_setup_id`, `emp_id`, `working_days_per_week`, `hours_per_day`, `basic_salary`, `housing_allowance`, `other_allowance`, `transport_allowance`, `basic_salary_gosi_sn`, `housing_allowance_gosi_sn`, `other_allowance_gosi_sn`, `total_salary_gosi_sn`, `food_allowance`, `paid_vacations`, `gross_salary`, `branch_id`, `CreateBy`, `CreateDate`, `UpdateBy`, `UpdateDate`) VALUES
(1, 3, '5', '8', '10000', '500', '400', '500', '', '', '', '0', '700', 4, '12100', 8, '1', '2021-11-22 09:37:36', NULL, NULL),
(2, 2, '5', '9', '8000', '700', '300', '600', '7000', '600', '500', '8100', '500', 4, '10100', 8, '1', '2021-11-22 09:38:15', NULL, NULL);

-- --------------------------------------------------------

--
-- Table structure for table `hrm_salary_sheet_generate`
--

CREATE TABLE `hrm_salary_sheet_generate` (
  `ssg_id` int NOT NULL,
  `department_id` varchar(20) CHARACTER SET utf8mb4 COLLATE utf8mb4_general_ci NOT NULL,
  `date` date NOT NULL,
  `gdate` varchar(50) CHARACTER SET utf8mb4 COLLATE utf8mb4_general_ci NOT NULL,
  `start_date` date NOT NULL,
  `end_date` date NOT NULL,
  `generate_by` int NOT NULL,
  `CreateDate` date NOT NULL,
  `UpdateDate` date DEFAULT NULL
) ENGINE=InnoDB DEFAULT CHARSET=utf8mb4 COLLATE=utf8mb4_general_ci;

-- --------------------------------------------------------

--
-- Table structure for table `hrm_schdule_purchse_info`
--

CREATE TABLE `hrm_schdule_purchse_info` (
  `id` int NOT NULL,
  `purchase_key` varchar(100) DEFAULT NULL,
  `domain` varchar(200) DEFAULT NULL,
  `ip_address` varchar(100) DEFAULT NULL,
  `port` varchar(11) DEFAULT NULL,
  `created_at` datetime NOT NULL DEFAULT CURRENT_TIMESTAMP
) ENGINE=InnoDB DEFAULT CHARSET=utf8mb4 COLLATE=utf8mb4_0900_ai_ci;

--
-- Dumping data for table `hrm_schdule_purchse_info`
--

INSERT INTO `hrm_schdule_purchse_info` (`id`, `purchase_key`, `domain`, `ip_address`, `port`, `created_at`) VALUES
(1, NULL, NULL, '192.168.1.201', '4370', '2021-12-15 05:40:02');

-- --------------------------------------------------------

--
-- Table structure for table `hrm_weekends`
--

CREATE TABLE `hrm_weekends` (
  `weekend_id` int NOT NULL,
  `weekend_days` mediumtext CHARACTER SET utf8mb4 COLLATE utf8mb4_general_ci NOT NULL,
  `CreateDate` datetime NOT NULL,
  `CreateBy` varchar(11) CHARACTER SET utf8mb4 COLLATE utf8mb4_general_ci NOT NULL,
  `UpdateDate` datetime DEFAULT NULL,
  `UpdateBy` varchar(11) CHARACTER SET utf8mb4 COLLATE utf8mb4_general_ci DEFAULT NULL
) ENGINE=InnoDB DEFAULT CHARSET=utf8mb4 COLLATE=utf8mb4_general_ci;

--
-- Dumping data for table `hrm_weekends`
--

INSERT INTO `hrm_weekends` (`weekend_id`, `weekend_days`, `CreateDate`, `CreateBy`, `UpdateDate`, `UpdateBy`) VALUES
(1, 'Friday,Saturday', '2022-01-19 12:37:31', '1', '2022-03-27 03:36:58', '1');

-- --------------------------------------------------------

--
-- Table structure for table `id_card_tbl`
--

CREATE TABLE `id_card_tbl` (
  `id` int NOT NULL,
  `emp_logo` varchar(200) CHARACTER SET utf8mb4 COLLATE utf8mb4_general_ci NOT NULL,
  `emp_instruction` varchar(100) CHARACTER SET utf8mb4 COLLATE utf8mb4_general_ci NOT NULL,
  `pa_instruction` varchar(75) CHARACTER SET utf8mb4 COLLATE utf8mb4_general_ci NOT NULL,
  `signature` varchar(200) CHARACTER SET utf8mb4 COLLATE utf8mb4_general_ci NOT NULL,
  `pa_logo` varchar(200) CHARACTER SET utf8mb4 COLLATE utf8mb4_general_ci NOT NULL
) ENGINE=InnoDB DEFAULT CHARSET=utf8mb4 COLLATE=utf8mb4_general_ci;

--
-- Dumping data for table `id_card_tbl`
--

INSERT INTO `id_card_tbl` (`id`, `emp_logo`, `emp_instruction`, `pa_instruction`, `signature`, `pa_logo`) VALUES
(1, './assets/dist/img/id_card_tbl/1605074110_67ff096c58d046ed9786.png', 'This card is non-transferable and must be surrendered immediately upon the cessation of employment', 'For security and indentification, this card must by worn by while on duty.', './assets/dist/img/id_card_tbl/1605074110_1a418142a8afa5f021f5.png', './assets/dist/img/id_card_tbl/1605074110_a1990d75906298f3350e.png');

-- --------------------------------------------------------

--
-- Table structure for table `instant_commission_setting`
--

CREATE TABLE `instant_commission_setting` (
  `id` int NOT NULL,
  `target_start` float DEFAULT NULL,
  `target_end` float DEFAULT NULL,
  `instant_comm_tk_kg` float DEFAULT NULL,
  `yearly_comm_tk_kg` float DEFAULT NULL,
  `total_comm_tk_kg` float DEFAULT NULL,
  `another_addition` mediumtext CHARACTER SET utf8mb4 COLLATE utf8mb4_general_ci,
  `comments` mediumtext CHARACTER SET utf8mb4 COLLATE utf8mb4_general_ci,
  `created_by` int DEFAULT NULL,
  `created_date` timestamp NOT NULL DEFAULT CURRENT_TIMESTAMP,
  `updated_by` int DEFAULT NULL,
  `updated_date` datetime DEFAULT NULL
) ENGINE=InnoDB DEFAULT CHARSET=utf8mb4 COLLATE=utf8mb4_general_ci;

--
-- Dumping data for table `instant_commission_setting`
--

INSERT INTO `instant_commission_setting` (`id`, `target_start`, `target_end`, `instant_comm_tk_kg`, `yearly_comm_tk_kg`, `total_comm_tk_kg`, `another_addition`, `comments`, `created_by`, `created_date`, `updated_by`, `updated_date`) VALUES
(2, 10, 12, 16, 34, 50, '', '', 2, '2022-02-02 15:47:48', 1, '2022-03-27 16:23:38'),
(3, 89, 90, 5, 15, 20, '', '', 1, '2022-03-27 14:58:09', 1, '2022-03-27 16:23:53');

-- --------------------------------------------------------

--
-- Table structure for table `job_title`
--

CREATE TABLE `job_title` (
  `id` int NOT NULL,
  `nameE` varchar(100) CHARACTER SET utf8mb4 COLLATE utf8mb4_general_ci NOT NULL,
  `nameA` varchar(100) CHARACTER SET utf8mb4 COLLATE utf8mb4_general_ci DEFAULT NULL,
  `work_area` varchar(150) CHARACTER SET utf8mb4 COLLATE utf8mb4_general_ci DEFAULT NULL,
  `created_by` int NOT NULL DEFAULT '1',
  `created_date` datetime NOT NULL DEFAULT CURRENT_TIMESTAMP,
  `status` tinyint(1) NOT NULL DEFAULT '1'
) ENGINE=InnoDB DEFAULT CHARSET=utf8mb4 COLLATE=utf8mb4_general_ci;

--
-- Dumping data for table `job_title`
--

INSERT INTO `job_title` (`id`, `nameE`, `nameA`, `work_area`, `created_by`, `created_date`, `status`) VALUES
(2, 'SysAdmin', '', 'Support and IT', 1, '2021-04-29 14:24:09', 1),
(3, 'Manager', NULL, 'Control the management system', 1, '2021-04-29 14:24:09', 1),
(4, 'Accountant', NULL, 'Management account', 1, '2021-04-29 14:24:09', 1),
(5, 'Cashier', NULL, 'Manage Account Cash', 1, '2021-04-29 14:24:09', 1),
(6, 'SaleManager', NULL, 'Full stock selling Control ', 1, '2021-04-29 14:24:09', 1),
(7, 'SaleMan', NULL, 'Stock Selling', 1, '2021-04-29 14:24:09', 1),
(8, 'BuyManager', NULL, 'Stock items and purchase control', 1, '2021-04-29 14:24:09', 1),
(9, 'Warehouse', NULL, 'Purchase and Items', 1, '2021-04-29 14:24:09', 1),
(10, 'Exposer', NULL, 'Offers and orders', 1, '2021-04-29 14:24:09', 1),
(11, 'Employee', NULL, 'Can see something', 1, '2021-04-29 14:24:09', 1),
(12, 'Appointment', NULL, 'Control appointment and patient files', 1, '2021-04-29 14:24:09', 1),
(13, 'Reception', NULL, 'Control welcome activities', 1, '2021-04-29 14:24:09', 1),
(14, 'Doctor', NULL, 'Appointment and patient activities', 1, '2021-04-29 14:24:09', 1),
(15, 'Nurse', NULL, 'Enter and out patient', 1, '2021-04-29 14:24:09', 1),
(16, 'Coordinator', NULL, 'Coordinator', 1, '2021-04-29 14:24:09', 1);

-- --------------------------------------------------------

--
-- Table structure for table `journal_vouchers`
--

CREATE TABLE `journal_vouchers` (
  `id` int NOT NULL,
  `branch_id` int NOT NULL DEFAULT '1',
  `vtype` varchar(10) CHARACTER SET utf8mb4 COLLATE utf8mb4_general_ci NOT NULL,
  `totalDebit` decimal(12,2) NOT NULL DEFAULT '0.00',
  `totalCredit` decimal(12,2) NOT NULL DEFAULT '0.00',
  `vat` decimal(12,2) NOT NULL DEFAULT '0.00',
  `voucher_date` date NOT NULL,
  `created_date` datetime NOT NULL DEFAULT CURRENT_TIMESTAMP,
  `created_by` int NOT NULL,
  `remarks` varchar(200) CHARACTER SET utf8mb4 COLLATE utf8mb4_general_ci DEFAULT NULL,
  `updated_by` int DEFAULT NULL,
  `updated_date` datetime DEFAULT NULL,
  `attach_file` varchar(200) CHARACTER SET utf8mb4 COLLATE utf8mb4_general_ci DEFAULT NULL,
  `approved_by` int DEFAULT NULL,
  `approved_date` datetime DEFAULT NULL,
  `status` tinyint(1) NOT NULL DEFAULT '0' COMMENT '1=approved, 0=pending, 2=rejected'
) ENGINE=InnoDB DEFAULT CHARSET=utf8mb4 COLLATE=utf8mb4_general_ci;

-- --------------------------------------------------------

--
-- Table structure for table `journal_voucher_details`
--

CREATE TABLE `journal_voucher_details` (
  `id` bigint NOT NULL,
  `voucher_id` int NOT NULL,
  `head_code` varchar(20) CHARACTER SET utf8mb4 COLLATE utf8mb4_general_ci NOT NULL,
  `debit` decimal(12,2) NOT NULL DEFAULT '0.00',
  `credit` decimal(12,2) NOT NULL DEFAULT '0.00'
) ENGINE=InnoDB DEFAULT CHARSET=utf8mb4 COLLATE=utf8mb4_general_ci;

-- --------------------------------------------------------

--
-- Table structure for table `lists`
--

CREATE TABLE `lists` (
  `id` int NOT NULL,
  `table_name` varchar(50) CHARACTER SET utf8mb4 COLLATE utf8mb4_general_ci DEFAULT NULL,
  `table_titleE` varchar(50) CHARACTER SET utf8mb4 COLLATE utf8mb4_general_ci DEFAULT NULL,
  `table_titleA` varchar(50) CHARACTER SET utf8mb4 COLLATE utf8mb4_general_ci DEFAULT NULL,
  `status` tinyint(1) DEFAULT '1'
) ENGINE=InnoDB DEFAULT CHARSET=utf8mb4 COLLATE=utf8mb4_general_ci;

--
-- Dumping data for table `lists`
--

INSERT INTO `lists` (`id`, `table_name`, `table_titleE`, `table_titleA`, `status`) VALUES
(4, 'list_gender', 'Gender', NULL, 1),
(5, 'list_marital_status', 'Marital Status', NULL, 1),
(6, 'list_blood_group', 'Blood Group', NULL, 1),
(9, 'list_nationality', 'Nationality', NULL, 1),
(10, 'list_religion', 'Religion', NULL, 1),
(12, 'list_phone_type', 'Phone Type', NULL, 1),
(13, 'list_city', 'City', NULL, 1),
(15, 'list_item_unit_name', 'Item Unit Name', NULL, 1),
(16, 'list_payment_method', 'Payment Method', NULL, 1),
(27, 'where_to_use', 'Where to use', NULL, 1),
(28, 'bag_specification', 'Bag Specification', NULL, 1),
(29, 'list_item_currency_name', 'Currency Name', NULL, 1);

-- --------------------------------------------------------

--
-- Table structure for table `list_data`
--

CREATE TABLE `list_data` (
  `id` int NOT NULL,
  `list_id` int NOT NULL,
  `nameE` varchar(100) CHARACTER SET utf8mb4 COLLATE utf8mb4_general_ci NOT NULL,
  `nameA` varchar(100) CHARACTER SET utf8mb4 COLLATE utf8mb4_general_ci DEFAULT NULL,
  `status` tinyint(1) DEFAULT '1'
) ENGINE=InnoDB DEFAULT CHARSET=utf8mb4 COLLATE=utf8mb4_general_ci;

--
-- Dumping data for table `list_data`
--

INSERT INTO `list_data` (`id`, `list_id`, `nameE`, `nameA`, `status`) VALUES
(7, 6, 'A+', NULL, 1),
(8, 6, 'A-', NULL, 1),
(9, 6, 'B+', NULL, 1),
(10, 6, 'B-', NULL, 1),
(11, 6, 'AB+', NULL, 1),
(12, 6, 'AB-', NULL, 1),
(13, 6, 'O+', NULL, 1),
(14, 6, 'O-', NULL, 1),
(25, 4, 'Male', NULL, 1),
(26, 4, 'Female', NULL, 1),
(27, 4, 'Others', 'Others', 1),
(28, 15, 'mg', NULL, 1),
(30, 15, 'kg', NULL, 1),
(34, 15, 'Pcs', 'Pcs', 1),
(65, 5, 'Single', NULL, 1),
(66, 5, 'Married', NULL, 1),
(67, 5, 'Widowed', 'Widowed', 1),
(68, 5, 'Separated', NULL, 1),
(69, 5, 'No Specified', NULL, 1),
(82, 12, 'Local', NULL, 1),
(84, 12, 'Home', NULL, 1),
(85, 12, 'Extension', NULL, 1),
(86, 12, 'Work', NULL, 1),
(87, 12, 'International', 'International', 1),
(92, 10, 'Islam', NULL, 1),
(93, 10, 'Hindu', NULL, 1),
(94, 10, 'Christian', NULL, 1),
(95, 10, 'Budhist', NULL, 1),
(96, 10, 'Shikh', NULL, 1),
(97, 10, 'Others', '', 1),
(120, 16, 'Cash', 'Cash', 1),
(121, 16, 'Span', NULL, 1),
(122, 16, 'Visa Card', NULL, 1),
(123, 16, 'SA Paribahan', '', 1),
(124, 16, 'Amex Card', NULL, 1),
(125, 16, 'Bank Transfer', NULL, 1),
(126, 16, 'Credit Card', NULL, 1),
(127, 16, 'Paid advance', NULL, 1),
(129, 16, 'Transfer To Patient Account', NULL, 1),
(130, 16, 'On Credit By Doctor', NULL, 1),
(150, 16, 'On Credit By Patient', NULL, 1),
(164, 12, 'Mobile 1', 'Mobile 1', 1),
(165, 12, 'Mobile 2', 'Mobile 2', 1),
(228, 13, 'Abha', '', 1),
(229, 13, 'Al Bahah', '', 1),
(231, 13, 'Bisha', '', 1),
(232, 13, 'Tabuk', '', 1),
(233, 13, 'Al-Jubail', '', 1),
(234, 13, 'Jeddah', '', 1),
(235, 13, 'Jazan', '', 1),
(236, 13, 'Al Hail', '', 1),
(238, 13, 'Hafr Al-Batin', ' ', 1),
(242, 13, 'Al-Khober', '', 1),
(244, 13, 'Khamis Mushait', ' ', 1),
(245, 13, 'Al-Dammam', '', 1),
(247, 13, 'Ras Tanurah', ' ', 1),
(249, 13, 'Riyadh', ' ', 1),
(254, 13, 'Buraydah', '', 1),
(255, 13, 'Al Taif', '', 1),
(256, 13, 'Arar', '', 1),
(259, 13, 'Najran', '', 1),
(260, 13, 'Al Hofuf', '', 1),
(261, 13, 'Al Kharj', '', 1),
(291, 9, 'Saudi Arabia', '  ', 1),
(292, 9, 'Jordan', '', 1),
(293, 9, 'Egypt', '', 1),
(294, 9, 'Yemen', '', 1),
(295, 9, 'Sudan', '', 1),
(296, 9, 'Syria', '', 1),
(297, 9, 'Pakistan', '', 1),
(298, 9, 'Kuwait', '', 1),
(300, 9, 'Iraq', '', 1),
(302, 9, 'India', '', 1),
(303, 9, 'Philippine', '', 1),
(304, 9, 'UAE', '  ', 1),
(305, 9, 'Turkey', ' ', 1),
(306, 9, 'Afghanistan', '', 1),
(307, 9, 'Palestine', '', 1),
(308, 9, 'Lebanon', '', 1),
(309, 9, 'Somalia', '', 1),
(310, 9, 'Qatar', NULL, 1),
(311, 9, 'Maghrebi', NULL, 1),
(312, 9, 'Habashi', NULL, 1),
(313, 9, 'Bahrini', NULL, 1),
(314, 9, 'Tunisian', NULL, 1),
(315, 9, 'Algerian', NULL, 1),
(316, 9, 'Omani', NULL, 1),
(317, 9, 'Indonesia', NULL, 1),
(318, 9, 'Bangladesh', NULL, 1),
(319, 9, 'britain', NULL, 1),
(320, 9, 'Alkbael Alnazhha', NULL, 1),
(322, 13, 'Mecca', ' ', 1),
(323, 13, 'Medina', ' ', 1),
(324, 13, 'Qassim', '', 1),
(325, 13, 'Asir', '', 1),
(326, 13, 'Dhahran', '', 1),
(327, 13, 'Qatif', '', 1),
(328, 13, 'Yanbu', '', 1),
(368, 16, 'Online Transfer', NULL, 1),
(376, 27, 'Department', NULL, 1),
(377, 27, 'Machine', NULL, 1),
(380, 28, 'Both Side Print & Laminated', '', 1),
(381, 28, 'Only Printed', '', 1),
(382, 27, 'Famsun', 'Famsun', 1),
(383, 29, 'USD', '', 1),
(384, 29, 'EURO', '', 1);

-- --------------------------------------------------------

--
-- Table structure for table `login_status`
--

CREATE TABLE `login_status` (
  `id` int NOT NULL,
  `user_id` int NOT NULL,
  `date` datetime NOT NULL,
  `ip_address` varchar(20) CHARACTER SET utf8mb4 COLLATE utf8mb4_general_ci NOT NULL,
  `status` tinyint(1) NOT NULL
) ENGINE=InnoDB DEFAULT CHARSET=utf8mb4 COLLATE=utf8mb4_general_ci;

--
-- Dumping data for table `login_status`
--

INSERT INTO `login_status` (`id`, `user_id`, `date`, `ip_address`, `status`) VALUES
(1, 1, '2022-04-12 15:18:59', '182.160.105.186', 0),
(2, 1, '2022-04-12 15:27:57', '182.160.105.186', 1);

-- --------------------------------------------------------

--
-- Table structure for table `mail_setting`
--

CREATE TABLE `mail_setting` (
  `id` int NOT NULL,
  `protocol` varchar(25) CHARACTER SET utf8mb4 COLLATE utf8mb4_general_ci NOT NULL,
  `mailpath` varchar(255) CHARACTER SET utf8mb4 COLLATE utf8mb4_general_ci NOT NULL,
  `smtp_host` varchar(100) CHARACTER SET utf8mb4 COLLATE utf8mb4_general_ci NOT NULL,
  `smtp_port` int NOT NULL,
  `smtp_user` varchar(100) CHARACTER SET utf8mb4 COLLATE utf8mb4_general_ci NOT NULL,
  `smtp_pass` varchar(50) CHARACTER SET utf8mb4 COLLATE utf8mb4_general_ci NOT NULL,
  `smtp_crypto` enum('ssl','tls') CHARACTER SET utf8mb4 COLLATE utf8mb4_general_ci NOT NULL,
  `mailtype` varchar(20) CHARACTER SET utf8mb4 COLLATE utf8mb4_general_ci NOT NULL,
  `validate_email` varchar(20) CHARACTER SET utf8mb4 COLLATE utf8mb4_general_ci NOT NULL,
  `wordwrap` varchar(20) CHARACTER SET utf8mb4 COLLATE utf8mb4_general_ci NOT NULL,
  `cc_mail` varchar(200) CHARACTER SET utf8mb4 COLLATE utf8mb4_general_ci DEFAULT NULL,
  `bcc_mail` varchar(200) CHARACTER SET utf8mb4 COLLATE utf8mb4_general_ci DEFAULT NULL,
  `updated_by` int NOT NULL,
  `updated_date` datetime DEFAULT NULL
) ENGINE=InnoDB DEFAULT CHARSET=utf8mb4 COLLATE=utf8mb4_general_ci;

--
-- Dumping data for table `mail_setting`
--

INSERT INTO `mail_setting` (`id`, `protocol`, `mailpath`, `smtp_host`, `smtp_port`, `smtp_user`, `smtp_pass`, `smtp_crypto`, `mailtype`, `validate_email`, `wordwrap`, `cc_mail`, `bcc_mail`, `updated_by`, `updated_date`) VALUES
(1, 'smtp', '/usr/sbin/sendmail', 'smtp.gmail.com', 587, 'ashrafusa.edu@gmail.com', '!Usa@Ashraf0204', 'tls', 'text', 'true', 'true', 'raihan.bdtask@gmail.com, harun.bdtask@gmail.com', '', 1, '2021-09-01 11:37:52');

-- --------------------------------------------------------

--
-- Table structure for table `module`
--

CREATE TABLE `module` (
  `id` int NOT NULL,
  `nameE` varchar(100) CHARACTER SET utf8mb4 COLLATE utf8mb4_general_ci NOT NULL,
  `nameA` varchar(100) CHARACTER SET utf8mb4 COLLATE utf8mb4_general_ci NOT NULL,
  `description` mediumtext CHARACTER SET utf8mb4 COLLATE utf8mb4_general_ci,
  `directory` varchar(100) CHARACTER SET utf8mb4 COLLATE utf8mb4_general_ci NOT NULL,
  `status` tinyint(1) NOT NULL DEFAULT '1'
) ENGINE=InnoDB DEFAULT CHARSET=utf8mb4 COLLATE=utf8mb4_general_ci;

--
-- Dumping data for table `module`
--

INSERT INTO `module` (`id`, `nameE`, `nameA`, `description`, `directory`, `status`) VALUES
(1, 'Dashboard', ' ', 'dashboard', 'dashboard', 1),
(2, 'Application Settings', ' ', 'Application Settings', 'app_setting', 1),
(3, 'User Management', '', 'User Management', 'user_management', 1),
(7, 'Human Resources', ' ', 'Human Resources', 'human_resources', 1),
(9, 'Accounts', '', 'accounts', 'accounts', 1),
(11, 'All Reports', 'All Reports', 'All Reports ', 'all_reports', 1),
(15, 'Data Backup', '', NULL, 'data_export', 1),
(18, 'Sale', '', NULL, 'sale', 1),
(19, 'Raw Material', '', NULL, 'material', 1),
(20, 'Local Purchase', '', NULL, 'purchase', 1),
(21, 'Bag', '', NULL, 'bag', 1),
(22, 'Bag Purchase', '', NULL, 'bag_purchase', 1),
(23, 'Foreign Purchase', '', NULL, 'foreign_purchase', 1),
(24, 'Finished Goods', '', NULL, 'finished_goods', 1),
(25, 'Production', '452d343', NULL, 'production', 1);

-- --------------------------------------------------------

--
-- Table structure for table `monthly_generated_commission`
--

CREATE TABLE `monthly_generated_commission` (
  `id` int NOT NULL,
  `generated_date` varchar(20) CHARACTER SET utf8mb4 COLLATE utf8mb4_general_ci DEFAULT NULL,
  `dealer_id` int DEFAULT NULL,
  `total_kg` float DEFAULT NULL,
  `commission_rate` float DEFAULT NULL,
  `commission_amount` float DEFAULT NULL,
  `target_range` varchar(150) CHARACTER SET utf8mb4 COLLATE utf8mb4_general_ci DEFAULT NULL,
  `generate_by` int DEFAULT NULL,
  `created_date` timestamp NOT NULL DEFAULT CURRENT_TIMESTAMP
) ENGINE=InnoDB DEFAULT CHARSET=utf8mb4 COLLATE=utf8mb4_general_ci;

--
-- Dumping data for table `monthly_generated_commission`
--

INSERT INTO `monthly_generated_commission` (`id`, `generated_date`, `dealer_id`, `total_kg`, `commission_rate`, `commission_amount`, `target_range`, `generate_by`, `created_date`) VALUES
(1, '2022-02', 5, 0, 0, 0, 'Not Eligible for commission', 2, '2022-02-02 15:50:44'),
(2, '2022-03', 2, 200, 0, 0, 'Not Eligible for commission', 1, '2022-03-27 16:24:15');

-- --------------------------------------------------------

--
-- Table structure for table `monthly_sale_commission`
--

CREATE TABLE `monthly_sale_commission` (
  `id` int NOT NULL,
  `dealer_id` int DEFAULT NULL,
  `voucher_no` varchar(25) CHARACTER SET utf8mb4 COLLATE utf8mb4_general_ci NOT NULL,
  `generate_month` date DEFAULT NULL,
  `total_kg` float DEFAULT NULL,
  `commission_rate` float DEFAULT NULL,
  `commission_amount` float DEFAULT '0',
  `created_by` int DEFAULT NULL,
  `created_date` datetime NOT NULL
) ENGINE=InnoDB DEFAULT CHARSET=utf8mb4 COLLATE=utf8mb4_general_ci;

-- --------------------------------------------------------

--
-- Table structure for table `ob_table`
--

CREATE TABLE `ob_table` (
  `id` int NOT NULL,
  `headcode` bigint DEFAULT NULL,
  `amount` decimal(12,2) DEFAULT '0.00',
  `fiscal_year_start` date DEFAULT NULL,
  `fiscal_year_end` date DEFAULT NULL,
  `created_date` timestamp NOT NULL DEFAULT CURRENT_TIMESTAMP,
  `created_by` int NOT NULL
) ENGINE=InnoDB DEFAULT CHARSET=utf8mb4 COLLATE=utf8mb4_general_ci;

-- --------------------------------------------------------

--
-- Table structure for table `payment_vouchers`
--

CREATE TABLE `payment_vouchers` (
  `id` int NOT NULL,
  `branch_id` int NOT NULL DEFAULT '1',
  `patient_id` int NOT NULL,
  `package_id` int NOT NULL DEFAULT '0',
  `vtype` varchar(10) CHARACTER SET utf8mb4 COLLATE utf8mb4_general_ci NOT NULL,
  `total` decimal(10,2) NOT NULL DEFAULT '0.00',
  `remaining` decimal(10,2) NOT NULL DEFAULT '0.00',
  `payment` decimal(10,2) NOT NULL DEFAULT '0.00',
  `vat_percent` decimal(6,2) NOT NULL DEFAULT '0.00',
  `vat` decimal(8,2) NOT NULL DEFAULT '0.00',
  `voucher_date` date NOT NULL,
  `created_date` datetime NOT NULL DEFAULT CURRENT_TIMESTAMP,
  `doctor_id` int NOT NULL,
  `created_by` int NOT NULL,
  `remarks` varchar(200) CHARACTER SET utf8mb4 COLLATE utf8mb4_general_ci DEFAULT NULL,
  `ref_voucher` int NOT NULL,
  `delete_reason` varchar(150) CHARACTER SET utf8mb4 COLLATE utf8mb4_general_ci DEFAULT NULL,
  `delete_ref_id` int NOT NULL DEFAULT '0',
  `isDelReq` tinyint(1) NOT NULL DEFAULT '0' COMMENT '1=true, 0=false',
  `del_req_by` int DEFAULT NULL,
  `del_req_date` datetime DEFAULT NULL,
  `del_appr_by` int DEFAULT NULL,
  `del_appr_date` datetime DEFAULT NULL,
  `attach_file` varchar(200) CHARACTER SET utf8mb4 COLLATE utf8mb4_general_ci DEFAULT NULL,
  `status` tinyint(1) NOT NULL DEFAULT '1' COMMENT '1=acitve, 0=delete'
) ENGINE=InnoDB DEFAULT CHARSET=utf8mb4 COLLATE=utf8mb4_general_ci;

-- --------------------------------------------------------

--
-- Table structure for table `payment_voucher_details`
--

CREATE TABLE `payment_voucher_details` (
  `id` int NOT NULL,
  `voucher_id` int NOT NULL,
  `service_id` int NOT NULL,
  `invoice_amount` decimal(10,2) NOT NULL DEFAULT '0.00',
  `vat` decimal(10,2) NOT NULL DEFAULT '0.00',
  `amount` decimal(10,2) NOT NULL DEFAULT '0.00'
) ENGINE=InnoDB DEFAULT CHARSET=utf8mb4 COLLATE=utf8mb4_general_ci;

-- --------------------------------------------------------

--
-- Table structure for table `payment_voucher_method`
--

CREATE TABLE `payment_voucher_method` (
  `id` bigint NOT NULL,
  `voucher_id` int NOT NULL,
  `pay_method_id` int NOT NULL,
  `card_or_cheque_no` varchar(15) CHARACTER SET utf8mb4 COLLATE utf8mb4_general_ci DEFAULT NULL,
  `bank_name` varchar(30) CHARACTER SET utf8mb4 COLLATE utf8mb4_general_ci DEFAULT NULL,
  `expiry_date` date DEFAULT NULL,
  `amount` decimal(10,2) NOT NULL DEFAULT '0.00'
) ENGINE=InnoDB DEFAULT CHARSET=utf8mb4 COLLATE=utf8mb4_general_ci;

-- --------------------------------------------------------

--
-- Table structure for table `payroll_tax_setup`
--

CREATE TABLE `payroll_tax_setup` (
  `id` int UNSIGNED NOT NULL,
  `start_amount` decimal(12,2) NOT NULL DEFAULT '0.00',
  `end_amount` decimal(12,2) NOT NULL DEFAULT '0.00',
  `rate` decimal(12,2) NOT NULL DEFAULT '0.00',
  `status` int NOT NULL DEFAULT '0'
) ENGINE=InnoDB DEFAULT CHARSET=utf8mb3 COLLATE=utf8_unicode_ci;

-- --------------------------------------------------------

--
-- Table structure for table `recaptcha`
--

CREATE TABLE `recaptcha` (
  `id` tinyint(1) NOT NULL,
  `site_key` varchar(60) CHARACTER SET utf8mb4 COLLATE utf8mb4_general_ci NOT NULL,
  `secret_key` varchar(60) CHARACTER SET utf8mb4 COLLATE utf8mb4_general_ci NOT NULL,
  `status` tinyint(1) DEFAULT '1' COMMENT '1=on, 0=off'
) ENGINE=InnoDB DEFAULT CHARSET=utf8mb4 COLLATE=utf8mb4_general_ci;

--
-- Dumping data for table `recaptcha`
--

INSERT INTO `recaptcha` (`id`, `site_key`, `secret_key`, `status`) VALUES
(1, '6Lf6wcwUAAAAAA-BT4Ed-EM7OXkeg8DVugJCCcqq1', '6Lf6wcwUAAAAAOcaIkeBj5jBg05vPg0S1KUg3bEg1', 1);

-- --------------------------------------------------------

--
-- Table structure for table `referal_commission_setting`
--

CREATE TABLE `referal_commission_setting` (
  `id` int NOT NULL,
  `f_h_percentage` float DEFAULT NULL,
  `s_h_percentage` float DEFAULT NULL,
  `commission_type` int DEFAULT '1' COMMENT '1=percentage,2=fixed',
  `created_by` int DEFAULT NULL,
  `created_date` datetime DEFAULT NULL,
  `updated_by` int DEFAULT NULL,
  `updated_date` datetime DEFAULT NULL
) ENGINE=InnoDB DEFAULT CHARSET=utf8mb4 COLLATE=utf8mb4_general_ci;

--
-- Dumping data for table `referal_commission_setting`
--

INSERT INTO `referal_commission_setting` (`id`, `f_h_percentage`, `s_h_percentage`, `commission_type`, `created_by`, `created_date`, `updated_by`, `updated_date`) VALUES
(1, 5, 2, 1, 1, NULL, NULL, NULL);

-- --------------------------------------------------------

--
-- Table structure for table `role_permission`
--

CREATE TABLE `role_permission` (
  `id` int NOT NULL,
  `fk_module_id` int NOT NULL,
  `role_id` int NOT NULL,
  `create` tinyint(1) DEFAULT NULL,
  `read` tinyint(1) DEFAULT NULL,
  `update` tinyint(1) DEFAULT NULL,
  `delete` tinyint(1) DEFAULT NULL,
  `print` tinyint(1) NOT NULL DEFAULT '0',
  `export` tinyint(1) NOT NULL DEFAULT '0'
) ENGINE=InnoDB DEFAULT CHARSET=utf8mb4 COLLATE=utf8mb4_general_ci;

--
-- Dumping data for table `role_permission`
--

INSERT INTO `role_permission` (`id`, `fk_module_id`, `role_id`, `create`, `read`, `update`, `delete`, `print`, `export`) VALUES
(641, 127, 5, 0, 0, 0, 0, 0, 0),
(642, 128, 5, 0, 0, 0, 0, 0, 0),
(643, 129, 5, 0, 0, 0, 0, 0, 0),
(644, 130, 5, 0, 0, 0, 0, 0, 0),
(645, 3, 5, 0, 0, 0, 0, 0, 0),
(646, 4, 5, 0, 0, 0, 0, 0, 0),
(647, 121, 5, 0, 0, 0, 0, 0, 0),
(648, 122, 5, 0, 0, 0, 0, 0, 0),
(649, 6, 5, 0, 0, 0, 0, 0, 0),
(650, 7, 5, 0, 0, 0, 0, 0, 0),
(651, 158, 5, 0, 0, 0, 0, 0, 0),
(652, 8, 5, 0, 0, 0, 0, 0, 0),
(653, 9, 5, 0, 0, 0, 0, 0, 0),
(654, 10, 5, 0, 0, 0, 0, 0, 0),
(655, 11, 5, 0, 0, 0, 0, 0, 0),
(656, 168, 5, 0, 0, 0, 0, 0, 0),
(657, 169, 5, 0, 0, 0, 0, 0, 0),
(658, 170, 5, 0, 0, 0, 0, 0, 0),
(659, 171, 5, 0, 0, 0, 0, 0, 0),
(660, 172, 5, 0, 0, 0, 0, 0, 0),
(661, 173, 5, 0, 0, 0, 0, 0, 0),
(662, 174, 5, 0, 0, 0, 0, 0, 0),
(663, 12, 5, 0, 0, 0, 0, 0, 0),
(664, 13, 5, 0, 0, 0, 0, 0, 0),
(665, 126, 5, 0, 0, 0, 0, 0, 0),
(666, 14, 5, 0, 0, 0, 0, 0, 0),
(667, 15, 5, 0, 0, 0, 0, 0, 0),
(668, 16, 5, 0, 0, 0, 0, 0, 0),
(669, 17, 5, 0, 0, 0, 0, 0, 0),
(670, 18, 5, 0, 0, 0, 0, 0, 0),
(671, 19, 5, 0, 0, 0, 0, 0, 0),
(672, 96, 5, 0, 0, 0, 0, 0, 0),
(673, 97, 5, 0, 0, 0, 0, 0, 0),
(674, 20, 5, 0, 0, 0, 0, 0, 0),
(675, 21, 5, 0, 0, 0, 0, 0, 0),
(676, 22, 5, 0, 0, 0, 0, 0, 0),
(677, 95, 5, 0, 0, 0, 0, 0, 0),
(678, 23, 5, 0, 0, 0, 0, 0, 0),
(679, 24, 5, 0, 0, 0, 0, 0, 0),
(680, 25, 5, 0, 0, 0, 0, 0, 0),
(681, 26, 5, 0, 0, 0, 0, 0, 0),
(682, 27, 5, 0, 0, 0, 0, 0, 0),
(683, 28, 5, 0, 0, 0, 0, 0, 0),
(684, 29, 5, 0, 0, 0, 0, 0, 0),
(685, 30, 5, 0, 0, 0, 0, 0, 0),
(686, 31, 5, 0, 0, 0, 0, 0, 0),
(687, 123, 5, 0, 0, 0, 0, 0, 0),
(688, 124, 5, 0, 0, 0, 0, 0, 0),
(689, 125, 5, 0, 0, 0, 0, 0, 0),
(690, 149, 5, 0, 0, 0, 0, 0, 0),
(691, 32, 5, 0, 0, 0, 0, 0, 0),
(692, 33, 5, 0, 0, 0, 0, 0, 0),
(693, 34, 5, 0, 0, 0, 0, 0, 0),
(694, 35, 5, 0, 0, 0, 0, 0, 0),
(695, 36, 5, 0, 0, 0, 0, 0, 0),
(696, 37, 5, 0, 0, 0, 0, 0, 0),
(697, 38, 5, 0, 0, 0, 0, 0, 0),
(698, 39, 5, 0, 0, 0, 0, 0, 0),
(699, 40, 5, 0, 0, 0, 0, 0, 0),
(700, 41, 5, 0, 0, 0, 0, 0, 0),
(701, 42, 5, 0, 0, 0, 0, 0, 0),
(702, 43, 5, 0, 0, 0, 0, 0, 0),
(703, 44, 5, 0, 0, 0, 0, 0, 0),
(704, 45, 5, 0, 0, 0, 0, 0, 0),
(705, 132, 5, 0, 0, 0, 0, 0, 0),
(706, 144, 5, 0, 0, 0, 0, 0, 0),
(707, 166, 5, 0, 0, 0, 0, 0, 0),
(708, 167, 5, 0, 0, 0, 0, 0, 0),
(709, 46, 5, 0, 0, 0, 0, 0, 0),
(710, 47, 5, 0, 0, 0, 0, 0, 0),
(711, 151, 5, 0, 0, 0, 0, 0, 0),
(712, 152, 5, 0, 0, 0, 0, 0, 0),
(713, 153, 5, 0, 0, 0, 0, 0, 0),
(714, 154, 5, 0, 0, 0, 0, 0, 0),
(715, 160, 5, 0, 0, 0, 0, 0, 0),
(716, 161, 5, 0, 0, 0, 0, 0, 0),
(717, 162, 5, 0, 0, 0, 0, 0, 0),
(718, 163, 5, 0, 0, 0, 0, 0, 0),
(719, 165, 5, 0, 0, 0, 0, 0, 0),
(720, 54, 5, 0, 0, 0, 0, 0, 0),
(721, 55, 5, 0, 0, 0, 0, 0, 0),
(722, 56, 5, 0, 0, 0, 0, 0, 0),
(723, 57, 5, 0, 0, 0, 0, 0, 0),
(724, 58, 5, 0, 0, 0, 0, 0, 0),
(725, 59, 5, 0, 0, 0, 0, 0, 0),
(726, 60, 5, 0, 0, 0, 0, 0, 0),
(727, 61, 5, 0, 0, 0, 0, 0, 0),
(728, 62, 5, 0, 0, 0, 0, 0, 0),
(729, 63, 5, 0, 0, 0, 0, 0, 0),
(730, 64, 5, 0, 0, 0, 0, 0, 0),
(731, 65, 5, 0, 0, 0, 0, 0, 0),
(732, 66, 5, 0, 0, 0, 0, 0, 0),
(733, 67, 5, 0, 0, 0, 0, 0, 0),
(734, 68, 5, 0, 0, 0, 0, 0, 0),
(735, 69, 5, 0, 0, 0, 0, 0, 0),
(736, 70, 5, 0, 0, 0, 0, 0, 0),
(737, 75, 5, 0, 0, 0, 0, 0, 0),
(738, 76, 5, 0, 0, 0, 0, 0, 0),
(739, 77, 5, 0, 0, 0, 0, 0, 0),
(740, 98, 5, 0, 0, 0, 0, 0, 0),
(741, 103, 5, 0, 0, 0, 0, 0, 0),
(742, 131, 5, 0, 0, 0, 0, 0, 0),
(743, 159, 5, 0, 0, 0, 0, 0, 0),
(744, 78, 5, 0, 0, 0, 0, 0, 0),
(745, 79, 5, 0, 0, 0, 0, 0, 0),
(746, 80, 5, 0, 0, 0, 0, 0, 0),
(747, 81, 5, 0, 0, 0, 0, 0, 0),
(748, 82, 5, 0, 0, 0, 0, 0, 0),
(749, 83, 5, 0, 0, 0, 0, 0, 0),
(750, 84, 5, 0, 0, 0, 0, 0, 0),
(751, 85, 5, 0, 0, 0, 0, 0, 0),
(752, 86, 5, 0, 0, 0, 0, 0, 0),
(753, 87, 5, 0, 0, 0, 0, 0, 0),
(754, 88, 5, 0, 0, 0, 0, 0, 0),
(755, 89, 5, 0, 0, 0, 0, 0, 0),
(756, 90, 5, 0, 0, 0, 0, 0, 0),
(757, 91, 5, 0, 0, 0, 0, 0, 0),
(758, 92, 5, 0, 0, 0, 0, 0, 0),
(759, 93, 5, 0, 0, 0, 0, 0, 0),
(760, 94, 5, 0, 0, 0, 0, 0, 0),
(761, 111, 5, 0, 0, 0, 0, 0, 0),
(762, 112, 5, 0, 0, 0, 0, 0, 0),
(763, 113, 5, 0, 0, 0, 0, 0, 0),
(764, 114, 5, 0, 0, 0, 0, 0, 0),
(765, 115, 5, 0, 0, 0, 0, 0, 0),
(766, 116, 5, 0, 0, 0, 0, 0, 0),
(767, 117, 5, 0, 0, 0, 0, 0, 0),
(768, 118, 5, 0, 0, 0, 0, 0, 0),
(769, 119, 5, 0, 0, 0, 0, 0, 0),
(770, 120, 5, 0, 0, 0, 0, 0, 0),
(771, 99, 5, 0, 0, 0, 0, 0, 0),
(772, 101, 5, 0, 0, 0, 0, 0, 0),
(773, 102, 5, 0, 0, 0, 0, 0, 0),
(774, 105, 5, 0, 0, 0, 0, 0, 0),
(775, 106, 5, 0, 0, 0, 0, 0, 0),
(776, 107, 5, 0, 0, 0, 0, 0, 0),
(777, 108, 5, 0, 0, 0, 0, 0, 0),
(778, 109, 5, 0, 0, 0, 0, 0, 0),
(779, 110, 5, 0, 0, 0, 0, 0, 0),
(780, 72, 5, 0, 0, 0, 0, 0, 0),
(781, 73, 5, 0, 0, 0, 0, 0, 0),
(782, 74, 5, 0, 0, 0, 0, 0, 0),
(783, 140, 5, 0, 0, 0, 0, 0, 0),
(784, 141, 5, 0, 0, 0, 0, 0, 0),
(785, 142, 5, 0, 0, 0, 0, 0, 0),
(786, 133, 5, 0, 0, 0, 0, 0, 0),
(787, 134, 5, 0, 0, 0, 0, 0, 0),
(788, 135, 5, 0, 0, 0, 0, 0, 0),
(789, 136, 5, 0, 0, 0, 0, 0, 0),
(790, 137, 5, 0, 0, 0, 0, 0, 0),
(791, 138, 5, 0, 0, 0, 0, 0, 0),
(792, 139, 5, 0, 0, 0, 0, 0, 0),
(793, 164, 5, 0, 0, 0, 0, 0, 0),
(794, 145, 5, 0, 0, 0, 0, 0, 0),
(795, 146, 5, 0, 0, 0, 0, 0, 0),
(796, 147, 5, 0, 0, 0, 0, 0, 0),
(797, 148, 5, 0, 0, 0, 0, 0, 0),
(798, 155, 5, 0, 0, 0, 0, 0, 0),
(799, 156, 5, 0, 0, 0, 0, 0, 0),
(800, 157, 5, 0, 0, 0, 0, 0, 0),
(801, 127, 6, 0, 0, 0, 0, 0, 0),
(802, 128, 6, 0, 0, 0, 0, 0, 0),
(803, 129, 6, 0, 0, 0, 0, 0, 0),
(804, 130, 6, 0, 0, 0, 0, 0, 0),
(805, 3, 6, 0, 0, 0, 0, 0, 0),
(806, 4, 6, 0, 0, 0, 0, 0, 0),
(807, 121, 6, 0, 0, 0, 0, 0, 0),
(808, 122, 6, 0, 0, 0, 0, 0, 0),
(809, 6, 6, 0, 0, 0, 0, 0, 0),
(810, 7, 6, 0, 0, 0, 0, 0, 0),
(811, 158, 6, 0, 0, 0, 0, 0, 0),
(812, 8, 6, 0, 0, 0, 0, 0, 0),
(813, 9, 6, 0, 0, 0, 0, 0, 0),
(814, 10, 6, 0, 0, 0, 0, 0, 0),
(815, 11, 6, 0, 0, 0, 0, 0, 0),
(816, 168, 6, 0, 0, 0, 0, 0, 0),
(817, 169, 6, 0, 0, 0, 0, 0, 0),
(818, 170, 6, 0, 0, 0, 0, 0, 0),
(819, 171, 6, 0, 0, 0, 0, 0, 0),
(820, 172, 6, 0, 0, 0, 0, 0, 0),
(821, 173, 6, 0, 0, 0, 0, 0, 0),
(822, 174, 6, 0, 0, 0, 0, 0, 0),
(823, 12, 6, 0, 0, 0, 0, 0, 0),
(824, 13, 6, 0, 0, 0, 0, 0, 0),
(825, 126, 6, 0, 0, 0, 0, 0, 0),
(826, 14, 6, 0, 0, 0, 0, 0, 0),
(827, 15, 6, 0, 0, 0, 0, 0, 0),
(828, 16, 6, 0, 0, 0, 0, 0, 0),
(829, 17, 6, 0, 0, 0, 0, 0, 0),
(830, 18, 6, 0, 0, 0, 0, 0, 0),
(831, 19, 6, 0, 0, 0, 0, 0, 0),
(832, 96, 6, 0, 0, 0, 0, 0, 0),
(833, 97, 6, 0, 0, 0, 0, 0, 0),
(834, 20, 6, 0, 0, 0, 0, 0, 0),
(835, 21, 6, 0, 0, 0, 0, 0, 0),
(836, 22, 6, 0, 0, 0, 0, 0, 0),
(837, 95, 6, 0, 0, 0, 0, 0, 0),
(838, 23, 6, 0, 0, 0, 0, 0, 0),
(839, 24, 6, 0, 0, 0, 0, 0, 0),
(840, 25, 6, 0, 0, 0, 0, 0, 0),
(841, 26, 6, 0, 0, 0, 0, 0, 0),
(842, 27, 6, 0, 0, 0, 0, 0, 0),
(843, 28, 6, 0, 0, 0, 0, 0, 0),
(844, 29, 6, 0, 0, 0, 0, 0, 0),
(845, 30, 6, 0, 0, 0, 0, 0, 0),
(846, 31, 6, 0, 0, 0, 0, 0, 0),
(847, 123, 6, 0, 0, 0, 0, 0, 0),
(848, 124, 6, 0, 0, 0, 0, 0, 0),
(849, 125, 6, 0, 0, 0, 0, 0, 0),
(850, 149, 6, 0, 0, 0, 0, 0, 0),
(851, 32, 6, 0, 0, 0, 0, 0, 0),
(852, 33, 6, 0, 0, 0, 0, 0, 0),
(853, 34, 6, 0, 0, 0, 0, 0, 0),
(854, 35, 6, 0, 0, 0, 0, 0, 0),
(855, 36, 6, 0, 0, 0, 0, 0, 0),
(856, 37, 6, 0, 0, 0, 0, 0, 0),
(857, 38, 6, 0, 0, 0, 0, 0, 0),
(858, 39, 6, 0, 0, 0, 0, 0, 0),
(859, 40, 6, 0, 0, 0, 0, 0, 0),
(860, 41, 6, 0, 0, 0, 0, 0, 0),
(861, 42, 6, 0, 0, 0, 0, 0, 0),
(862, 43, 6, 0, 0, 0, 0, 0, 0),
(863, 44, 6, 0, 0, 0, 0, 0, 0),
(864, 45, 6, 0, 0, 0, 0, 0, 0),
(865, 132, 6, 0, 0, 0, 0, 0, 0),
(866, 144, 6, 0, 0, 0, 0, 0, 0),
(867, 166, 6, 0, 0, 0, 0, 0, 0),
(868, 167, 6, 0, 0, 0, 0, 0, 0),
(869, 46, 6, 0, 0, 0, 0, 0, 0),
(870, 47, 6, 0, 0, 0, 0, 0, 0),
(871, 151, 6, 0, 0, 0, 0, 0, 0),
(872, 152, 6, 0, 0, 0, 0, 0, 0),
(873, 153, 6, 0, 0, 0, 0, 0, 0),
(874, 154, 6, 0, 0, 0, 0, 0, 0),
(875, 160, 6, 0, 0, 0, 0, 0, 0),
(876, 161, 6, 0, 0, 0, 0, 0, 0),
(877, 162, 6, 0, 0, 0, 0, 0, 0),
(878, 163, 6, 0, 0, 0, 0, 0, 0),
(879, 165, 6, 0, 0, 0, 0, 0, 0),
(880, 54, 6, 0, 0, 0, 0, 0, 0),
(881, 55, 6, 0, 0, 0, 0, 0, 0),
(882, 56, 6, 0, 0, 0, 0, 0, 0),
(883, 57, 6, 0, 0, 0, 0, 0, 0),
(884, 58, 6, 0, 0, 0, 0, 0, 0),
(885, 59, 6, 0, 0, 0, 0, 0, 0),
(886, 60, 6, 0, 0, 0, 0, 0, 0),
(887, 61, 6, 0, 0, 0, 0, 0, 0),
(888, 62, 6, 0, 0, 0, 0, 0, 0),
(889, 63, 6, 0, 0, 0, 0, 0, 0),
(890, 64, 6, 0, 0, 0, 0, 0, 0),
(891, 65, 6, 0, 0, 0, 0, 0, 0),
(892, 66, 6, 0, 0, 0, 0, 0, 0),
(893, 67, 6, 0, 0, 0, 0, 0, 0),
(894, 68, 6, 0, 0, 0, 0, 0, 0),
(895, 69, 6, 0, 0, 0, 0, 0, 0),
(896, 70, 6, 0, 0, 0, 0, 0, 0),
(897, 75, 6, 0, 0, 0, 0, 0, 0),
(898, 76, 6, 0, 0, 0, 0, 0, 0),
(899, 77, 6, 0, 0, 0, 0, 0, 0),
(900, 98, 6, 0, 0, 0, 0, 0, 0),
(901, 103, 6, 0, 0, 0, 0, 0, 0),
(902, 131, 6, 0, 0, 0, 0, 0, 0),
(903, 159, 6, 0, 0, 0, 0, 0, 0),
(904, 78, 6, 0, 0, 0, 0, 0, 0),
(905, 79, 6, 0, 0, 0, 0, 0, 0),
(906, 80, 6, 0, 0, 0, 0, 0, 0),
(907, 81, 6, 0, 0, 0, 0, 0, 0),
(908, 82, 6, 0, 0, 0, 0, 0, 0),
(909, 83, 6, 0, 0, 0, 0, 0, 0),
(910, 84, 6, 0, 0, 0, 0, 0, 0),
(911, 85, 6, 0, 0, 0, 0, 0, 0),
(912, 86, 6, 0, 0, 0, 0, 0, 0),
(913, 87, 6, 0, 0, 0, 0, 0, 0),
(914, 88, 6, 0, 0, 0, 0, 0, 0),
(915, 89, 6, 0, 0, 0, 0, 0, 0),
(916, 90, 6, 0, 0, 0, 0, 0, 0),
(917, 91, 6, 0, 0, 0, 0, 0, 0),
(918, 92, 6, 0, 0, 0, 0, 0, 0),
(919, 93, 6, 0, 0, 0, 0, 0, 0),
(920, 94, 6, 0, 0, 0, 0, 0, 0),
(921, 111, 6, 0, 0, 0, 0, 0, 0),
(922, 112, 6, 0, 0, 0, 0, 0, 0),
(923, 113, 6, 0, 0, 0, 0, 0, 0),
(924, 114, 6, 0, 0, 0, 0, 0, 0),
(925, 115, 6, 0, 0, 0, 0, 0, 0),
(926, 116, 6, 0, 0, 0, 0, 0, 0),
(927, 117, 6, 0, 0, 0, 0, 0, 0),
(928, 118, 6, 0, 0, 0, 0, 0, 0),
(929, 119, 6, 0, 0, 0, 0, 0, 0),
(930, 120, 6, 0, 0, 0, 0, 0, 0),
(931, 99, 6, 0, 0, 0, 0, 0, 0),
(932, 101, 6, 0, 0, 0, 0, 0, 0),
(933, 102, 6, 0, 0, 0, 0, 0, 0),
(934, 105, 6, 0, 0, 0, 0, 0, 0),
(935, 106, 6, 0, 0, 0, 0, 0, 0),
(936, 107, 6, 0, 0, 0, 0, 0, 0),
(937, 108, 6, 0, 0, 0, 0, 0, 0),
(938, 109, 6, 0, 0, 0, 0, 0, 0),
(939, 110, 6, 0, 0, 0, 0, 0, 0),
(940, 72, 6, 0, 0, 0, 0, 0, 0),
(941, 73, 6, 0, 0, 0, 0, 0, 0),
(942, 74, 6, 0, 0, 0, 0, 0, 0),
(943, 140, 6, 0, 0, 0, 0, 0, 0),
(944, 141, 6, 0, 0, 0, 0, 0, 0),
(945, 142, 6, 0, 0, 0, 0, 0, 0),
(946, 133, 6, 0, 0, 0, 0, 0, 0),
(947, 134, 6, 0, 0, 0, 0, 0, 0),
(948, 135, 6, 0, 0, 0, 0, 0, 0),
(949, 136, 6, 0, 0, 0, 0, 0, 0),
(950, 137, 6, 0, 0, 0, 0, 0, 0),
(951, 138, 6, 0, 0, 0, 0, 0, 0),
(952, 139, 6, 0, 0, 0, 0, 0, 0),
(953, 164, 6, 0, 0, 0, 0, 0, 0),
(954, 145, 6, 0, 0, 0, 0, 0, 0),
(955, 146, 6, 0, 0, 0, 0, 0, 0),
(956, 147, 6, 0, 0, 0, 0, 0, 0),
(957, 148, 6, 0, 0, 0, 0, 0, 0),
(958, 155, 6, 0, 0, 0, 0, 0, 0),
(959, 156, 6, 0, 0, 0, 0, 0, 0),
(960, 157, 6, 0, 0, 0, 0, 0, 0),
(961, 127, 7, 0, 0, 0, 0, 0, 0),
(962, 128, 7, 0, 0, 0, 0, 0, 0),
(963, 129, 7, 0, 0, 0, 0, 0, 0),
(964, 130, 7, 0, 0, 0, 0, 0, 0),
(965, 3, 7, 0, 0, 0, 0, 0, 0),
(966, 4, 7, 0, 0, 0, 0, 0, 0),
(967, 121, 7, 0, 0, 0, 0, 0, 0),
(968, 122, 7, 0, 0, 0, 0, 0, 0),
(969, 6, 7, 0, 0, 0, 0, 0, 0),
(970, 7, 7, 0, 0, 0, 0, 0, 0),
(971, 158, 7, 0, 0, 0, 0, 0, 0),
(972, 8, 7, 0, 0, 0, 0, 0, 0),
(973, 9, 7, 0, 0, 0, 0, 0, 0),
(974, 10, 7, 0, 0, 0, 0, 0, 0),
(975, 11, 7, 0, 0, 0, 0, 0, 0),
(976, 168, 7, 0, 0, 0, 0, 0, 0),
(977, 169, 7, 0, 0, 0, 0, 0, 0),
(978, 170, 7, 0, 0, 0, 0, 0, 0),
(979, 171, 7, 0, 0, 0, 0, 0, 0),
(980, 172, 7, 0, 0, 0, 0, 0, 0),
(981, 173, 7, 0, 0, 0, 0, 0, 0),
(982, 174, 7, 0, 0, 0, 0, 0, 0),
(983, 12, 7, 0, 0, 0, 0, 0, 0),
(984, 13, 7, 0, 0, 0, 0, 0, 0),
(985, 126, 7, 0, 0, 0, 0, 0, 0),
(986, 14, 7, 0, 0, 0, 0, 0, 0),
(987, 15, 7, 0, 0, 0, 0, 0, 0),
(988, 16, 7, 0, 0, 0, 0, 0, 0),
(989, 17, 7, 0, 0, 0, 0, 0, 0),
(990, 18, 7, 0, 0, 0, 0, 0, 0),
(991, 19, 7, 0, 0, 0, 0, 0, 0),
(992, 96, 7, 0, 0, 0, 0, 0, 0),
(993, 97, 7, 0, 0, 0, 0, 0, 0),
(994, 20, 7, 0, 0, 0, 0, 0, 0),
(995, 21, 7, 0, 0, 0, 0, 0, 0),
(996, 22, 7, 0, 0, 0, 0, 0, 0),
(997, 95, 7, 0, 0, 0, 0, 0, 0),
(998, 23, 7, 0, 0, 0, 0, 0, 0),
(999, 24, 7, 0, 0, 0, 0, 0, 0),
(1000, 25, 7, 0, 0, 0, 0, 0, 0),
(1001, 26, 7, 0, 0, 0, 0, 0, 0),
(1002, 27, 7, 0, 0, 0, 0, 0, 0),
(1003, 28, 7, 0, 0, 0, 0, 0, 0),
(1004, 29, 7, 0, 0, 0, 0, 0, 0),
(1005, 30, 7, 0, 0, 0, 0, 0, 0),
(1006, 31, 7, 0, 0, 0, 0, 0, 0),
(1007, 123, 7, 0, 0, 0, 0, 0, 0),
(1008, 124, 7, 0, 0, 0, 0, 0, 0),
(1009, 125, 7, 0, 0, 0, 0, 0, 0),
(1010, 149, 7, 0, 0, 0, 0, 0, 0),
(1011, 32, 7, 0, 0, 0, 0, 0, 0),
(1012, 33, 7, 0, 0, 0, 0, 0, 0),
(1013, 34, 7, 0, 0, 0, 0, 0, 0),
(1014, 35, 7, 0, 0, 0, 0, 0, 0),
(1015, 36, 7, 0, 0, 0, 0, 0, 0),
(1016, 37, 7, 0, 0, 0, 0, 0, 0),
(1017, 38, 7, 0, 0, 0, 0, 0, 0),
(1018, 39, 7, 0, 0, 0, 0, 0, 0),
(1019, 40, 7, 0, 0, 0, 0, 0, 0),
(1020, 41, 7, 0, 0, 0, 0, 0, 0),
(1021, 42, 7, 0, 0, 0, 0, 0, 0),
(1022, 43, 7, 0, 0, 0, 0, 0, 0),
(1023, 44, 7, 0, 0, 0, 0, 0, 0),
(1024, 45, 7, 0, 0, 0, 0, 0, 0),
(1025, 132, 7, 0, 0, 0, 0, 0, 0),
(1026, 144, 7, 0, 0, 0, 0, 0, 0),
(1027, 166, 7, 0, 0, 0, 0, 0, 0),
(1028, 167, 7, 0, 0, 0, 0, 0, 0),
(1029, 46, 7, 0, 0, 0, 0, 0, 0),
(1030, 47, 7, 0, 0, 0, 0, 0, 0),
(1031, 151, 7, 0, 0, 0, 0, 0, 0),
(1032, 152, 7, 0, 0, 0, 0, 0, 0),
(1033, 153, 7, 0, 0, 0, 0, 0, 0),
(1034, 154, 7, 0, 0, 0, 0, 0, 0),
(1035, 160, 7, 0, 0, 0, 0, 0, 0),
(1036, 161, 7, 0, 0, 0, 0, 0, 0),
(1037, 162, 7, 0, 0, 0, 0, 0, 0),
(1038, 163, 7, 0, 0, 0, 0, 0, 0),
(1039, 165, 7, 0, 0, 0, 0, 0, 0),
(1040, 54, 7, 0, 0, 0, 0, 0, 0),
(1041, 55, 7, 0, 0, 0, 0, 0, 0),
(1042, 56, 7, 0, 0, 0, 0, 0, 0),
(1043, 57, 7, 0, 0, 0, 0, 0, 0),
(1044, 58, 7, 0, 0, 0, 0, 0, 0),
(1045, 59, 7, 0, 0, 0, 0, 0, 0),
(1046, 60, 7, 0, 0, 0, 0, 0, 0),
(1047, 61, 7, 0, 0, 0, 0, 0, 0),
(1048, 62, 7, 0, 0, 0, 0, 0, 0),
(1049, 63, 7, 0, 0, 0, 0, 0, 0),
(1050, 64, 7, 0, 0, 0, 0, 0, 0),
(1051, 65, 7, 0, 0, 0, 0, 0, 0),
(1052, 66, 7, 0, 0, 0, 0, 0, 0),
(1053, 67, 7, 0, 0, 0, 0, 0, 0),
(1054, 68, 7, 0, 0, 0, 0, 0, 0),
(1055, 69, 7, 0, 0, 0, 0, 0, 0),
(1056, 70, 7, 0, 0, 0, 0, 0, 0),
(1057, 75, 7, 0, 0, 0, 0, 0, 0),
(1058, 76, 7, 0, 0, 0, 0, 0, 0),
(1059, 77, 7, 0, 0, 0, 0, 0, 0),
(1060, 98, 7, 0, 0, 0, 0, 0, 0),
(1061, 103, 7, 0, 0, 0, 0, 0, 0),
(1062, 131, 7, 0, 0, 0, 0, 0, 0),
(1063, 159, 7, 0, 0, 0, 0, 0, 0),
(1064, 78, 7, 0, 0, 0, 0, 0, 0),
(1065, 79, 7, 0, 0, 0, 0, 0, 0),
(1066, 80, 7, 0, 0, 0, 0, 0, 0),
(1067, 81, 7, 0, 0, 0, 0, 0, 0),
(1068, 82, 7, 0, 0, 0, 0, 0, 0),
(1069, 83, 7, 0, 0, 0, 0, 0, 0),
(1070, 84, 7, 0, 0, 0, 0, 0, 0),
(1071, 85, 7, 0, 0, 0, 0, 0, 0),
(1072, 86, 7, 0, 0, 0, 0, 0, 0),
(1073, 87, 7, 0, 0, 0, 0, 0, 0),
(1074, 88, 7, 0, 0, 0, 0, 0, 0),
(1075, 89, 7, 0, 0, 0, 0, 0, 0),
(1076, 90, 7, 0, 0, 0, 0, 0, 0),
(1077, 91, 7, 0, 0, 0, 0, 0, 0),
(1078, 92, 7, 0, 0, 0, 0, 0, 0),
(1079, 93, 7, 0, 0, 0, 0, 0, 0),
(1080, 94, 7, 0, 0, 0, 0, 0, 0),
(1081, 111, 7, 0, 0, 0, 0, 0, 0),
(1082, 112, 7, 0, 0, 0, 0, 0, 0),
(1083, 113, 7, 0, 0, 0, 0, 0, 0),
(1084, 114, 7, 0, 0, 0, 0, 0, 0),
(1085, 115, 7, 0, 0, 0, 0, 0, 0),
(1086, 116, 7, 0, 0, 0, 0, 0, 0),
(1087, 117, 7, 0, 0, 0, 0, 0, 0),
(1088, 118, 7, 0, 0, 0, 0, 0, 0),
(1089, 119, 7, 0, 0, 0, 0, 0, 0),
(1090, 120, 7, 0, 0, 0, 0, 0, 0),
(1091, 99, 7, 0, 0, 0, 0, 0, 0),
(1092, 101, 7, 0, 0, 0, 0, 0, 0),
(1093, 102, 7, 0, 0, 0, 0, 0, 0),
(1094, 105, 7, 0, 0, 0, 0, 0, 0),
(1095, 106, 7, 0, 0, 0, 0, 0, 0),
(1096, 107, 7, 0, 0, 0, 0, 0, 0),
(1097, 108, 7, 0, 0, 0, 0, 0, 0),
(1098, 109, 7, 0, 0, 0, 0, 0, 0),
(1099, 110, 7, 0, 0, 0, 0, 0, 0),
(1100, 72, 7, 0, 0, 0, 0, 0, 0),
(1101, 73, 7, 0, 0, 0, 0, 0, 0),
(1102, 74, 7, 0, 0, 0, 0, 0, 0),
(1103, 140, 7, 0, 0, 0, 0, 0, 0),
(1104, 141, 7, 0, 0, 0, 0, 0, 0),
(1105, 142, 7, 0, 0, 0, 0, 0, 0),
(1106, 133, 7, 0, 0, 0, 0, 0, 0),
(1107, 134, 7, 0, 0, 0, 0, 0, 0),
(1108, 135, 7, 0, 0, 0, 0, 0, 0),
(1109, 136, 7, 0, 0, 0, 0, 0, 0),
(1110, 137, 7, 0, 0, 0, 0, 0, 0),
(1111, 138, 7, 0, 0, 0, 0, 0, 0),
(1112, 139, 7, 0, 0, 0, 0, 0, 0),
(1113, 164, 7, 0, 0, 0, 0, 0, 0),
(1114, 145, 7, 0, 0, 0, 0, 0, 0),
(1115, 146, 7, 0, 0, 0, 0, 0, 0),
(1116, 147, 7, 0, 0, 0, 0, 0, 0),
(1117, 148, 7, 0, 0, 0, 0, 0, 0),
(1118, 155, 7, 0, 0, 0, 0, 0, 0),
(1119, 156, 7, 0, 0, 0, 0, 0, 0),
(1120, 157, 7, 0, 0, 0, 0, 0, 0),
(1121, 127, 8, 0, 0, 0, 0, 0, 0),
(1122, 128, 8, 0, 0, 0, 0, 0, 0),
(1123, 129, 8, 0, 0, 0, 0, 0, 0),
(1124, 130, 8, 0, 0, 0, 0, 0, 0),
(1125, 3, 8, 0, 0, 0, 0, 0, 0),
(1126, 4, 8, 0, 0, 0, 0, 0, 0),
(1127, 121, 8, 0, 0, 0, 0, 0, 0),
(1128, 122, 8, 0, 0, 0, 0, 0, 0),
(1129, 6, 8, 0, 0, 0, 0, 0, 0),
(1130, 7, 8, 0, 0, 0, 0, 0, 0),
(1131, 158, 8, 0, 0, 0, 0, 0, 0),
(1132, 8, 8, 0, 0, 0, 0, 0, 0),
(1133, 9, 8, 0, 0, 0, 0, 0, 0),
(1134, 10, 8, 0, 0, 0, 0, 0, 0),
(1135, 11, 8, 0, 0, 0, 0, 0, 0),
(1136, 168, 8, 0, 0, 0, 0, 0, 0),
(1137, 169, 8, 0, 0, 0, 0, 0, 0),
(1138, 170, 8, 0, 0, 0, 0, 0, 0),
(1139, 171, 8, 0, 0, 0, 0, 0, 0),
(1140, 172, 8, 0, 0, 0, 0, 0, 0),
(1141, 173, 8, 0, 0, 0, 0, 0, 0),
(1142, 174, 8, 0, 0, 0, 0, 0, 0),
(1143, 12, 8, 0, 0, 0, 0, 0, 0),
(1144, 13, 8, 0, 0, 0, 0, 0, 0),
(1145, 126, 8, 0, 0, 0, 0, 0, 0),
(1146, 14, 8, 0, 0, 0, 0, 0, 0),
(1147, 15, 8, 0, 0, 0, 0, 0, 0),
(1148, 16, 8, 0, 0, 0, 0, 0, 0),
(1149, 17, 8, 0, 0, 0, 0, 0, 0),
(1150, 18, 8, 0, 0, 0, 0, 0, 0),
(1151, 19, 8, 0, 0, 0, 0, 0, 0),
(1152, 96, 8, 0, 0, 0, 0, 0, 0),
(1153, 97, 8, 0, 0, 0, 0, 0, 0),
(1154, 20, 8, 0, 0, 0, 0, 0, 0),
(1155, 21, 8, 0, 0, 0, 0, 0, 0),
(1156, 22, 8, 0, 0, 0, 0, 0, 0),
(1157, 95, 8, 0, 0, 0, 0, 0, 0),
(1158, 23, 8, 0, 0, 0, 0, 0, 0),
(1159, 24, 8, 0, 0, 0, 0, 0, 0),
(1160, 25, 8, 0, 0, 0, 0, 0, 0),
(1161, 26, 8, 0, 0, 0, 0, 0, 0),
(1162, 27, 8, 0, 0, 0, 0, 0, 0),
(1163, 28, 8, 0, 0, 0, 0, 0, 0),
(1164, 29, 8, 0, 0, 0, 0, 0, 0),
(1165, 30, 8, 0, 0, 0, 0, 0, 0),
(1166, 31, 8, 0, 0, 0, 0, 0, 0),
(1167, 123, 8, 0, 0, 0, 0, 0, 0),
(1168, 124, 8, 0, 0, 0, 0, 0, 0),
(1169, 125, 8, 0, 0, 0, 0, 0, 0),
(1170, 149, 8, 0, 0, 0, 0, 0, 0),
(1171, 32, 8, 0, 0, 0, 0, 0, 0),
(1172, 33, 8, 0, 0, 0, 0, 0, 0),
(1173, 34, 8, 0, 0, 0, 0, 0, 0),
(1174, 35, 8, 0, 0, 0, 0, 0, 0),
(1175, 36, 8, 0, 0, 0, 0, 0, 0),
(1176, 37, 8, 0, 0, 0, 0, 0, 0),
(1177, 38, 8, 0, 0, 0, 0, 0, 0),
(1178, 39, 8, 0, 0, 0, 0, 0, 0),
(1179, 40, 8, 0, 0, 0, 0, 0, 0),
(1180, 41, 8, 0, 0, 0, 0, 0, 0),
(1181, 42, 8, 0, 0, 0, 0, 0, 0),
(1182, 43, 8, 0, 0, 0, 0, 0, 0),
(1183, 44, 8, 0, 0, 0, 0, 0, 0),
(1184, 45, 8, 0, 0, 0, 0, 0, 0),
(1185, 132, 8, 0, 0, 0, 0, 0, 0),
(1186, 144, 8, 0, 0, 0, 0, 0, 0),
(1187, 166, 8, 0, 0, 0, 0, 0, 0),
(1188, 167, 8, 0, 0, 0, 0, 0, 0),
(1189, 46, 8, 0, 0, 0, 0, 0, 0),
(1190, 47, 8, 0, 0, 0, 0, 0, 0),
(1191, 151, 8, 0, 0, 0, 0, 0, 0),
(1192, 152, 8, 0, 0, 0, 0, 0, 0),
(1193, 153, 8, 0, 0, 0, 0, 0, 0),
(1194, 154, 8, 0, 0, 0, 0, 0, 0),
(1195, 160, 8, 0, 0, 0, 0, 0, 0),
(1196, 161, 8, 0, 0, 0, 0, 0, 0),
(1197, 162, 8, 0, 0, 0, 0, 0, 0),
(1198, 163, 8, 0, 0, 0, 0, 0, 0),
(1199, 165, 8, 0, 0, 0, 0, 0, 0),
(1200, 54, 8, 0, 0, 0, 0, 0, 0),
(1201, 55, 8, 0, 0, 0, 0, 0, 0),
(1202, 56, 8, 0, 0, 0, 0, 0, 0),
(1203, 57, 8, 0, 0, 0, 0, 0, 0),
(1204, 58, 8, 0, 0, 0, 0, 0, 0),
(1205, 59, 8, 0, 0, 0, 0, 0, 0),
(1206, 60, 8, 0, 0, 0, 0, 0, 0),
(1207, 61, 8, 0, 0, 0, 0, 0, 0),
(1208, 62, 8, 0, 0, 0, 0, 0, 0),
(1209, 63, 8, 0, 0, 0, 0, 0, 0),
(1210, 64, 8, 0, 0, 0, 0, 0, 0),
(1211, 65, 8, 0, 0, 0, 0, 0, 0),
(1212, 66, 8, 0, 0, 0, 0, 0, 0),
(1213, 67, 8, 0, 0, 0, 0, 0, 0),
(1214, 68, 8, 0, 0, 0, 0, 0, 0),
(1215, 69, 8, 0, 0, 0, 0, 0, 0),
(1216, 70, 8, 0, 0, 0, 0, 0, 0),
(1217, 75, 8, 0, 0, 0, 0, 0, 0),
(1218, 76, 8, 0, 0, 0, 0, 0, 0),
(1219, 77, 8, 0, 0, 0, 0, 0, 0),
(1220, 98, 8, 0, 0, 0, 0, 0, 0),
(1221, 103, 8, 0, 0, 0, 0, 0, 0),
(1222, 131, 8, 0, 0, 0, 0, 0, 0),
(1223, 159, 8, 0, 0, 0, 0, 0, 0),
(1224, 78, 8, 0, 0, 0, 0, 0, 0),
(1225, 79, 8, 0, 0, 0, 0, 0, 0),
(1226, 80, 8, 0, 0, 0, 0, 0, 0),
(1227, 81, 8, 0, 0, 0, 0, 0, 0),
(1228, 82, 8, 0, 0, 0, 0, 0, 0),
(1229, 83, 8, 0, 0, 0, 0, 0, 0),
(1230, 84, 8, 0, 0, 0, 0, 0, 0),
(1231, 85, 8, 0, 0, 0, 0, 0, 0),
(1232, 86, 8, 0, 0, 0, 0, 0, 0),
(1233, 87, 8, 0, 0, 0, 0, 0, 0),
(1234, 88, 8, 0, 0, 0, 0, 0, 0),
(1235, 89, 8, 0, 0, 0, 0, 0, 0),
(1236, 90, 8, 0, 0, 0, 0, 0, 0),
(1237, 91, 8, 0, 0, 0, 0, 0, 0),
(1238, 92, 8, 0, 0, 0, 0, 0, 0),
(1239, 93, 8, 0, 0, 0, 0, 0, 0),
(1240, 94, 8, 0, 0, 0, 0, 0, 0),
(1241, 111, 8, 0, 0, 0, 0, 0, 0),
(1242, 112, 8, 0, 0, 0, 0, 0, 0),
(1243, 113, 8, 0, 0, 0, 0, 0, 0),
(1244, 114, 8, 0, 0, 0, 0, 0, 0),
(1245, 115, 8, 0, 0, 0, 0, 0, 0),
(1246, 116, 8, 0, 0, 0, 0, 0, 0),
(1247, 117, 8, 0, 0, 0, 0, 0, 0),
(1248, 118, 8, 0, 0, 0, 0, 0, 0),
(1249, 119, 8, 0, 0, 0, 0, 0, 0),
(1250, 120, 8, 0, 0, 0, 0, 0, 0),
(1251, 99, 8, 0, 0, 0, 0, 0, 0),
(1252, 101, 8, 0, 0, 0, 0, 0, 0),
(1253, 102, 8, 0, 0, 0, 0, 0, 0),
(1254, 105, 8, 0, 0, 0, 0, 0, 0),
(1255, 106, 8, 0, 0, 0, 0, 0, 0),
(1256, 107, 8, 0, 0, 0, 0, 0, 0),
(1257, 108, 8, 0, 0, 0, 0, 0, 0),
(1258, 109, 8, 0, 0, 0, 0, 0, 0),
(1259, 110, 8, 0, 0, 0, 0, 0, 0),
(1260, 72, 8, 0, 0, 0, 0, 0, 0),
(1261, 73, 8, 0, 0, 0, 0, 0, 0),
(1262, 74, 8, 0, 0, 0, 0, 0, 0),
(1263, 140, 8, 0, 0, 0, 0, 0, 0),
(1264, 141, 8, 0, 0, 0, 0, 0, 0),
(1265, 142, 8, 0, 0, 0, 0, 0, 0),
(1266, 133, 8, 0, 0, 0, 0, 0, 0),
(1267, 134, 8, 0, 0, 0, 0, 0, 0),
(1268, 135, 8, 0, 0, 0, 0, 0, 0),
(1269, 136, 8, 0, 0, 0, 0, 0, 0),
(1270, 137, 8, 0, 0, 0, 0, 0, 0),
(1271, 138, 8, 0, 0, 0, 0, 0, 0),
(1272, 139, 8, 0, 0, 0, 0, 0, 0),
(1273, 164, 8, 0, 0, 0, 0, 0, 0),
(1274, 145, 8, 0, 0, 0, 0, 0, 0),
(1275, 146, 8, 0, 0, 0, 0, 0, 0),
(1276, 147, 8, 0, 0, 0, 0, 0, 0),
(1277, 148, 8, 0, 0, 0, 0, 0, 0),
(1278, 155, 8, 0, 0, 0, 0, 0, 0),
(1279, 156, 8, 0, 0, 0, 0, 0, 0),
(1280, 157, 8, 0, 0, 0, 0, 0, 0),
(1281, 127, 9, 0, 0, 0, 0, 0, 0),
(1282, 128, 9, 0, 0, 0, 0, 0, 0),
(1283, 129, 9, 0, 0, 0, 0, 0, 0),
(1284, 130, 9, 0, 0, 0, 0, 0, 0),
(1285, 3, 9, 0, 0, 0, 0, 0, 0),
(1286, 4, 9, 0, 0, 0, 0, 0, 0),
(1287, 121, 9, 0, 0, 0, 0, 0, 0),
(1288, 122, 9, 0, 0, 0, 0, 0, 0),
(1289, 6, 9, 0, 0, 0, 0, 0, 0),
(1290, 7, 9, 0, 0, 0, 0, 0, 0),
(1291, 158, 9, 0, 0, 0, 0, 0, 0),
(1292, 8, 9, 0, 0, 0, 0, 0, 0),
(1293, 9, 9, 0, 0, 0, 0, 0, 0),
(1294, 10, 9, 0, 0, 0, 0, 0, 0),
(1295, 11, 9, 0, 0, 0, 0, 0, 0),
(1296, 168, 9, 0, 0, 0, 0, 0, 0),
(1297, 169, 9, 0, 0, 0, 0, 0, 0),
(1298, 170, 9, 0, 0, 0, 0, 0, 0),
(1299, 171, 9, 0, 0, 0, 0, 0, 0),
(1300, 172, 9, 0, 0, 0, 0, 0, 0),
(1301, 173, 9, 0, 0, 0, 0, 0, 0),
(1302, 174, 9, 0, 0, 0, 0, 0, 0),
(1303, 12, 9, 0, 0, 0, 0, 0, 0),
(1304, 13, 9, 0, 0, 0, 0, 0, 0),
(1305, 126, 9, 0, 0, 0, 0, 0, 0),
(1306, 14, 9, 0, 0, 0, 0, 0, 0),
(1307, 15, 9, 0, 0, 0, 0, 0, 0),
(1308, 16, 9, 0, 0, 0, 0, 0, 0),
(1309, 17, 9, 0, 0, 0, 0, 0, 0),
(1310, 18, 9, 0, 0, 0, 0, 0, 0),
(1311, 19, 9, 0, 0, 0, 0, 0, 0),
(1312, 96, 9, 0, 0, 0, 0, 0, 0),
(1313, 97, 9, 0, 0, 0, 0, 0, 0),
(1314, 20, 9, 0, 0, 0, 0, 0, 0),
(1315, 21, 9, 0, 0, 0, 0, 0, 0),
(1316, 22, 9, 0, 0, 0, 0, 0, 0),
(1317, 95, 9, 0, 0, 0, 0, 0, 0),
(1318, 23, 9, 0, 0, 0, 0, 0, 0),
(1319, 24, 9, 0, 0, 0, 0, 0, 0),
(1320, 25, 9, 0, 0, 0, 0, 0, 0),
(1321, 26, 9, 0, 0, 0, 0, 0, 0),
(1322, 27, 9, 0, 0, 0, 0, 0, 0),
(1323, 28, 9, 0, 0, 0, 0, 0, 0),
(1324, 29, 9, 0, 0, 0, 0, 0, 0),
(1325, 30, 9, 0, 0, 0, 0, 0, 0),
(1326, 31, 9, 0, 0, 0, 0, 0, 0),
(1327, 123, 9, 0, 0, 0, 0, 0, 0),
(1328, 124, 9, 0, 0, 0, 0, 0, 0),
(1329, 125, 9, 0, 0, 0, 0, 0, 0),
(1330, 149, 9, 0, 0, 0, 0, 0, 0),
(1331, 32, 9, 0, 0, 0, 0, 0, 0),
(1332, 33, 9, 0, 0, 0, 0, 0, 0),
(1333, 34, 9, 0, 0, 0, 0, 0, 0),
(1334, 35, 9, 0, 0, 0, 0, 0, 0),
(1335, 36, 9, 0, 0, 0, 0, 0, 0),
(1336, 37, 9, 0, 0, 0, 0, 0, 0),
(1337, 38, 9, 0, 0, 0, 0, 0, 0),
(1338, 39, 9, 0, 0, 0, 0, 0, 0),
(1339, 40, 9, 0, 0, 0, 0, 0, 0),
(1340, 41, 9, 0, 0, 0, 0, 0, 0),
(1341, 42, 9, 0, 0, 0, 0, 0, 0),
(1342, 43, 9, 0, 0, 0, 0, 0, 0),
(1343, 44, 9, 0, 0, 0, 0, 0, 0),
(1344, 45, 9, 0, 0, 0, 0, 0, 0),
(1345, 132, 9, 0, 0, 0, 0, 0, 0),
(1346, 144, 9, 0, 0, 0, 0, 0, 0),
(1347, 166, 9, 0, 0, 0, 0, 0, 0),
(1348, 167, 9, 0, 0, 0, 0, 0, 0),
(1349, 46, 9, 0, 0, 0, 0, 0, 0),
(1350, 47, 9, 0, 0, 0, 0, 0, 0),
(1351, 151, 9, 0, 0, 0, 0, 0, 0),
(1352, 152, 9, 0, 0, 0, 0, 0, 0),
(1353, 153, 9, 0, 0, 0, 0, 0, 0),
(1354, 154, 9, 0, 0, 0, 0, 0, 0),
(1355, 160, 9, 0, 0, 0, 0, 0, 0),
(1356, 161, 9, 0, 0, 0, 0, 0, 0),
(1357, 162, 9, 0, 0, 0, 0, 0, 0),
(1358, 163, 9, 0, 0, 0, 0, 0, 0),
(1359, 165, 9, 0, 0, 0, 0, 0, 0),
(1360, 54, 9, 0, 0, 0, 0, 0, 0),
(1361, 55, 9, 0, 0, 0, 0, 0, 0),
(1362, 56, 9, 0, 0, 0, 0, 0, 0),
(1363, 57, 9, 0, 0, 0, 0, 0, 0),
(1364, 58, 9, 0, 0, 0, 0, 0, 0),
(1365, 59, 9, 0, 0, 0, 0, 0, 0),
(1366, 60, 9, 0, 0, 0, 0, 0, 0),
(1367, 61, 9, 0, 0, 0, 0, 0, 0),
(1368, 62, 9, 0, 0, 0, 0, 0, 0),
(1369, 63, 9, 0, 0, 0, 0, 0, 0),
(1370, 64, 9, 0, 0, 0, 0, 0, 0),
(1371, 65, 9, 0, 0, 0, 0, 0, 0),
(1372, 66, 9, 0, 0, 0, 0, 0, 0),
(1373, 67, 9, 0, 0, 0, 0, 0, 0),
(1374, 68, 9, 0, 0, 0, 0, 0, 0),
(1375, 69, 9, 0, 0, 0, 0, 0, 0),
(1376, 70, 9, 0, 0, 0, 0, 0, 0),
(1377, 75, 9, 0, 0, 0, 0, 0, 0),
(1378, 76, 9, 0, 0, 0, 0, 0, 0),
(1379, 77, 9, 0, 0, 0, 0, 0, 0),
(1380, 98, 9, 0, 0, 0, 0, 0, 0),
(1381, 103, 9, 0, 0, 0, 0, 0, 0),
(1382, 131, 9, 0, 0, 0, 0, 0, 0),
(1383, 159, 9, 0, 0, 0, 0, 0, 0),
(1384, 78, 9, 0, 0, 0, 0, 0, 0),
(1385, 79, 9, 0, 0, 0, 0, 0, 0),
(1386, 80, 9, 0, 0, 0, 0, 0, 0),
(1387, 81, 9, 0, 0, 0, 0, 0, 0),
(1388, 82, 9, 0, 0, 0, 0, 0, 0),
(1389, 83, 9, 0, 0, 0, 0, 0, 0),
(1390, 84, 9, 0, 0, 0, 0, 0, 0),
(1391, 85, 9, 0, 0, 0, 0, 0, 0),
(1392, 86, 9, 0, 0, 0, 0, 0, 0),
(1393, 87, 9, 0, 0, 0, 0, 0, 0),
(1394, 88, 9, 0, 0, 0, 0, 0, 0),
(1395, 89, 9, 0, 0, 0, 0, 0, 0),
(1396, 90, 9, 0, 0, 0, 0, 0, 0),
(1397, 91, 9, 0, 0, 0, 0, 0, 0),
(1398, 92, 9, 0, 0, 0, 0, 0, 0),
(1399, 93, 9, 0, 0, 0, 0, 0, 0),
(1400, 94, 9, 0, 0, 0, 0, 0, 0),
(1401, 111, 9, 0, 0, 0, 0, 0, 0),
(1402, 112, 9, 0, 0, 0, 0, 0, 0),
(1403, 113, 9, 0, 0, 0, 0, 0, 0),
(1404, 114, 9, 0, 0, 0, 0, 0, 0),
(1405, 115, 9, 0, 0, 0, 0, 0, 0),
(1406, 116, 9, 0, 0, 0, 0, 0, 0),
(1407, 117, 9, 0, 0, 0, 0, 0, 0),
(1408, 118, 9, 0, 0, 0, 0, 0, 0),
(1409, 119, 9, 0, 0, 0, 0, 0, 0),
(1410, 120, 9, 0, 0, 0, 0, 0, 0),
(1411, 99, 9, 0, 0, 0, 0, 0, 0),
(1412, 101, 9, 0, 0, 0, 0, 0, 0),
(1413, 102, 9, 0, 0, 0, 0, 0, 0),
(1414, 105, 9, 0, 0, 0, 0, 0, 0),
(1415, 106, 9, 0, 0, 0, 0, 0, 0),
(1416, 107, 9, 0, 0, 0, 0, 0, 0),
(1417, 108, 9, 0, 0, 0, 0, 0, 0),
(1418, 109, 9, 0, 0, 0, 0, 0, 0),
(1419, 110, 9, 0, 0, 0, 0, 0, 0),
(1420, 72, 9, 0, 0, 0, 0, 0, 0),
(1421, 73, 9, 0, 0, 0, 0, 0, 0),
(1422, 74, 9, 0, 0, 0, 0, 0, 0),
(1423, 140, 9, 0, 0, 0, 0, 0, 0),
(1424, 141, 9, 0, 0, 0, 0, 0, 0),
(1425, 142, 9, 0, 0, 0, 0, 0, 0),
(1426, 133, 9, 0, 0, 0, 0, 0, 0),
(1427, 134, 9, 0, 0, 0, 0, 0, 0),
(1428, 135, 9, 0, 0, 0, 0, 0, 0),
(1429, 136, 9, 0, 0, 0, 0, 0, 0),
(1430, 137, 9, 0, 0, 0, 0, 0, 0),
(1431, 138, 9, 0, 0, 0, 0, 0, 0),
(1432, 139, 9, 0, 0, 0, 0, 0, 0),
(1433, 164, 9, 0, 0, 0, 0, 0, 0),
(1434, 145, 9, 0, 0, 0, 0, 0, 0),
(1435, 146, 9, 0, 0, 0, 0, 0, 0),
(1436, 147, 9, 0, 0, 0, 0, 0, 0),
(1437, 148, 9, 0, 0, 0, 0, 0, 0),
(1438, 155, 9, 0, 0, 0, 0, 0, 0),
(1439, 156, 9, 0, 0, 0, 0, 0, 0),
(1440, 157, 9, 0, 0, 0, 0, 0, 0),
(1441, 127, 10, 0, 0, 0, 0, 0, 0),
(1442, 128, 10, 0, 0, 0, 0, 0, 0),
(1443, 129, 10, 0, 0, 0, 0, 0, 0),
(1444, 130, 10, 0, 0, 0, 0, 0, 0),
(1445, 3, 10, 0, 0, 0, 0, 0, 0),
(1446, 4, 10, 0, 0, 0, 0, 0, 0),
(1447, 121, 10, 0, 0, 0, 0, 0, 0),
(1448, 122, 10, 0, 0, 0, 0, 0, 0),
(1449, 6, 10, 0, 0, 0, 0, 0, 0),
(1450, 7, 10, 0, 0, 0, 0, 0, 0),
(1451, 158, 10, 0, 0, 0, 0, 0, 0),
(1452, 8, 10, 0, 0, 0, 0, 0, 0),
(1453, 9, 10, 0, 0, 0, 0, 0, 0),
(1454, 10, 10, 0, 0, 0, 0, 0, 0),
(1455, 11, 10, 0, 0, 0, 0, 0, 0),
(1456, 168, 10, 0, 0, 0, 0, 0, 0),
(1457, 169, 10, 0, 0, 0, 0, 0, 0),
(1458, 170, 10, 0, 0, 0, 0, 0, 0),
(1459, 171, 10, 0, 0, 0, 0, 0, 0),
(1460, 172, 10, 0, 0, 0, 0, 0, 0),
(1461, 173, 10, 0, 0, 0, 0, 0, 0),
(1462, 174, 10, 0, 0, 0, 0, 0, 0),
(1463, 12, 10, 0, 0, 0, 0, 0, 0),
(1464, 13, 10, 0, 0, 0, 0, 0, 0),
(1465, 126, 10, 0, 0, 0, 0, 0, 0),
(1466, 14, 10, 0, 0, 0, 0, 0, 0),
(1467, 15, 10, 0, 0, 0, 0, 0, 0),
(1468, 16, 10, 0, 0, 0, 0, 0, 0),
(1469, 17, 10, 0, 0, 0, 0, 0, 0),
(1470, 18, 10, 0, 0, 0, 0, 0, 0),
(1471, 19, 10, 0, 0, 0, 0, 0, 0),
(1472, 96, 10, 0, 0, 0, 0, 0, 0),
(1473, 97, 10, 0, 0, 0, 0, 0, 0),
(1474, 20, 10, 0, 0, 0, 0, 0, 0),
(1475, 21, 10, 0, 0, 0, 0, 0, 0),
(1476, 22, 10, 0, 0, 0, 0, 0, 0),
(1477, 95, 10, 0, 0, 0, 0, 0, 0),
(1478, 23, 10, 0, 0, 0, 0, 0, 0),
(1479, 24, 10, 0, 0, 0, 0, 0, 0),
(1480, 25, 10, 0, 0, 0, 0, 0, 0),
(1481, 26, 10, 0, 0, 0, 0, 0, 0),
(1482, 27, 10, 0, 0, 0, 0, 0, 0),
(1483, 28, 10, 0, 0, 0, 0, 0, 0),
(1484, 29, 10, 0, 0, 0, 0, 0, 0),
(1485, 30, 10, 0, 0, 0, 0, 0, 0),
(1486, 31, 10, 0, 0, 0, 0, 0, 0),
(1487, 123, 10, 0, 0, 0, 0, 0, 0),
(1488, 124, 10, 0, 0, 0, 0, 0, 0),
(1489, 125, 10, 0, 0, 0, 0, 0, 0),
(1490, 149, 10, 0, 0, 0, 0, 0, 0),
(1491, 32, 10, 0, 0, 0, 0, 0, 0),
(1492, 33, 10, 0, 0, 0, 0, 0, 0),
(1493, 34, 10, 0, 0, 0, 0, 0, 0),
(1494, 35, 10, 0, 0, 0, 0, 0, 0),
(1495, 36, 10, 0, 0, 0, 0, 0, 0),
(1496, 37, 10, 0, 0, 0, 0, 0, 0),
(1497, 38, 10, 0, 0, 0, 0, 0, 0),
(1498, 39, 10, 0, 0, 0, 0, 0, 0),
(1499, 40, 10, 0, 0, 0, 0, 0, 0),
(1500, 41, 10, 0, 0, 0, 0, 0, 0),
(1501, 42, 10, 0, 0, 0, 0, 0, 0),
(1502, 43, 10, 0, 0, 0, 0, 0, 0),
(1503, 44, 10, 0, 0, 0, 0, 0, 0),
(1504, 45, 10, 0, 0, 0, 0, 0, 0),
(1505, 132, 10, 0, 0, 0, 0, 0, 0),
(1506, 144, 10, 0, 0, 0, 0, 0, 0),
(1507, 166, 10, 0, 0, 0, 0, 0, 0),
(1508, 167, 10, 0, 0, 0, 0, 0, 0),
(1509, 46, 10, 0, 0, 0, 0, 0, 0),
(1510, 47, 10, 0, 0, 0, 0, 0, 0),
(1511, 151, 10, 0, 0, 0, 0, 0, 0),
(1512, 152, 10, 0, 0, 0, 0, 0, 0),
(1513, 153, 10, 0, 0, 0, 0, 0, 0),
(1514, 154, 10, 0, 0, 0, 0, 0, 0),
(1515, 160, 10, 0, 0, 0, 0, 0, 0),
(1516, 161, 10, 0, 0, 0, 0, 0, 0),
(1517, 162, 10, 0, 0, 0, 0, 0, 0),
(1518, 163, 10, 0, 0, 0, 0, 0, 0),
(1519, 165, 10, 0, 0, 0, 0, 0, 0),
(1520, 54, 10, 0, 0, 0, 0, 0, 0),
(1521, 55, 10, 0, 0, 0, 0, 0, 0),
(1522, 56, 10, 0, 0, 0, 0, 0, 0),
(1523, 57, 10, 0, 0, 0, 0, 0, 0),
(1524, 58, 10, 0, 0, 0, 0, 0, 0),
(1525, 59, 10, 0, 0, 0, 0, 0, 0),
(1526, 60, 10, 0, 0, 0, 0, 0, 0),
(1527, 61, 10, 0, 0, 0, 0, 0, 0),
(1528, 62, 10, 0, 0, 0, 0, 0, 0),
(1529, 63, 10, 0, 0, 0, 0, 0, 0),
(1530, 64, 10, 0, 0, 0, 0, 0, 0),
(1531, 65, 10, 0, 0, 0, 0, 0, 0),
(1532, 66, 10, 0, 0, 0, 0, 0, 0),
(1533, 67, 10, 0, 0, 0, 0, 0, 0),
(1534, 68, 10, 0, 0, 0, 0, 0, 0),
(1535, 69, 10, 0, 0, 0, 0, 0, 0),
(1536, 70, 10, 0, 0, 0, 0, 0, 0),
(1537, 75, 10, 0, 0, 0, 0, 0, 0),
(1538, 76, 10, 0, 0, 0, 0, 0, 0),
(1539, 77, 10, 0, 0, 0, 0, 0, 0),
(1540, 98, 10, 0, 0, 0, 0, 0, 0),
(1541, 103, 10, 0, 0, 0, 0, 0, 0),
(1542, 131, 10, 0, 0, 0, 0, 0, 0),
(1543, 159, 10, 0, 0, 0, 0, 0, 0),
(1544, 78, 10, 0, 0, 0, 0, 0, 0),
(1545, 79, 10, 0, 0, 0, 0, 0, 0),
(1546, 80, 10, 0, 0, 0, 0, 0, 0),
(1547, 81, 10, 0, 0, 0, 0, 0, 0),
(1548, 82, 10, 0, 0, 0, 0, 0, 0),
(1549, 83, 10, 0, 0, 0, 0, 0, 0),
(1550, 84, 10, 0, 0, 0, 0, 0, 0),
(1551, 85, 10, 0, 0, 0, 0, 0, 0),
(1552, 86, 10, 0, 0, 0, 0, 0, 0),
(1553, 87, 10, 0, 0, 0, 0, 0, 0),
(1554, 88, 10, 0, 0, 0, 0, 0, 0),
(1555, 89, 10, 0, 0, 0, 0, 0, 0),
(1556, 90, 10, 0, 0, 0, 0, 0, 0),
(1557, 91, 10, 0, 0, 0, 0, 0, 0),
(1558, 92, 10, 0, 0, 0, 0, 0, 0),
(1559, 93, 10, 0, 0, 0, 0, 0, 0),
(1560, 94, 10, 0, 0, 0, 0, 0, 0),
(1561, 111, 10, 0, 0, 0, 0, 0, 0),
(1562, 112, 10, 0, 0, 0, 0, 0, 0),
(1563, 113, 10, 0, 0, 0, 0, 0, 0),
(1564, 114, 10, 0, 0, 0, 0, 0, 0),
(1565, 115, 10, 0, 0, 0, 0, 0, 0),
(1566, 116, 10, 0, 0, 0, 0, 0, 0),
(1567, 117, 10, 0, 0, 0, 0, 0, 0),
(1568, 118, 10, 0, 0, 0, 0, 0, 0),
(1569, 119, 10, 0, 0, 0, 0, 0, 0),
(1570, 120, 10, 0, 0, 0, 0, 0, 0),
(1571, 99, 10, 0, 0, 0, 0, 0, 0),
(1572, 101, 10, 0, 0, 0, 0, 0, 0),
(1573, 102, 10, 0, 0, 0, 0, 0, 0),
(1574, 105, 10, 0, 0, 0, 0, 0, 0),
(1575, 106, 10, 0, 0, 0, 0, 0, 0),
(1576, 107, 10, 0, 0, 0, 0, 0, 0),
(1577, 108, 10, 0, 0, 0, 0, 0, 0),
(1578, 109, 10, 0, 0, 0, 0, 0, 0),
(1579, 110, 10, 0, 0, 0, 0, 0, 0),
(1580, 72, 10, 0, 0, 0, 0, 0, 0),
(1581, 73, 10, 0, 0, 0, 0, 0, 0),
(1582, 74, 10, 0, 0, 0, 0, 0, 0),
(1583, 140, 10, 0, 0, 0, 0, 0, 0),
(1584, 141, 10, 0, 0, 0, 0, 0, 0),
(1585, 142, 10, 0, 0, 0, 0, 0, 0),
(1586, 133, 10, 0, 0, 0, 0, 0, 0),
(1587, 134, 10, 0, 0, 0, 0, 0, 0),
(1588, 135, 10, 0, 0, 0, 0, 0, 0),
(1589, 136, 10, 0, 0, 0, 0, 0, 0),
(1590, 137, 10, 0, 0, 0, 0, 0, 0),
(1591, 138, 10, 0, 0, 0, 0, 0, 0),
(1592, 139, 10, 0, 0, 0, 0, 0, 0),
(1593, 164, 10, 0, 0, 0, 0, 0, 0),
(1594, 145, 10, 0, 0, 0, 0, 0, 0),
(1595, 146, 10, 0, 0, 0, 0, 0, 0),
(1596, 147, 10, 0, 0, 0, 0, 0, 0),
(1597, 148, 10, 0, 0, 0, 0, 0, 0),
(1598, 155, 10, 0, 0, 0, 0, 0, 0),
(1599, 156, 10, 0, 0, 0, 0, 0, 0),
(1600, 157, 10, 0, 0, 0, 0, 0, 0),
(1601, 127, 11, 0, 0, 0, 0, 0, 0),
(1602, 128, 11, 0, 0, 0, 0, 0, 0),
(1603, 129, 11, 0, 0, 0, 0, 0, 0),
(1604, 130, 11, 0, 0, 0, 0, 0, 0),
(1605, 3, 11, 0, 0, 0, 0, 0, 0),
(1606, 4, 11, 0, 0, 0, 0, 0, 0),
(1607, 121, 11, 0, 0, 0, 0, 0, 0),
(1608, 122, 11, 0, 0, 0, 0, 0, 0),
(1609, 6, 11, 0, 0, 0, 0, 0, 0),
(1610, 7, 11, 0, 0, 0, 0, 0, 0),
(1611, 158, 11, 0, 0, 0, 0, 0, 0),
(1612, 8, 11, 0, 0, 0, 0, 0, 0),
(1613, 9, 11, 0, 0, 0, 0, 0, 0),
(1614, 10, 11, 0, 0, 0, 0, 0, 0),
(1615, 11, 11, 0, 0, 0, 0, 0, 0),
(1616, 168, 11, 0, 0, 0, 0, 0, 0),
(1617, 169, 11, 0, 0, 0, 0, 0, 0),
(1618, 170, 11, 0, 0, 0, 0, 0, 0),
(1619, 171, 11, 0, 0, 0, 0, 0, 0),
(1620, 172, 11, 0, 0, 0, 0, 0, 0),
(1621, 173, 11, 0, 0, 0, 0, 0, 0),
(1622, 174, 11, 0, 0, 0, 0, 0, 0),
(1623, 12, 11, 0, 0, 0, 0, 0, 0),
(1624, 13, 11, 0, 0, 0, 0, 0, 0),
(1625, 126, 11, 0, 0, 0, 0, 0, 0),
(1626, 14, 11, 0, 0, 0, 0, 0, 0),
(1627, 15, 11, 0, 0, 0, 0, 0, 0),
(1628, 16, 11, 0, 0, 0, 0, 0, 0),
(1629, 17, 11, 0, 0, 0, 0, 0, 0),
(1630, 18, 11, 0, 0, 0, 0, 0, 0),
(1631, 19, 11, 0, 0, 0, 0, 0, 0),
(1632, 96, 11, 0, 0, 0, 0, 0, 0),
(1633, 97, 11, 0, 0, 0, 0, 0, 0),
(1634, 20, 11, 0, 0, 0, 0, 0, 0),
(1635, 21, 11, 0, 0, 0, 0, 0, 0),
(1636, 22, 11, 0, 0, 0, 0, 0, 0),
(1637, 95, 11, 0, 0, 0, 0, 0, 0),
(1638, 23, 11, 0, 0, 0, 0, 0, 0),
(1639, 24, 11, 0, 0, 0, 0, 0, 0),
(1640, 25, 11, 0, 0, 0, 0, 0, 0),
(1641, 26, 11, 0, 0, 0, 0, 0, 0),
(1642, 27, 11, 0, 0, 0, 0, 0, 0),
(1643, 28, 11, 0, 0, 0, 0, 0, 0),
(1644, 29, 11, 0, 0, 0, 0, 0, 0),
(1645, 30, 11, 0, 0, 0, 0, 0, 0),
(1646, 31, 11, 0, 0, 0, 0, 0, 0),
(1647, 123, 11, 0, 0, 0, 0, 0, 0),
(1648, 124, 11, 0, 0, 0, 0, 0, 0),
(1649, 125, 11, 0, 0, 0, 0, 0, 0),
(1650, 149, 11, 0, 0, 0, 0, 0, 0),
(1651, 32, 11, 0, 0, 0, 0, 0, 0),
(1652, 33, 11, 0, 0, 0, 0, 0, 0),
(1653, 34, 11, 0, 0, 0, 0, 0, 0),
(1654, 35, 11, 0, 0, 0, 0, 0, 0),
(1655, 36, 11, 0, 0, 0, 0, 0, 0),
(1656, 37, 11, 0, 0, 0, 0, 0, 0),
(1657, 38, 11, 0, 0, 0, 0, 0, 0),
(1658, 39, 11, 0, 0, 0, 0, 0, 0),
(1659, 40, 11, 0, 0, 0, 0, 0, 0),
(1660, 41, 11, 0, 0, 0, 0, 0, 0),
(1661, 42, 11, 0, 0, 0, 0, 0, 0),
(1662, 43, 11, 0, 0, 0, 0, 0, 0),
(1663, 44, 11, 0, 0, 0, 0, 0, 0),
(1664, 45, 11, 0, 0, 0, 0, 0, 0),
(1665, 132, 11, 0, 0, 0, 0, 0, 0),
(1666, 144, 11, 0, 0, 0, 0, 0, 0),
(1667, 166, 11, 0, 0, 0, 0, 0, 0),
(1668, 167, 11, 0, 0, 0, 0, 0, 0),
(1669, 46, 11, 0, 0, 0, 0, 0, 0),
(1670, 47, 11, 0, 0, 0, 0, 0, 0),
(1671, 151, 11, 0, 0, 0, 0, 0, 0),
(1672, 152, 11, 0, 0, 0, 0, 0, 0),
(1673, 153, 11, 0, 0, 0, 0, 0, 0),
(1674, 154, 11, 0, 0, 0, 0, 0, 0),
(1675, 160, 11, 0, 0, 0, 0, 0, 0),
(1676, 161, 11, 0, 0, 0, 0, 0, 0),
(1677, 162, 11, 0, 0, 0, 0, 0, 0),
(1678, 163, 11, 0, 0, 0, 0, 0, 0),
(1679, 165, 11, 0, 0, 0, 0, 0, 0),
(1680, 54, 11, 0, 0, 0, 0, 0, 0),
(1681, 55, 11, 0, 0, 0, 0, 0, 0),
(1682, 56, 11, 0, 0, 0, 0, 0, 0),
(1683, 57, 11, 0, 0, 0, 0, 0, 0),
(1684, 58, 11, 0, 0, 0, 0, 0, 0),
(1685, 59, 11, 0, 0, 0, 0, 0, 0),
(1686, 60, 11, 0, 0, 0, 0, 0, 0),
(1687, 61, 11, 0, 0, 0, 0, 0, 0),
(1688, 62, 11, 0, 0, 0, 0, 0, 0),
(1689, 63, 11, 0, 0, 0, 0, 0, 0),
(1690, 64, 11, 0, 0, 0, 0, 0, 0),
(1691, 65, 11, 0, 0, 0, 0, 0, 0),
(1692, 66, 11, 0, 0, 0, 0, 0, 0),
(1693, 67, 11, 0, 0, 0, 0, 0, 0),
(1694, 68, 11, 0, 0, 0, 0, 0, 0),
(1695, 69, 11, 0, 0, 0, 0, 0, 0),
(1696, 70, 11, 0, 0, 0, 0, 0, 0),
(1697, 75, 11, 0, 0, 0, 0, 0, 0),
(1698, 76, 11, 0, 0, 0, 0, 0, 0),
(1699, 77, 11, 0, 0, 0, 0, 0, 0),
(1700, 98, 11, 0, 0, 0, 0, 0, 0),
(1701, 103, 11, 0, 0, 0, 0, 0, 0),
(1702, 131, 11, 0, 0, 0, 0, 0, 0),
(1703, 159, 11, 0, 0, 0, 0, 0, 0),
(1704, 78, 11, 0, 0, 0, 0, 0, 0),
(1705, 79, 11, 0, 0, 0, 0, 0, 0),
(1706, 80, 11, 0, 0, 0, 0, 0, 0),
(1707, 81, 11, 0, 0, 0, 0, 0, 0),
(1708, 82, 11, 0, 0, 0, 0, 0, 0),
(1709, 83, 11, 0, 0, 0, 0, 0, 0),
(1710, 84, 11, 0, 0, 0, 0, 0, 0),
(1711, 85, 11, 0, 0, 0, 0, 0, 0),
(1712, 86, 11, 0, 0, 0, 0, 0, 0),
(1713, 87, 11, 0, 0, 0, 0, 0, 0),
(1714, 88, 11, 0, 0, 0, 0, 0, 0),
(1715, 89, 11, 0, 0, 0, 0, 0, 0),
(1716, 90, 11, 0, 0, 0, 0, 0, 0),
(1717, 91, 11, 0, 0, 0, 0, 0, 0),
(1718, 92, 11, 0, 0, 0, 0, 0, 0),
(1719, 93, 11, 0, 0, 0, 0, 0, 0),
(1720, 94, 11, 0, 0, 0, 0, 0, 0),
(1721, 111, 11, 0, 0, 0, 0, 0, 0),
(1722, 112, 11, 0, 0, 0, 0, 0, 0),
(1723, 113, 11, 0, 0, 0, 0, 0, 0),
(1724, 114, 11, 0, 0, 0, 0, 0, 0),
(1725, 115, 11, 0, 0, 0, 0, 0, 0),
(1726, 116, 11, 0, 0, 0, 0, 0, 0),
(1727, 117, 11, 0, 0, 0, 0, 0, 0),
(1728, 118, 11, 0, 0, 0, 0, 0, 0),
(1729, 119, 11, 0, 0, 0, 0, 0, 0),
(1730, 120, 11, 0, 0, 0, 0, 0, 0),
(1731, 99, 11, 0, 0, 0, 0, 0, 0),
(1732, 101, 11, 0, 0, 0, 0, 0, 0),
(1733, 102, 11, 0, 0, 0, 0, 0, 0),
(1734, 105, 11, 0, 0, 0, 0, 0, 0),
(1735, 106, 11, 0, 0, 0, 0, 0, 0),
(1736, 107, 11, 0, 0, 0, 0, 0, 0),
(1737, 108, 11, 0, 0, 0, 0, 0, 0),
(1738, 109, 11, 0, 0, 0, 0, 0, 0),
(1739, 110, 11, 0, 0, 0, 0, 0, 0),
(1740, 72, 11, 0, 0, 0, 0, 0, 0),
(1741, 73, 11, 0, 0, 0, 0, 0, 0),
(1742, 74, 11, 0, 0, 0, 0, 0, 0),
(1743, 140, 11, 0, 0, 0, 0, 0, 0),
(1744, 141, 11, 0, 0, 0, 0, 0, 0),
(1745, 142, 11, 0, 0, 0, 0, 0, 0),
(1746, 133, 11, 0, 0, 0, 0, 0, 0),
(1747, 134, 11, 0, 0, 0, 0, 0, 0),
(1748, 135, 11, 0, 0, 0, 0, 0, 0),
(1749, 136, 11, 0, 0, 0, 0, 0, 0),
(1750, 137, 11, 0, 0, 0, 0, 0, 0),
(1751, 138, 11, 0, 0, 0, 0, 0, 0),
(1752, 139, 11, 0, 0, 0, 0, 0, 0),
(1753, 164, 11, 0, 0, 0, 0, 0, 0),
(1754, 145, 11, 0, 0, 0, 0, 0, 0),
(1755, 146, 11, 0, 0, 0, 0, 0, 0),
(1756, 147, 11, 0, 0, 0, 0, 0, 0),
(1757, 148, 11, 0, 0, 0, 0, 0, 0),
(1758, 155, 11, 0, 0, 0, 0, 0, 0),
(1759, 156, 11, 0, 0, 0, 0, 0, 0),
(1760, 157, 11, 0, 0, 0, 0, 0, 0),
(1921, 127, 13, 0, 0, 0, 0, 0, 0),
(1922, 128, 13, 0, 0, 0, 0, 0, 0),
(1923, 129, 13, 0, 0, 0, 0, 0, 0),
(1924, 130, 13, 0, 0, 0, 0, 0, 0),
(1925, 3, 13, 0, 0, 0, 0, 0, 0),
(1926, 4, 13, 0, 0, 0, 0, 0, 0),
(1927, 121, 13, 0, 0, 0, 0, 0, 0),
(1928, 122, 13, 0, 0, 0, 0, 0, 0),
(1929, 6, 13, 0, 0, 0, 0, 0, 0),
(1930, 7, 13, 0, 0, 0, 0, 0, 0),
(1931, 158, 13, 0, 0, 0, 0, 0, 0),
(1932, 8, 13, 0, 0, 0, 0, 0, 0),
(1933, 9, 13, 0, 0, 0, 0, 0, 0),
(1934, 10, 13, 0, 0, 0, 0, 0, 0),
(1935, 11, 13, 0, 0, 0, 0, 0, 0),
(1936, 168, 13, 0, 0, 0, 0, 0, 0),
(1937, 169, 13, 0, 0, 0, 0, 0, 0),
(1938, 170, 13, 0, 0, 0, 0, 0, 0),
(1939, 171, 13, 0, 0, 0, 0, 0, 0),
(1940, 172, 13, 0, 0, 0, 0, 0, 0),
(1941, 173, 13, 0, 0, 0, 0, 0, 0),
(1942, 174, 13, 0, 0, 0, 0, 0, 0),
(1943, 12, 13, 0, 0, 0, 0, 0, 0),
(1944, 13, 13, 0, 0, 0, 0, 0, 0),
(1945, 126, 13, 0, 0, 0, 0, 0, 0),
(1946, 14, 13, 0, 0, 0, 0, 0, 0),
(1947, 15, 13, 0, 0, 0, 0, 0, 0),
(1948, 16, 13, 0, 0, 0, 0, 0, 0),
(1949, 17, 13, 0, 0, 0, 0, 0, 0),
(1950, 18, 13, 0, 0, 0, 0, 0, 0),
(1951, 19, 13, 0, 0, 0, 0, 0, 0),
(1952, 96, 13, 0, 0, 0, 0, 0, 0),
(1953, 97, 13, 0, 0, 0, 0, 0, 0),
(1954, 20, 13, 0, 0, 0, 0, 0, 0),
(1955, 21, 13, 0, 0, 0, 0, 0, 0),
(1956, 22, 13, 0, 0, 0, 0, 0, 0),
(1957, 95, 13, 0, 0, 0, 0, 0, 0),
(1958, 23, 13, 0, 0, 0, 0, 0, 0),
(1959, 24, 13, 0, 0, 0, 0, 0, 0),
(1960, 25, 13, 0, 0, 0, 0, 0, 0),
(1961, 26, 13, 0, 0, 0, 0, 0, 0),
(1962, 27, 13, 0, 0, 0, 0, 0, 0),
(1963, 28, 13, 0, 0, 0, 0, 0, 0),
(1964, 29, 13, 0, 0, 0, 0, 0, 0),
(1965, 30, 13, 0, 0, 0, 0, 0, 0),
(1966, 31, 13, 0, 0, 0, 0, 0, 0),
(1967, 123, 13, 0, 0, 0, 0, 0, 0),
(1968, 124, 13, 0, 0, 0, 0, 0, 0),
(1969, 125, 13, 0, 0, 0, 0, 0, 0),
(1970, 149, 13, 0, 0, 0, 0, 0, 0),
(1971, 32, 13, 0, 0, 0, 0, 0, 0),
(1972, 33, 13, 0, 0, 0, 0, 0, 0),
(1973, 34, 13, 0, 0, 0, 0, 0, 0),
(1974, 35, 13, 0, 0, 0, 0, 0, 0),
(1975, 36, 13, 0, 0, 0, 0, 0, 0),
(1976, 37, 13, 0, 0, 0, 0, 0, 0),
(1977, 38, 13, 0, 0, 0, 0, 0, 0),
(1978, 39, 13, 0, 0, 0, 0, 0, 0),
(1979, 40, 13, 0, 0, 0, 0, 0, 0),
(1980, 41, 13, 0, 0, 0, 0, 0, 0),
(1981, 42, 13, 0, 0, 0, 0, 0, 0),
(1982, 43, 13, 0, 0, 0, 0, 0, 0),
(1983, 44, 13, 0, 0, 0, 0, 0, 0),
(1984, 45, 13, 0, 0, 0, 0, 0, 0),
(1985, 132, 13, 0, 0, 0, 0, 0, 0),
(1986, 144, 13, 0, 0, 0, 0, 0, 0),
(1987, 166, 13, 0, 0, 0, 0, 0, 0),
(1988, 167, 13, 0, 0, 0, 0, 0, 0),
(1989, 46, 13, 0, 0, 0, 0, 0, 0),
(1990, 47, 13, 0, 0, 0, 0, 0, 0),
(1991, 151, 13, 0, 0, 0, 0, 0, 0),
(1992, 152, 13, 0, 0, 0, 0, 0, 0),
(1993, 153, 13, 0, 0, 0, 0, 0, 0),
(1994, 154, 13, 0, 0, 0, 0, 0, 0),
(1995, 160, 13, 0, 0, 0, 0, 0, 0),
(1996, 161, 13, 0, 0, 0, 0, 0, 0),
(1997, 162, 13, 0, 0, 0, 0, 0, 0),
(1998, 163, 13, 0, 0, 0, 0, 0, 0),
(1999, 165, 13, 0, 0, 0, 0, 0, 0),
(2000, 54, 13, 0, 0, 0, 0, 0, 0),
(2001, 55, 13, 0, 0, 0, 0, 0, 0),
(2002, 56, 13, 0, 0, 0, 0, 0, 0),
(2003, 57, 13, 0, 0, 0, 0, 0, 0),
(2004, 58, 13, 0, 0, 0, 0, 0, 0),
(2005, 59, 13, 0, 0, 0, 0, 0, 0),
(2006, 60, 13, 0, 0, 0, 0, 0, 0),
(2007, 61, 13, 0, 0, 0, 0, 0, 0),
(2008, 62, 13, 0, 0, 0, 0, 0, 0),
(2009, 63, 13, 0, 0, 0, 0, 0, 0),
(2010, 64, 13, 0, 0, 0, 0, 0, 0),
(2011, 65, 13, 0, 0, 0, 0, 0, 0),
(2012, 66, 13, 0, 0, 0, 0, 0, 0),
(2013, 67, 13, 0, 0, 0, 0, 0, 0),
(2014, 68, 13, 0, 0, 0, 0, 0, 0),
(2015, 69, 13, 0, 0, 0, 0, 0, 0),
(2016, 70, 13, 0, 0, 0, 0, 0, 0),
(2017, 75, 13, 0, 0, 0, 0, 0, 0),
(2018, 76, 13, 0, 0, 0, 0, 0, 0),
(2019, 77, 13, 0, 0, 0, 0, 0, 0),
(2020, 98, 13, 0, 0, 0, 0, 0, 0),
(2021, 103, 13, 0, 0, 0, 0, 0, 0),
(2022, 131, 13, 0, 0, 0, 0, 0, 0),
(2023, 159, 13, 0, 0, 0, 0, 0, 0),
(2024, 78, 13, 0, 0, 0, 0, 0, 0),
(2025, 79, 13, 0, 0, 0, 0, 0, 0),
(2026, 80, 13, 0, 0, 0, 0, 0, 0),
(2027, 81, 13, 0, 0, 0, 0, 0, 0),
(2028, 82, 13, 0, 0, 0, 0, 0, 0),
(2029, 83, 13, 0, 0, 0, 0, 0, 0),
(2030, 84, 13, 0, 0, 0, 0, 0, 0),
(2031, 85, 13, 0, 0, 0, 0, 0, 0),
(2032, 86, 13, 0, 0, 0, 0, 0, 0),
(2033, 87, 13, 0, 0, 0, 0, 0, 0),
(2034, 88, 13, 0, 0, 0, 0, 0, 0),
(2035, 89, 13, 0, 0, 0, 0, 0, 0),
(2036, 90, 13, 0, 0, 0, 0, 0, 0),
(2037, 91, 13, 0, 0, 0, 0, 0, 0),
(2038, 92, 13, 0, 0, 0, 0, 0, 0),
(2039, 93, 13, 0, 0, 0, 0, 0, 0),
(2040, 94, 13, 0, 0, 0, 0, 0, 0),
(2041, 111, 13, 0, 0, 0, 0, 0, 0),
(2042, 112, 13, 0, 0, 0, 0, 0, 0),
(2043, 113, 13, 0, 0, 0, 0, 0, 0),
(2044, 114, 13, 0, 0, 0, 0, 0, 0),
(2045, 115, 13, 0, 0, 0, 0, 0, 0),
(2046, 116, 13, 0, 0, 0, 0, 0, 0),
(2047, 117, 13, 0, 0, 0, 0, 0, 0),
(2048, 118, 13, 0, 0, 0, 0, 0, 0),
(2049, 119, 13, 0, 0, 0, 0, 0, 0),
(2050, 120, 13, 0, 0, 0, 0, 0, 0),
(2051, 99, 13, 0, 0, 0, 0, 0, 0),
(2052, 101, 13, 0, 0, 0, 0, 0, 0),
(2053, 102, 13, 0, 0, 0, 0, 0, 0),
(2054, 105, 13, 0, 0, 0, 0, 0, 0),
(2055, 106, 13, 0, 0, 0, 0, 0, 0),
(2056, 107, 13, 0, 0, 0, 0, 0, 0),
(2057, 108, 13, 0, 0, 0, 0, 0, 0),
(2058, 109, 13, 0, 0, 0, 0, 0, 0),
(2059, 110, 13, 0, 0, 0, 0, 0, 0),
(2060, 72, 13, 0, 0, 0, 0, 0, 0),
(2061, 73, 13, 0, 0, 0, 0, 0, 0),
(2062, 74, 13, 0, 0, 0, 0, 0, 0),
(2063, 140, 13, 0, 0, 0, 0, 0, 0),
(2064, 141, 13, 0, 0, 0, 0, 0, 0),
(2065, 142, 13, 0, 0, 0, 0, 0, 0),
(2066, 133, 13, 0, 0, 0, 0, 0, 0),
(2067, 134, 13, 0, 0, 0, 0, 0, 0),
(2068, 135, 13, 0, 0, 0, 0, 0, 0),
(2069, 136, 13, 0, 0, 0, 0, 0, 0),
(2070, 137, 13, 0, 0, 0, 0, 0, 0),
(2071, 138, 13, 0, 0, 0, 0, 0, 0),
(2072, 139, 13, 0, 0, 0, 0, 0, 0),
(2073, 164, 13, 0, 0, 0, 0, 0, 0),
(2074, 145, 13, 0, 0, 0, 0, 0, 0),
(2075, 146, 13, 0, 0, 0, 0, 0, 0),
(2076, 147, 13, 0, 0, 0, 0, 0, 0),
(2077, 148, 13, 0, 0, 0, 0, 0, 0),
(2078, 155, 13, 0, 0, 0, 0, 0, 0),
(2079, 156, 13, 0, 0, 0, 0, 0, 0),
(2080, 157, 13, 0, 0, 0, 0, 0, 0),
(2618, 12, 1, 1, 1, 1, 1, 0, 0),
(2619, 1, 1, 1, 1, 1, 1, 0, 0),
(2620, 2, 1, 1, 1, 1, 1, 0, 0),
(2621, 3, 1, 1, 1, 1, 1, 0, 0),
(2622, 4, 1, 1, 1, 1, 1, 0, 0),
(2623, 13, 1, 1, 1, 1, 1, 0, 0),
(2624, 18, 1, 1, 1, 1, 1, 0, 0),
(2625, 19, 1, 1, 1, 1, 1, 0, 0),
(2626, 5, 1, 1, 1, 1, 1, 0, 0),
(2627, 6, 1, 1, 1, 1, 1, 0, 0),
(2628, 7, 1, 1, 1, 1, 1, 0, 0),
(2629, 8, 1, 1, 1, 1, 1, 0, 0),
(2630, 16, 1, 1, 1, 1, 1, 0, 0),
(2631, 17, 1, 1, 1, 1, 1, 0, 0),
(2632, 20, 1, 1, 1, 1, 1, 0, 0),
(2633, 14, 1, 1, 1, 1, 1, 0, 0),
(2634, 15, 1, 1, 1, 1, 1, 0, 0),
(2635, 9, 1, 1, 1, 1, 1, 0, 0),
(2636, 10, 1, 1, 1, 1, 1, 0, 0),
(2637, 11, 1, 1, 1, 1, 1, 0, 0),
(2638, 21, 1, 1, 1, 1, 1, 0, 0),
(2639, 22, 1, 1, 1, 1, 1, 0, 0),
(2640, 23, 1, 1, 1, 1, 1, 0, 0),
(2641, 24, 1, 1, 1, 1, 1, 0, 0),
(2642, 25, 1, 1, 1, 1, 1, 0, 0),
(2643, 26, 1, 1, 1, 1, 1, 0, 0),
(2644, 27, 1, 1, 1, 1, 1, 0, 0),
(2645, 28, 1, 1, 1, 1, 1, 0, 0),
(2646, 29, 1, 1, 1, 1, 1, 0, 0),
(3090, 12, 17, 1, 1, 1, 1, 0, 0),
(3091, 1, 17, 0, 0, 0, 0, 0, 0),
(3092, 80, 17, 0, 0, 0, 0, 0, 0),
(3093, 2, 17, 0, 0, 0, 0, 0, 0),
(3094, 3, 17, 0, 0, 0, 0, 0, 0),
(3095, 4, 17, 0, 0, 0, 0, 0, 0),
(3096, 13, 17, 0, 0, 0, 0, 0, 0),
(3097, 18, 17, 0, 0, 0, 0, 0, 0),
(3098, 19, 17, 0, 0, 0, 0, 0, 0),
(3099, 89, 17, 0, 0, 0, 0, 0, 0),
(3100, 94, 17, 0, 0, 0, 0, 0, 0),
(3101, 5, 17, 0, 0, 0, 0, 0, 0),
(3102, 6, 17, 0, 0, 0, 0, 0, 0),
(3103, 20, 17, 0, 0, 0, 0, 0, 0),
(3104, 38, 17, 0, 0, 0, 0, 0, 0),
(3105, 39, 17, 0, 0, 0, 0, 0, 0),
(3106, 85, 17, 0, 0, 0, 0, 0, 0),
(3107, 88, 17, 0, 0, 0, 0, 0, 0),
(3108, 95, 17, 0, 0, 0, 0, 0, 0),
(3109, 14, 17, 0, 0, 0, 0, 0, 0),
(3110, 15, 17, 0, 0, 0, 0, 0, 0),
(3111, 87, 17, 0, 0, 0, 0, 0, 0),
(3112, 9, 17, 0, 0, 0, 0, 0, 0),
(3113, 10, 17, 0, 0, 0, 0, 0, 0),
(3114, 11, 17, 0, 0, 0, 0, 0, 0),
(3115, 97, 17, 0, 0, 0, 0, 0, 0),
(3116, 21, 17, 0, 0, 0, 0, 0, 0),
(3117, 30, 17, 0, 0, 0, 0, 0, 0),
(3118, 31, 17, 0, 0, 0, 0, 0, 0),
(3119, 32, 17, 0, 0, 0, 0, 0, 0),
(3120, 33, 17, 0, 0, 0, 0, 0, 0),
(3121, 71, 17, 0, 0, 0, 0, 0, 0),
(3122, 72, 17, 0, 0, 0, 0, 0, 0),
(3123, 73, 17, 0, 0, 0, 0, 0, 0),
(3124, 74, 17, 0, 0, 0, 0, 0, 0),
(3125, 75, 17, 0, 0, 0, 0, 0, 0),
(3126, 76, 17, 0, 0, 0, 0, 0, 0),
(3127, 77, 17, 0, 0, 0, 0, 0, 0),
(3128, 78, 17, 0, 0, 0, 0, 0, 0),
(3129, 79, 17, 0, 0, 0, 0, 0, 0),
(3130, 81, 17, 0, 0, 0, 0, 0, 0),
(3131, 96, 17, 0, 0, 0, 0, 0, 0),
(3132, 22, 17, 1, 1, 1, 1, 0, 0),
(3133, 23, 17, 1, 1, 1, 1, 0, 0),
(3134, 24, 17, 1, 1, 1, 1, 0, 0),
(3135, 25, 17, 1, 1, 1, 1, 0, 0),
(3136, 26, 17, 1, 1, 1, 1, 0, 0),
(3137, 27, 17, 1, 1, 1, 1, 0, 0),
(3138, 28, 17, 1, 1, 1, 1, 0, 0),
(3139, 29, 17, 1, 1, 1, 1, 0, 0),
(3140, 40, 17, 1, 1, 1, 1, 0, 0),
(3141, 41, 17, 1, 1, 1, 1, 0, 0),
(3142, 42, 17, 1, 1, 1, 1, 0, 0),
(3143, 43, 17, 1, 1, 1, 1, 0, 0),
(3144, 44, 17, 1, 1, 1, 1, 0, 0),
(3145, 45, 17, 1, 1, 1, 1, 0, 0),
(3146, 46, 17, 1, 1, 1, 1, 0, 0),
(3147, 83, 17, 1, 1, 1, 1, 0, 0),
(3148, 92, 17, 1, 1, 1, 1, 0, 0),
(3149, 34, 17, 0, 0, 0, 0, 0, 0),
(3150, 35, 17, 0, 0, 0, 0, 0, 0),
(3151, 36, 17, 0, 0, 0, 0, 0, 0),
(3152, 37, 17, 1, 1, 1, 1, 0, 0),
(3153, 65, 17, 0, 0, 0, 0, 0, 0),
(3154, 66, 17, 0, 0, 0, 0, 0, 0),
(3155, 67, 17, 0, 0, 0, 0, 0, 0),
(3156, 68, 17, 0, 0, 0, 0, 0, 0),
(3157, 69, 17, 0, 0, 0, 0, 0, 0),
(3158, 70, 17, 0, 0, 0, 0, 0, 0),
(3159, 86, 17, 0, 0, 0, 0, 0, 0),
(3160, 48, 17, 0, 0, 0, 0, 0, 0),
(3161, 49, 17, 0, 0, 0, 0, 0, 0),
(3162, 50, 17, 0, 0, 0, 0, 0, 0),
(3163, 51, 17, 0, 0, 0, 0, 0, 0),
(3164, 52, 17, 0, 0, 0, 0, 0, 0),
(3165, 53, 17, 0, 0, 0, 0, 0, 0),
(3166, 54, 17, 0, 0, 0, 0, 0, 0),
(3167, 55, 17, 0, 0, 0, 0, 0, 0),
(3168, 56, 17, 0, 0, 0, 0, 0, 0),
(3169, 57, 17, 0, 0, 0, 0, 0, 0),
(3170, 58, 17, 0, 0, 0, 0, 0, 0),
(3171, 59, 17, 0, 0, 0, 0, 0, 0),
(3172, 60, 17, 0, 0, 0, 0, 0, 0),
(3173, 61, 17, 0, 0, 0, 0, 0, 0),
(3174, 62, 17, 0, 0, 0, 0, 0, 0),
(3175, 63, 17, 0, 0, 0, 0, 0, 0),
(3176, 64, 17, 0, 0, 0, 0, 0, 0),
(3177, 84, 17, 0, 0, 0, 0, 0, 0),
(3178, 7, 17, 0, 0, 0, 0, 0, 0),
(3179, 8, 17, 0, 0, 0, 0, 0, 0),
(3180, 16, 17, 0, 0, 0, 0, 0, 0),
(3181, 17, 17, 0, 0, 0, 0, 0, 0),
(3182, 47, 17, 0, 0, 0, 0, 0, 0),
(3183, 12, 18, 1, 1, 1, 1, 0, 0),
(3184, 1, 18, 0, 0, 0, 0, 0, 0),
(3185, 80, 18, 0, 0, 0, 0, 0, 0),
(3186, 2, 18, 0, 0, 0, 0, 0, 0),
(3187, 3, 18, 0, 0, 0, 0, 0, 0),
(3188, 4, 18, 0, 0, 0, 0, 0, 0),
(3189, 13, 18, 0, 0, 0, 0, 0, 0),
(3190, 18, 18, 0, 0, 0, 0, 0, 0),
(3191, 19, 18, 0, 0, 0, 0, 0, 0),
(3192, 89, 18, 0, 0, 0, 0, 0, 0),
(3193, 94, 18, 0, 0, 0, 0, 0, 0),
(3194, 5, 18, 0, 0, 0, 0, 0, 0),
(3195, 6, 18, 0, 0, 0, 0, 0, 0),
(3196, 20, 18, 0, 0, 0, 0, 0, 0),
(3197, 38, 18, 0, 0, 0, 0, 0, 0),
(3198, 39, 18, 0, 0, 0, 0, 0, 0),
(3199, 85, 18, 0, 0, 0, 0, 0, 0),
(3200, 88, 18, 0, 0, 0, 0, 0, 0),
(3201, 95, 18, 0, 0, 0, 0, 0, 0),
(3202, 14, 18, 0, 0, 0, 0, 0, 0),
(3203, 15, 18, 0, 0, 0, 0, 0, 0),
(3204, 87, 18, 0, 0, 0, 0, 0, 0),
(3205, 9, 18, 0, 0, 0, 0, 0, 0),
(3206, 10, 18, 0, 0, 0, 0, 0, 0),
(3207, 11, 18, 0, 0, 0, 0, 0, 0),
(3208, 97, 18, 0, 0, 0, 0, 0, 0),
(3209, 21, 18, 0, 0, 0, 0, 0, 0),
(3210, 30, 18, 0, 0, 0, 0, 0, 0),
(3211, 31, 18, 0, 0, 0, 0, 0, 0),
(3212, 32, 18, 0, 0, 0, 0, 0, 0),
(3213, 33, 18, 0, 0, 0, 0, 0, 0),
(3214, 71, 18, 0, 0, 0, 0, 0, 0),
(3215, 72, 18, 0, 0, 0, 0, 0, 0),
(3216, 73, 18, 0, 0, 0, 0, 0, 0),
(3217, 74, 18, 0, 0, 0, 0, 0, 0),
(3218, 75, 18, 0, 0, 0, 0, 0, 0),
(3219, 76, 18, 0, 0, 0, 0, 0, 0),
(3220, 77, 18, 0, 0, 0, 0, 0, 0),
(3221, 78, 18, 0, 0, 0, 0, 0, 0),
(3222, 79, 18, 0, 0, 0, 0, 0, 0),
(3223, 81, 18, 0, 0, 0, 0, 0, 0),
(3224, 96, 18, 0, 0, 0, 0, 0, 0),
(3225, 22, 18, 0, 0, 0, 0, 0, 0),
(3226, 23, 18, 0, 0, 0, 0, 0, 0),
(3227, 24, 18, 0, 0, 0, 0, 0, 0),
(3228, 25, 18, 0, 0, 0, 0, 0, 0),
(3229, 26, 18, 0, 0, 0, 0, 0, 0),
(3230, 27, 18, 0, 0, 0, 0, 0, 0),
(3231, 28, 18, 0, 0, 0, 0, 0, 0),
(3232, 29, 18, 0, 0, 0, 0, 0, 0),
(3233, 40, 18, 0, 0, 0, 0, 0, 0),
(3234, 41, 18, 0, 0, 0, 0, 0, 0),
(3235, 42, 18, 0, 0, 0, 0, 0, 0),
(3236, 43, 18, 0, 0, 0, 0, 0, 0),
(3237, 44, 18, 0, 0, 0, 0, 0, 0),
(3238, 45, 18, 0, 0, 0, 0, 0, 0),
(3239, 46, 18, 0, 0, 0, 0, 0, 0),
(3240, 83, 18, 0, 0, 0, 0, 0, 0),
(3241, 92, 18, 0, 0, 0, 0, 0, 0),
(3242, 34, 18, 0, 0, 0, 0, 0, 0),
(3243, 35, 18, 0, 0, 0, 0, 0, 0),
(3244, 36, 18, 0, 0, 0, 0, 0, 0),
(3245, 37, 18, 0, 0, 0, 0, 0, 0),
(3246, 65, 18, 0, 0, 0, 0, 0, 0),
(3247, 66, 18, 0, 0, 0, 0, 0, 0),
(3248, 67, 18, 0, 0, 0, 0, 0, 0),
(3249, 68, 18, 0, 0, 0, 0, 0, 0),
(3250, 69, 18, 0, 0, 0, 0, 0, 0),
(3251, 70, 18, 0, 0, 0, 0, 0, 0),
(3252, 86, 18, 1, 1, 1, 1, 0, 0),
(3253, 48, 18, 0, 0, 0, 0, 0, 0),
(3254, 49, 18, 0, 0, 0, 0, 0, 0),
(3255, 50, 18, 1, 1, 1, 1, 0, 0),
(3256, 51, 18, 1, 1, 1, 1, 0, 0),
(3257, 52, 18, 1, 1, 1, 1, 0, 0),
(3258, 53, 18, 1, 1, 1, 1, 0, 0),
(3259, 54, 18, 1, 1, 1, 1, 0, 0),
(3260, 55, 18, 1, 1, 1, 1, 0, 0),
(3261, 56, 18, 1, 1, 1, 1, 0, 0),
(3262, 57, 18, 1, 1, 1, 1, 0, 0),
(3263, 58, 18, 1, 1, 1, 1, 0, 0),
(3264, 59, 18, 1, 1, 1, 1, 0, 0),
(3265, 60, 18, 1, 1, 1, 1, 0, 0),
(3266, 61, 18, 1, 1, 1, 1, 0, 0),
(3267, 62, 18, 1, 1, 1, 1, 0, 0),
(3268, 63, 18, 1, 1, 1, 1, 0, 0),
(3269, 64, 18, 1, 1, 1, 1, 0, 0),
(3270, 84, 18, 1, 1, 1, 1, 0, 0),
(3271, 7, 18, 0, 0, 0, 0, 0, 0),
(3272, 8, 18, 0, 0, 0, 0, 0, 0),
(3273, 16, 18, 0, 0, 0, 0, 0, 0),
(3274, 17, 18, 0, 0, 0, 0, 0, 0),
(3275, 47, 18, 0, 0, 0, 0, 0, 0),
(3658, 12, 19, 1, 1, 1, 1, 0, 0),
(3659, 22, 19, 1, 1, 1, 1, 0, 0),
(3660, 23, 19, 1, 1, 1, 1, 0, 0),
(3661, 24, 19, 1, 1, 1, 1, 0, 0),
(3662, 25, 19, 1, 1, 1, 1, 0, 0),
(3663, 26, 19, 1, 1, 1, 1, 0, 0),
(3664, 27, 19, 1, 1, 1, 1, 0, 0),
(3665, 28, 19, 1, 1, 1, 1, 0, 0),
(3666, 29, 19, 1, 1, 1, 1, 0, 0),
(3667, 40, 19, 1, 1, 1, 1, 0, 0),
(3668, 41, 19, 1, 1, 1, 1, 0, 0),
(3669, 42, 19, 1, 1, 1, 1, 0, 0),
(3670, 43, 19, 1, 1, 1, 1, 0, 0),
(3671, 44, 19, 1, 1, 1, 1, 0, 0),
(3672, 45, 19, 1, 1, 1, 1, 0, 0),
(3673, 46, 19, 1, 1, 1, 1, 0, 0),
(3674, 83, 19, 1, 1, 1, 1, 0, 0),
(3675, 92, 19, 1, 1, 1, 1, 0, 0),
(7324, 12, 22, 0, 0, 0, 0, 0, 0),
(7325, 1, 22, 0, 0, 0, 0, 0, 0),
(7326, 80, 22, 0, 0, 0, 0, 0, 0),
(7327, 124, 22, 0, 0, 0, 0, 0, 0),
(7328, 2, 22, 0, 0, 0, 0, 0, 0),
(7329, 3, 22, 0, 0, 0, 0, 0, 0),
(7330, 4, 22, 0, 0, 0, 0, 0, 0),
(7331, 13, 22, 0, 0, 0, 0, 0, 0),
(7332, 18, 22, 0, 0, 0, 0, 0, 0),
(7333, 19, 22, 0, 0, 0, 0, 0, 0),
(7334, 89, 22, 0, 0, 0, 0, 0, 0),
(7335, 108, 22, 0, 0, 0, 0, 0, 0),
(7336, 109, 22, 0, 0, 0, 0, 0, 0),
(7337, 110, 22, 0, 0, 0, 0, 0, 0),
(7338, 99, 22, 0, 0, 0, 0, 0, 0),
(7339, 100, 22, 0, 0, 0, 0, 0, 0),
(7340, 101, 22, 0, 0, 0, 0, 0, 0),
(7341, 102, 22, 0, 0, 0, 0, 0, 0),
(7342, 103, 22, 0, 0, 0, 0, 0, 0),
(7343, 104, 22, 0, 0, 0, 0, 0, 0),
(7344, 105, 22, 0, 0, 0, 0, 0, 0),
(7345, 150, 22, 0, 0, 0, 0, 0, 0),
(7346, 155, 22, 0, 0, 0, 0, 0, 0),
(7347, 94, 22, 0, 0, 0, 0, 0, 0),
(7348, 138, 22, 0, 0, 0, 0, 0, 0),
(7349, 20, 22, 0, 0, 0, 0, 0, 0),
(7350, 38, 22, 0, 0, 0, 0, 0, 0),
(7351, 39, 22, 0, 0, 0, 0, 0, 0),
(7352, 85, 22, 0, 0, 0, 0, 0, 0),
(7353, 95, 22, 0, 0, 0, 0, 0, 0),
(7354, 98, 22, 0, 0, 0, 0, 0, 0),
(7355, 5, 22, 0, 0, 0, 0, 0, 0),
(7356, 6, 22, 0, 0, 0, 0, 0, 0),
(7357, 88, 22, 0, 0, 0, 0, 0, 0),
(7358, 161, 22, 0, 0, 0, 0, 0, 0),
(7359, 129, 22, 0, 0, 0, 0, 0, 0),
(7360, 128, 22, 0, 0, 0, 0, 0, 0),
(7361, 14, 22, 0, 0, 0, 0, 0, 0),
(7362, 15, 22, 0, 0, 0, 0, 0, 0),
(7363, 87, 22, 0, 0, 0, 0, 0, 0),
(7364, 9, 22, 0, 0, 0, 0, 0, 0),
(7365, 11, 22, 0, 0, 0, 0, 0, 0),
(7366, 97, 22, 0, 0, 0, 0, 0, 0),
(7367, 10, 22, 0, 0, 0, 0, 0, 0),
(7368, 160, 22, 0, 0, 0, 0, 0, 0),
(7369, 184, 22, 1, 1, 1, 1, 1, 1),
(7370, 185, 22, 1, 1, 1, 1, 1, 1),
(7371, 186, 22, 1, 1, 1, 1, 1, 1),
(7372, 163, 22, 0, 0, 0, 0, 0, 0),
(7373, 164, 22, 0, 0, 0, 0, 0, 0),
(7374, 165, 22, 0, 0, 0, 0, 0, 0),
(7375, 169, 22, 0, 0, 0, 0, 0, 0),
(7376, 170, 22, 0, 0, 0, 0, 0, 0),
(7377, 171, 22, 0, 0, 0, 0, 0, 0),
(7378, 172, 22, 0, 0, 0, 0, 0, 0),
(7379, 173, 22, 0, 0, 0, 0, 0, 0),
(7380, 174, 22, 0, 0, 0, 0, 0, 0),
(7381, 175, 22, 0, 0, 0, 0, 0, 0),
(7382, 176, 22, 0, 0, 0, 0, 0, 0),
(7383, 177, 22, 0, 0, 0, 0, 0, 0),
(7384, 178, 22, 0, 0, 0, 0, 0, 0),
(7385, 179, 22, 0, 0, 0, 0, 0, 0),
(7386, 21, 22, 0, 0, 0, 0, 0, 0),
(7387, 96, 22, 0, 0, 0, 0, 0, 0),
(7388, 111, 22, 0, 0, 0, 0, 0, 0),
(7389, 182, 22, 0, 0, 0, 0, 0, 0);
INSERT INTO `role_permission` (`id`, `fk_module_id`, `role_id`, `create`, `read`, `update`, `delete`, `print`, `export`) VALUES
(7390, 30, 22, 0, 0, 0, 0, 0, 0),
(7391, 31, 22, 0, 0, 0, 0, 0, 0),
(7392, 32, 22, 0, 0, 0, 0, 0, 0),
(7393, 71, 22, 0, 0, 0, 0, 0, 0),
(7394, 72, 22, 0, 0, 0, 0, 0, 0),
(7395, 73, 22, 0, 0, 0, 0, 0, 0),
(7396, 81, 22, 0, 0, 0, 0, 0, 0),
(7397, 116, 22, 0, 0, 0, 0, 0, 0),
(7398, 117, 22, 0, 0, 0, 0, 0, 0),
(7399, 33, 22, 0, 0, 0, 0, 0, 0),
(7400, 74, 22, 0, 0, 0, 0, 0, 0),
(7401, 75, 22, 0, 0, 0, 0, 0, 0),
(7402, 76, 22, 0, 0, 0, 0, 0, 0),
(7403, 77, 22, 0, 0, 0, 0, 0, 0),
(7404, 78, 22, 0, 0, 0, 0, 0, 0),
(7405, 79, 22, 0, 0, 0, 0, 0, 0),
(7406, 45, 22, 0, 0, 0, 0, 0, 0),
(7407, 83, 22, 0, 0, 0, 0, 0, 0),
(7408, 92, 22, 0, 0, 0, 0, 0, 0),
(7409, 22, 22, 0, 0, 0, 0, 0, 0),
(7410, 28, 22, 0, 0, 0, 0, 0, 0),
(7411, 23, 22, 0, 0, 0, 0, 0, 0),
(7412, 25, 22, 0, 0, 0, 0, 0, 0),
(7413, 27, 22, 0, 0, 0, 0, 0, 0),
(7414, 42, 22, 0, 0, 0, 0, 0, 0),
(7415, 43, 22, 0, 0, 0, 0, 0, 0),
(7416, 151, 22, 0, 0, 0, 0, 0, 0),
(7417, 40, 22, 0, 0, 0, 0, 0, 0),
(7418, 46, 22, 0, 0, 0, 0, 0, 0),
(7419, 24, 22, 0, 0, 0, 0, 0, 0),
(7420, 26, 22, 0, 0, 0, 0, 0, 0),
(7421, 44, 22, 0, 0, 0, 0, 0, 0),
(7422, 180, 22, 0, 0, 0, 0, 0, 0),
(7423, 29, 22, 0, 0, 0, 0, 0, 0),
(7424, 41, 22, 0, 0, 0, 0, 0, 0),
(7425, 34, 22, 0, 0, 0, 0, 0, 0),
(7426, 35, 22, 0, 0, 0, 0, 0, 0),
(7427, 37, 22, 0, 0, 0, 0, 0, 0),
(7428, 65, 22, 0, 0, 0, 0, 0, 0),
(7429, 66, 22, 0, 0, 0, 0, 0, 0),
(7430, 67, 22, 0, 0, 0, 0, 0, 0),
(7431, 68, 22, 0, 0, 0, 0, 0, 0),
(7432, 69, 22, 0, 0, 0, 0, 0, 0),
(7433, 86, 22, 0, 0, 0, 0, 0, 0),
(7434, 135, 22, 0, 0, 0, 0, 0, 0),
(7435, 166, 22, 0, 0, 0, 0, 0, 0),
(7436, 167, 22, 0, 0, 0, 0, 0, 0),
(7437, 168, 22, 0, 0, 0, 0, 0, 0),
(7438, 139, 22, 0, 0, 0, 0, 0, 0),
(7439, 140, 22, 0, 0, 0, 0, 0, 0),
(7440, 130, 22, 0, 0, 0, 0, 0, 0),
(7441, 131, 22, 0, 0, 0, 0, 0, 0),
(7442, 132, 22, 0, 0, 0, 0, 0, 0),
(7443, 133, 22, 0, 0, 0, 0, 0, 0),
(7444, 134, 22, 0, 0, 0, 0, 0, 0),
(7445, 183, 22, 0, 0, 0, 0, 0, 0),
(7446, 157, 22, 0, 0, 0, 0, 0, 0),
(7447, 158, 22, 0, 0, 0, 0, 0, 0),
(7448, 48, 22, 0, 0, 0, 0, 0, 0),
(7449, 49, 22, 0, 0, 0, 0, 0, 0),
(7450, 141, 22, 0, 0, 0, 0, 0, 0),
(7451, 142, 22, 0, 0, 0, 0, 0, 0),
(7452, 143, 22, 0, 0, 0, 0, 0, 0),
(7453, 144, 22, 0, 0, 0, 0, 0, 0),
(7454, 145, 22, 0, 0, 0, 0, 0, 0),
(7455, 146, 22, 0, 0, 0, 0, 0, 0),
(7456, 153, 22, 0, 0, 0, 0, 0, 0),
(7457, 154, 22, 0, 0, 0, 0, 0, 0),
(7458, 156, 22, 0, 0, 0, 0, 0, 0),
(7459, 84, 22, 0, 0, 0, 0, 0, 0),
(7460, 125, 22, 0, 0, 0, 0, 0, 0),
(7461, 126, 22, 0, 0, 0, 0, 0, 0),
(7462, 127, 22, 0, 0, 0, 0, 0, 0),
(7463, 50, 22, 0, 0, 0, 0, 0, 0),
(7464, 56, 22, 0, 0, 0, 0, 0, 0),
(7465, 54, 22, 0, 0, 0, 0, 0, 0),
(7466, 59, 22, 0, 0, 0, 0, 0, 0),
(7467, 60, 22, 0, 0, 0, 0, 0, 0),
(7468, 181, 22, 0, 0, 0, 0, 0, 0),
(7469, 51, 22, 0, 0, 0, 0, 0, 0),
(7470, 53, 22, 0, 0, 0, 0, 0, 0),
(7471, 55, 22, 0, 0, 0, 0, 0, 0),
(7472, 52, 22, 0, 0, 0, 0, 0, 0),
(7473, 57, 22, 0, 0, 0, 0, 0, 0),
(7474, 61, 22, 0, 0, 0, 0, 0, 0),
(7475, 62, 22, 0, 0, 0, 0, 0, 0),
(7476, 58, 22, 0, 0, 0, 0, 0, 0),
(7477, 64, 22, 0, 0, 0, 0, 0, 0),
(7478, 147, 22, 0, 0, 0, 0, 0, 0),
(7479, 148, 22, 0, 0, 0, 0, 0, 0),
(7480, 149, 22, 0, 0, 0, 0, 0, 0),
(7481, 7, 22, 0, 0, 0, 0, 0, 0),
(7482, 8, 22, 0, 0, 0, 0, 0, 0),
(7483, 16, 22, 0, 0, 0, 0, 0, 0),
(7484, 17, 22, 0, 0, 0, 0, 0, 0),
(7485, 47, 22, 0, 0, 0, 0, 0, 0),
(7486, 106, 22, 0, 0, 0, 0, 0, 0),
(7487, 107, 22, 0, 0, 0, 0, 0, 0),
(7488, 118, 22, 0, 0, 0, 0, 0, 0),
(7489, 119, 22, 0, 0, 0, 0, 0, 0),
(7490, 120, 22, 0, 0, 0, 0, 0, 0),
(7491, 121, 22, 0, 0, 0, 0, 0, 0),
(7492, 122, 22, 0, 0, 0, 0, 0, 0),
(7493, 123, 22, 0, 0, 0, 0, 0, 0),
(7494, 136, 22, 0, 0, 0, 0, 0, 0),
(7495, 137, 22, 0, 0, 0, 0, 0, 0),
(7668, 12, 20, 0, 0, 0, 0, 0, 0),
(7669, 1, 20, 0, 0, 0, 0, 0, 0),
(7670, 80, 20, 0, 0, 0, 0, 0, 0),
(7671, 124, 20, 0, 0, 0, 0, 0, 0),
(7672, 2, 20, 0, 0, 0, 0, 0, 0),
(7673, 3, 20, 0, 0, 0, 0, 0, 0),
(7674, 4, 20, 0, 0, 0, 0, 0, 0),
(7675, 13, 20, 0, 0, 0, 0, 0, 0),
(7676, 18, 20, 0, 0, 0, 0, 0, 0),
(7677, 19, 20, 0, 0, 0, 0, 0, 0),
(7678, 89, 20, 0, 0, 0, 0, 0, 0),
(7679, 108, 20, 0, 0, 0, 0, 0, 0),
(7680, 109, 20, 0, 0, 0, 0, 0, 0),
(7681, 110, 20, 0, 0, 0, 0, 0, 0),
(7682, 99, 20, 0, 0, 0, 0, 0, 0),
(7683, 100, 20, 0, 0, 0, 0, 0, 0),
(7684, 101, 20, 0, 0, 0, 0, 0, 0),
(7685, 102, 20, 0, 0, 0, 0, 0, 0),
(7686, 103, 20, 0, 0, 0, 0, 0, 0),
(7687, 104, 20, 0, 0, 0, 0, 0, 0),
(7688, 105, 20, 0, 0, 0, 0, 0, 0),
(7689, 150, 20, 0, 0, 0, 0, 0, 0),
(7690, 155, 20, 0, 0, 0, 0, 0, 0),
(7691, 94, 20, 0, 0, 0, 0, 0, 0),
(7692, 138, 20, 0, 0, 0, 0, 0, 0),
(7693, 20, 20, 0, 0, 0, 0, 0, 0),
(7694, 38, 20, 0, 0, 0, 0, 0, 0),
(7695, 39, 20, 0, 0, 0, 0, 0, 0),
(7696, 85, 20, 0, 0, 0, 0, 0, 0),
(7697, 95, 20, 0, 0, 0, 0, 0, 0),
(7698, 98, 20, 0, 0, 0, 0, 0, 0),
(7699, 5, 20, 0, 0, 0, 0, 0, 0),
(7700, 6, 20, 0, 0, 0, 0, 0, 0),
(7701, 88, 20, 0, 0, 0, 0, 0, 0),
(7702, 161, 20, 0, 0, 0, 0, 0, 0),
(7703, 129, 20, 0, 0, 0, 0, 0, 0),
(7704, 128, 20, 0, 0, 0, 0, 0, 0),
(7705, 14, 20, 0, 0, 0, 0, 0, 0),
(7706, 15, 20, 0, 0, 0, 0, 0, 0),
(7707, 87, 20, 0, 0, 0, 0, 0, 0),
(7708, 9, 20, 0, 0, 0, 0, 0, 0),
(7709, 11, 20, 0, 0, 0, 0, 0, 0),
(7710, 97, 20, 0, 0, 0, 0, 0, 0),
(7711, 10, 20, 0, 0, 0, 0, 0, 0),
(7712, 160, 20, 0, 0, 0, 0, 0, 0),
(7713, 184, 20, 0, 1, 0, 0, 1, 1),
(7714, 185, 20, 0, 1, 0, 0, 1, 1),
(7715, 186, 20, 0, 1, 0, 0, 1, 1),
(7716, 163, 20, 0, 0, 0, 0, 0, 0),
(7717, 164, 20, 0, 0, 0, 0, 0, 0),
(7718, 165, 20, 0, 0, 0, 0, 0, 0),
(7719, 169, 20, 1, 1, 1, 1, 1, 1),
(7720, 170, 20, 1, 1, 1, 1, 1, 1),
(7721, 171, 20, 1, 1, 1, 1, 1, 1),
(7722, 172, 20, 1, 1, 1, 1, 1, 1),
(7723, 173, 20, 1, 1, 1, 1, 1, 1),
(7724, 174, 20, 1, 1, 1, 1, 1, 1),
(7725, 175, 20, 0, 0, 0, 0, 0, 0),
(7726, 176, 20, 0, 0, 0, 0, 0, 0),
(7727, 177, 20, 1, 1, 1, 1, 1, 1),
(7728, 178, 20, 1, 1, 1, 1, 1, 1),
(7729, 179, 20, 1, 1, 1, 1, 1, 1),
(7730, 21, 20, 0, 0, 0, 0, 0, 0),
(7731, 96, 20, 0, 0, 0, 0, 0, 0),
(7732, 111, 20, 0, 0, 0, 0, 0, 0),
(7733, 182, 20, 0, 0, 0, 0, 0, 0),
(7734, 30, 20, 0, 0, 0, 0, 0, 0),
(7735, 31, 20, 0, 0, 0, 0, 0, 0),
(7736, 32, 20, 0, 0, 0, 0, 0, 0),
(7737, 71, 20, 0, 0, 0, 0, 0, 0),
(7738, 72, 20, 0, 0, 0, 0, 0, 0),
(7739, 73, 20, 0, 0, 0, 0, 0, 0),
(7740, 81, 20, 0, 0, 0, 0, 0, 0),
(7741, 116, 20, 0, 0, 0, 0, 0, 0),
(7742, 117, 20, 0, 0, 0, 0, 0, 0),
(7743, 33, 20, 0, 0, 0, 0, 0, 0),
(7744, 74, 20, 0, 0, 0, 0, 0, 0),
(7745, 75, 20, 0, 0, 0, 0, 0, 0),
(7746, 76, 20, 0, 0, 0, 0, 0, 0),
(7747, 77, 20, 0, 0, 0, 0, 0, 0),
(7748, 78, 20, 0, 0, 0, 0, 0, 0),
(7749, 79, 20, 0, 0, 0, 0, 0, 0),
(7750, 45, 20, 0, 0, 0, 0, 0, 0),
(7751, 83, 20, 0, 0, 0, 0, 0, 0),
(7752, 92, 20, 0, 0, 0, 0, 0, 0),
(7753, 22, 20, 0, 0, 0, 0, 0, 0),
(7754, 28, 20, 0, 0, 0, 0, 0, 0),
(7755, 23, 20, 0, 0, 0, 0, 0, 0),
(7756, 25, 20, 0, 0, 0, 0, 0, 0),
(7757, 27, 20, 0, 0, 0, 0, 0, 0),
(7758, 42, 20, 0, 0, 0, 0, 0, 0),
(7759, 43, 20, 0, 0, 0, 0, 0, 0),
(7760, 151, 20, 0, 0, 0, 0, 0, 0),
(7761, 40, 20, 0, 0, 0, 0, 0, 0),
(7762, 46, 20, 0, 0, 0, 0, 0, 0),
(7763, 24, 20, 0, 0, 0, 0, 0, 0),
(7764, 26, 20, 0, 0, 0, 0, 0, 0),
(7765, 44, 20, 0, 0, 0, 0, 0, 0),
(7766, 180, 20, 0, 0, 0, 0, 0, 0),
(7767, 29, 20, 0, 0, 0, 0, 0, 0),
(7768, 41, 20, 0, 0, 0, 0, 0, 0),
(7769, 34, 20, 0, 0, 0, 0, 0, 0),
(7770, 35, 20, 0, 0, 0, 0, 0, 0),
(7771, 37, 20, 0, 0, 0, 0, 0, 0),
(7772, 65, 20, 0, 0, 0, 0, 0, 0),
(7773, 66, 20, 0, 0, 0, 0, 0, 0),
(7774, 67, 20, 0, 0, 0, 0, 0, 0),
(7775, 68, 20, 0, 0, 0, 0, 0, 0),
(7776, 69, 20, 0, 0, 0, 0, 0, 0),
(7777, 86, 20, 0, 0, 0, 0, 0, 0),
(7778, 135, 20, 0, 0, 0, 0, 0, 0),
(7779, 166, 20, 0, 0, 0, 0, 0, 0),
(7780, 167, 20, 0, 0, 0, 0, 0, 0),
(7781, 168, 20, 0, 0, 0, 0, 0, 0),
(7782, 139, 20, 0, 0, 0, 0, 0, 0),
(7783, 140, 20, 0, 0, 0, 0, 0, 0),
(7784, 130, 20, 0, 0, 0, 0, 0, 0),
(7785, 131, 20, 0, 0, 0, 0, 0, 0),
(7786, 132, 20, 0, 0, 0, 0, 0, 0),
(7787, 133, 20, 0, 0, 0, 0, 0, 0),
(7788, 134, 20, 0, 0, 0, 0, 0, 0),
(7789, 183, 20, 0, 0, 0, 0, 0, 0),
(7790, 157, 20, 0, 0, 0, 0, 0, 0),
(7791, 158, 20, 0, 0, 0, 0, 0, 0),
(7792, 48, 20, 0, 0, 0, 0, 0, 0),
(7793, 49, 20, 0, 0, 0, 0, 0, 0),
(7794, 141, 20, 0, 0, 0, 0, 0, 0),
(7795, 142, 20, 0, 0, 0, 0, 0, 0),
(7796, 143, 20, 0, 0, 0, 0, 0, 0),
(7797, 144, 20, 0, 0, 0, 0, 0, 0),
(7798, 145, 20, 0, 0, 0, 0, 0, 0),
(7799, 146, 20, 0, 0, 0, 0, 0, 0),
(7800, 153, 20, 0, 0, 0, 0, 0, 0),
(7801, 154, 20, 0, 0, 0, 0, 0, 0),
(7802, 156, 20, 0, 0, 0, 0, 0, 0),
(7803, 84, 20, 0, 0, 0, 0, 0, 0),
(7804, 125, 20, 0, 0, 0, 0, 0, 0),
(7805, 126, 20, 0, 0, 0, 0, 0, 0),
(7806, 127, 20, 0, 0, 0, 0, 0, 0),
(7807, 50, 20, 0, 0, 0, 0, 0, 0),
(7808, 56, 20, 0, 0, 0, 0, 0, 0),
(7809, 54, 20, 0, 0, 0, 0, 0, 0),
(7810, 59, 20, 0, 0, 0, 0, 0, 0),
(7811, 60, 20, 0, 0, 0, 0, 0, 0),
(7812, 181, 20, 0, 0, 0, 0, 0, 0),
(7813, 51, 20, 0, 0, 0, 0, 0, 0),
(7814, 53, 20, 0, 0, 0, 0, 0, 0),
(7815, 55, 20, 0, 0, 0, 0, 0, 0),
(7816, 52, 20, 0, 0, 0, 0, 0, 0),
(7817, 57, 20, 0, 0, 0, 0, 0, 0),
(7818, 61, 20, 0, 0, 0, 0, 0, 0),
(7819, 62, 20, 0, 0, 0, 0, 0, 0),
(7820, 58, 20, 0, 0, 0, 0, 0, 0),
(7821, 64, 20, 0, 0, 0, 0, 0, 0),
(7822, 147, 20, 0, 0, 0, 0, 0, 0),
(7823, 148, 20, 0, 0, 0, 0, 0, 0),
(7824, 149, 20, 0, 0, 0, 0, 0, 0),
(7825, 7, 20, 0, 0, 0, 0, 0, 0),
(7826, 8, 20, 0, 0, 0, 0, 0, 0),
(7827, 16, 20, 0, 0, 0, 0, 0, 0),
(7828, 17, 20, 0, 0, 0, 0, 0, 0),
(7829, 47, 20, 0, 0, 0, 0, 0, 0),
(7830, 106, 20, 0, 0, 0, 0, 0, 0),
(7831, 107, 20, 0, 0, 0, 0, 0, 0),
(7832, 118, 20, 0, 0, 0, 0, 0, 0),
(7833, 119, 20, 0, 0, 0, 0, 0, 0),
(7834, 120, 20, 0, 0, 0, 0, 0, 0),
(7835, 121, 20, 0, 0, 0, 0, 0, 0),
(7836, 122, 20, 0, 0, 0, 0, 0, 0),
(7837, 123, 20, 0, 0, 0, 0, 0, 0),
(7838, 136, 20, 0, 0, 0, 0, 0, 0),
(7839, 137, 20, 0, 0, 0, 0, 0, 0),
(8012, 12, 23, 0, 0, 0, 0, 0, 0),
(8013, 1, 23, 0, 0, 0, 0, 0, 0),
(8014, 80, 23, 0, 0, 0, 0, 0, 0),
(8015, 124, 23, 0, 0, 0, 0, 0, 0),
(8016, 2, 23, 0, 0, 0, 0, 0, 0),
(8017, 3, 23, 0, 0, 0, 0, 0, 0),
(8018, 4, 23, 0, 0, 0, 0, 0, 0),
(8019, 18, 23, 0, 0, 0, 0, 0, 0),
(8020, 19, 23, 0, 0, 0, 0, 0, 0),
(8021, 89, 23, 0, 0, 0, 0, 0, 0),
(8022, 13, 23, 0, 0, 0, 0, 0, 0),
(8023, 110, 23, 0, 0, 0, 0, 0, 0),
(8024, 109, 23, 0, 0, 0, 0, 0, 0),
(8025, 108, 23, 0, 0, 0, 0, 0, 0),
(8026, 155, 23, 0, 0, 0, 0, 0, 0),
(8027, 150, 23, 0, 0, 0, 0, 0, 0),
(8028, 105, 23, 0, 0, 0, 0, 0, 0),
(8029, 104, 23, 0, 0, 0, 0, 0, 0),
(8030, 103, 23, 0, 0, 0, 0, 0, 0),
(8031, 102, 23, 0, 0, 0, 0, 0, 0),
(8032, 101, 23, 0, 0, 0, 0, 0, 0),
(8033, 100, 23, 0, 0, 0, 0, 0, 0),
(8034, 99, 23, 0, 0, 0, 0, 0, 0),
(8035, 138, 23, 0, 0, 0, 0, 0, 0),
(8036, 94, 23, 0, 0, 0, 0, 0, 0),
(8037, 20, 23, 0, 0, 0, 0, 0, 0),
(8038, 38, 23, 0, 0, 0, 0, 0, 0),
(8039, 39, 23, 0, 0, 0, 0, 0, 0),
(8040, 85, 23, 0, 0, 0, 0, 0, 0),
(8041, 95, 23, 0, 0, 0, 0, 0, 0),
(8042, 98, 23, 0, 0, 0, 0, 0, 0),
(8043, 5, 23, 0, 0, 0, 0, 0, 0),
(8044, 6, 23, 0, 0, 0, 0, 0, 0),
(8045, 88, 23, 0, 0, 0, 0, 0, 0),
(8046, 194, 23, 0, 0, 0, 0, 0, 0),
(8047, 161, 23, 0, 0, 0, 0, 0, 0),
(8048, 129, 23, 0, 0, 0, 0, 0, 0),
(8049, 128, 23, 0, 0, 0, 0, 0, 0),
(8050, 14, 23, 0, 0, 0, 0, 0, 0),
(8051, 15, 23, 0, 0, 0, 0, 0, 0),
(8052, 87, 23, 0, 0, 0, 0, 0, 0),
(8053, 9, 23, 0, 0, 0, 0, 0, 0),
(8054, 11, 23, 0, 0, 0, 0, 0, 0),
(8055, 97, 23, 0, 0, 0, 0, 0, 0),
(8056, 10, 23, 0, 0, 0, 0, 0, 0),
(8057, 200, 23, 0, 0, 0, 0, 0, 0),
(8058, 160, 23, 0, 0, 0, 0, 0, 0),
(8059, 186, 23, 0, 0, 0, 0, 0, 0),
(8060, 185, 23, 0, 0, 0, 0, 0, 0),
(8061, 184, 23, 0, 0, 0, 0, 0, 0),
(8062, 164, 23, 0, 0, 0, 0, 0, 0),
(8063, 165, 23, 0, 0, 0, 0, 0, 0),
(8064, 163, 23, 0, 0, 0, 0, 0, 0),
(8065, 190, 23, 0, 0, 0, 0, 0, 0),
(8066, 189, 23, 0, 0, 0, 0, 0, 0),
(8067, 188, 23, 0, 0, 0, 0, 0, 0),
(8068, 187, 23, 0, 0, 0, 0, 0, 0),
(8069, 199, 23, 0, 0, 0, 0, 0, 0),
(8070, 198, 23, 0, 0, 0, 0, 0, 0),
(8071, 197, 23, 0, 0, 0, 0, 0, 0),
(8072, 196, 23, 0, 0, 0, 0, 0, 0),
(8073, 195, 23, 0, 0, 0, 0, 0, 0),
(8074, 172, 23, 0, 0, 0, 0, 0, 0),
(8075, 173, 23, 0, 0, 0, 0, 0, 0),
(8076, 171, 23, 0, 0, 0, 0, 0, 0),
(8077, 169, 23, 0, 0, 0, 0, 0, 0),
(8078, 170, 23, 0, 0, 0, 0, 0, 0),
(8079, 179, 23, 0, 0, 0, 0, 0, 0),
(8080, 178, 23, 0, 0, 0, 0, 0, 0),
(8081, 177, 23, 0, 0, 0, 0, 0, 0),
(8082, 176, 23, 0, 0, 0, 0, 0, 0),
(8083, 175, 23, 0, 0, 0, 0, 0, 0),
(8084, 174, 23, 0, 0, 0, 0, 0, 0),
(8085, 21, 23, 0, 0, 0, 0, 0, 0),
(8086, 182, 23, 0, 0, 0, 0, 0, 0),
(8087, 111, 23, 0, 0, 0, 0, 0, 0),
(8088, 96, 23, 0, 0, 0, 0, 0, 0),
(8089, 30, 23, 0, 0, 0, 0, 0, 0),
(8090, 117, 23, 0, 0, 0, 0, 0, 0),
(8091, 116, 23, 0, 0, 0, 0, 0, 0),
(8092, 81, 23, 0, 0, 0, 0, 0, 0),
(8093, 73, 23, 0, 0, 0, 0, 0, 0),
(8094, 72, 23, 0, 0, 0, 0, 0, 0),
(8095, 71, 23, 0, 0, 0, 0, 0, 0),
(8096, 32, 23, 0, 0, 0, 0, 0, 0),
(8097, 31, 23, 0, 0, 0, 0, 0, 0),
(8098, 74, 23, 0, 0, 0, 0, 0, 0),
(8099, 75, 23, 0, 0, 0, 0, 0, 0),
(8100, 76, 23, 0, 0, 0, 0, 0, 0),
(8101, 77, 23, 0, 0, 0, 0, 0, 0),
(8102, 78, 23, 0, 0, 0, 0, 0, 0),
(8103, 79, 23, 0, 0, 0, 0, 0, 0),
(8104, 33, 23, 0, 0, 0, 0, 0, 0),
(8105, 92, 23, 0, 0, 0, 0, 0, 0),
(8106, 83, 23, 0, 0, 0, 0, 0, 0),
(8107, 45, 23, 0, 0, 0, 0, 0, 0),
(8108, 22, 23, 0, 0, 0, 0, 0, 0),
(8109, 28, 23, 0, 0, 0, 0, 0, 0),
(8110, 23, 23, 0, 0, 0, 0, 0, 0),
(8111, 25, 23, 0, 0, 0, 0, 0, 0),
(8112, 27, 23, 0, 0, 0, 0, 0, 0),
(8113, 151, 23, 0, 0, 0, 0, 0, 0),
(8114, 42, 23, 0, 0, 0, 0, 0, 0),
(8115, 43, 23, 0, 0, 0, 0, 0, 0),
(8116, 40, 23, 0, 0, 0, 0, 0, 0),
(8117, 46, 23, 0, 0, 0, 0, 0, 0),
(8118, 180, 23, 0, 0, 0, 0, 0, 0),
(8119, 44, 23, 0, 0, 0, 0, 0, 0),
(8120, 26, 23, 0, 0, 0, 0, 0, 0),
(8121, 24, 23, 0, 0, 0, 0, 0, 0),
(8122, 41, 23, 0, 0, 0, 0, 0, 0),
(8123, 29, 23, 0, 0, 0, 0, 0, 0),
(8124, 35, 23, 0, 0, 0, 0, 0, 0),
(8125, 37, 23, 0, 0, 0, 0, 0, 0),
(8126, 65, 23, 0, 0, 0, 0, 0, 0),
(8127, 66, 23, 0, 0, 0, 0, 0, 0),
(8128, 67, 23, 0, 0, 0, 0, 0, 0),
(8129, 68, 23, 0, 0, 0, 0, 0, 0),
(8130, 69, 23, 0, 0, 0, 0, 0, 0),
(8131, 86, 23, 0, 0, 0, 0, 0, 0),
(8132, 34, 23, 0, 0, 0, 0, 0, 0),
(8133, 168, 23, 0, 0, 0, 0, 0, 0),
(8134, 167, 23, 0, 0, 0, 0, 0, 0),
(8135, 166, 23, 0, 0, 0, 0, 0, 0),
(8136, 135, 23, 0, 0, 0, 0, 0, 0),
(8137, 140, 23, 0, 0, 0, 0, 0, 0),
(8138, 139, 23, 0, 0, 0, 0, 0, 0),
(8139, 183, 23, 0, 0, 0, 0, 0, 0),
(8140, 134, 23, 0, 0, 0, 0, 0, 0),
(8141, 133, 23, 0, 0, 0, 0, 0, 0),
(8142, 132, 23, 0, 0, 0, 0, 0, 0),
(8143, 131, 23, 0, 0, 0, 0, 0, 0),
(8144, 130, 23, 0, 0, 0, 0, 0, 0),
(8145, 157, 23, 0, 0, 0, 0, 0, 0),
(8146, 158, 23, 0, 0, 0, 0, 0, 0),
(8147, 48, 23, 0, 0, 0, 0, 0, 0),
(8148, 49, 23, 0, 0, 0, 0, 0, 0),
(8149, 156, 23, 0, 0, 0, 0, 0, 0),
(8150, 154, 23, 0, 0, 0, 0, 0, 0),
(8151, 153, 23, 0, 0, 0, 0, 0, 0),
(8152, 146, 23, 0, 0, 0, 0, 0, 0),
(8153, 145, 23, 0, 0, 0, 0, 0, 0),
(8154, 144, 23, 0, 0, 0, 0, 0, 0),
(8155, 143, 23, 0, 0, 0, 0, 0, 0),
(8156, 142, 23, 0, 0, 0, 0, 0, 0),
(8157, 141, 23, 0, 0, 0, 0, 0, 0),
(8158, 127, 23, 0, 0, 0, 0, 0, 0),
(8159, 126, 23, 0, 0, 0, 0, 0, 0),
(8160, 84, 23, 0, 0, 0, 0, 0, 0),
(8161, 125, 23, 0, 0, 0, 0, 0, 0),
(8162, 50, 23, 0, 0, 0, 0, 0, 0),
(8163, 56, 23, 0, 0, 0, 0, 0, 0),
(8164, 181, 23, 0, 0, 0, 0, 0, 0),
(8165, 60, 23, 0, 0, 0, 0, 0, 0),
(8166, 59, 23, 0, 0, 0, 0, 0, 0),
(8167, 54, 23, 0, 0, 0, 0, 0, 0),
(8168, 55, 23, 0, 0, 0, 0, 0, 0),
(8169, 53, 23, 0, 0, 0, 0, 0, 0),
(8170, 51, 23, 0, 0, 0, 0, 0, 0),
(8171, 62, 23, 0, 0, 0, 0, 0, 0),
(8172, 61, 23, 0, 0, 0, 0, 0, 0),
(8173, 57, 23, 0, 0, 0, 0, 0, 0),
(8174, 52, 23, 0, 0, 0, 0, 0, 0),
(8175, 64, 23, 0, 0, 0, 0, 0, 0),
(8176, 58, 23, 0, 0, 0, 0, 0, 0),
(8177, 147, 23, 0, 0, 0, 0, 0, 0),
(8178, 148, 23, 0, 0, 0, 0, 0, 0),
(8179, 149, 23, 0, 0, 0, 0, 0, 0),
(8180, 7, 23, 0, 0, 0, 0, 0, 0),
(8181, 8, 23, 0, 0, 0, 0, 0, 0),
(8182, 16, 23, 0, 0, 0, 0, 0, 0),
(8183, 17, 23, 0, 0, 0, 0, 0, 0),
(8184, 47, 23, 0, 0, 0, 0, 0, 0),
(8185, 106, 23, 0, 0, 0, 0, 0, 0),
(8186, 107, 23, 0, 0, 0, 0, 0, 0),
(8187, 118, 23, 0, 0, 0, 0, 0, 0),
(8188, 119, 23, 0, 0, 0, 0, 0, 0),
(8189, 120, 23, 0, 0, 0, 0, 0, 0),
(8190, 121, 23, 0, 0, 0, 0, 0, 0),
(8191, 122, 23, 0, 0, 0, 0, 0, 0),
(8192, 123, 23, 0, 0, 0, 0, 0, 0),
(8193, 136, 23, 0, 0, 0, 0, 0, 0),
(8194, 137, 23, 0, 0, 0, 0, 0, 0),
(8195, 191, 23, 0, 0, 0, 0, 0, 0),
(8196, 192, 23, 0, 0, 0, 0, 0, 0),
(8197, 193, 23, 0, 0, 0, 0, 0, 0),
(8198, 201, 23, 1, 1, 1, 1, 1, 1),
(8199, 202, 23, 1, 1, 1, 1, 1, 1),
(8200, 203, 23, 1, 1, 1, 1, 1, 1),
(8201, 204, 23, 1, 1, 1, 1, 1, 1),
(8202, 205, 23, 0, 0, 0, 0, 0, 0),
(8203, 206, 23, 0, 0, 0, 0, 0, 0),
(8204, 207, 23, 0, 0, 0, 0, 0, 0),
(8205, 208, 23, 0, 0, 0, 0, 0, 0),
(8206, 12, 24, 0, 0, 0, 0, 0, 0),
(8207, 1, 24, 0, 0, 0, 0, 0, 0),
(8208, 80, 24, 0, 0, 0, 0, 0, 0),
(8209, 124, 24, 0, 0, 0, 0, 0, 0),
(8210, 2, 24, 0, 0, 0, 0, 0, 0),
(8211, 3, 24, 0, 0, 0, 0, 0, 0),
(8212, 4, 24, 0, 0, 0, 0, 0, 0),
(8213, 18, 24, 0, 0, 0, 0, 0, 0),
(8214, 19, 24, 0, 0, 0, 0, 0, 0),
(8215, 89, 24, 0, 0, 0, 0, 0, 0),
(8216, 13, 24, 0, 0, 0, 0, 0, 0),
(8217, 110, 24, 0, 0, 0, 0, 0, 0),
(8218, 109, 24, 0, 0, 0, 0, 0, 0),
(8219, 108, 24, 0, 0, 0, 0, 0, 0),
(8220, 155, 24, 0, 0, 0, 0, 0, 0),
(8221, 150, 24, 0, 0, 0, 0, 0, 0),
(8222, 105, 24, 0, 0, 0, 0, 0, 0),
(8223, 104, 24, 0, 0, 0, 0, 0, 0),
(8224, 103, 24, 0, 0, 0, 0, 0, 0),
(8225, 102, 24, 0, 0, 0, 0, 0, 0),
(8226, 101, 24, 0, 0, 0, 0, 0, 0),
(8227, 100, 24, 0, 0, 0, 0, 0, 0),
(8228, 99, 24, 0, 0, 0, 0, 0, 0),
(8229, 138, 24, 0, 0, 0, 0, 0, 0),
(8230, 94, 24, 0, 0, 0, 0, 0, 0),
(8231, 20, 24, 0, 0, 0, 0, 0, 0),
(8232, 38, 24, 0, 0, 0, 0, 0, 0),
(8233, 39, 24, 0, 0, 0, 0, 0, 0),
(8234, 85, 24, 0, 0, 0, 0, 0, 0),
(8235, 95, 24, 0, 0, 0, 0, 0, 0),
(8236, 98, 24, 0, 0, 0, 0, 0, 0),
(8237, 5, 24, 0, 0, 0, 0, 0, 0),
(8238, 6, 24, 0, 0, 0, 0, 0, 0),
(8239, 88, 24, 0, 0, 0, 0, 0, 0),
(8240, 194, 24, 0, 0, 0, 0, 0, 0),
(8241, 161, 24, 0, 0, 0, 0, 0, 0),
(8242, 129, 24, 0, 0, 0, 0, 0, 0),
(8243, 128, 24, 0, 0, 0, 0, 0, 0),
(8244, 14, 24, 0, 0, 0, 0, 0, 0),
(8245, 15, 24, 0, 0, 0, 0, 0, 0),
(8246, 87, 24, 0, 0, 0, 0, 0, 0),
(8247, 9, 24, 0, 0, 0, 0, 0, 0),
(8248, 11, 24, 0, 0, 0, 0, 0, 0),
(8249, 97, 24, 0, 0, 0, 0, 0, 0),
(8250, 10, 24, 0, 0, 0, 0, 0, 0),
(8251, 200, 24, 0, 0, 0, 0, 0, 0),
(8252, 160, 24, 0, 0, 0, 0, 0, 0),
(8253, 186, 24, 0, 0, 0, 0, 0, 0),
(8254, 185, 24, 0, 0, 0, 0, 0, 0),
(8255, 184, 24, 0, 0, 0, 0, 0, 0),
(8256, 164, 24, 0, 0, 0, 0, 0, 0),
(8257, 165, 24, 0, 0, 0, 0, 0, 0),
(8258, 163, 24, 0, 0, 0, 0, 0, 0),
(8259, 190, 24, 0, 0, 0, 0, 0, 0),
(8260, 189, 24, 0, 0, 0, 0, 0, 0),
(8261, 188, 24, 0, 0, 0, 0, 0, 0),
(8262, 187, 24, 0, 0, 0, 0, 0, 0),
(8263, 199, 24, 0, 0, 0, 0, 0, 0),
(8264, 198, 24, 0, 0, 0, 0, 0, 0),
(8265, 197, 24, 0, 0, 0, 0, 0, 0),
(8266, 196, 24, 0, 0, 0, 0, 0, 0),
(8267, 195, 24, 0, 0, 0, 0, 0, 0),
(8268, 172, 24, 0, 0, 0, 0, 0, 0),
(8269, 173, 24, 0, 0, 0, 0, 0, 0),
(8270, 171, 24, 0, 0, 0, 0, 0, 0),
(8271, 169, 24, 0, 0, 0, 0, 0, 0),
(8272, 170, 24, 0, 0, 0, 0, 0, 0),
(8273, 179, 24, 0, 0, 0, 0, 0, 0),
(8274, 178, 24, 0, 0, 0, 0, 0, 0),
(8275, 177, 24, 0, 0, 0, 0, 0, 0),
(8276, 176, 24, 0, 0, 0, 0, 0, 0),
(8277, 175, 24, 0, 0, 0, 0, 0, 0),
(8278, 174, 24, 0, 0, 0, 0, 0, 0),
(8279, 21, 24, 0, 0, 0, 0, 0, 0),
(8280, 182, 24, 0, 0, 0, 0, 0, 0),
(8281, 111, 24, 0, 0, 0, 0, 0, 0),
(8282, 96, 24, 0, 0, 0, 0, 0, 0),
(8283, 30, 24, 0, 0, 0, 0, 0, 0),
(8284, 117, 24, 1, 1, 1, 1, 1, 1),
(8285, 116, 24, 0, 0, 0, 0, 0, 0),
(8286, 81, 24, 1, 1, 1, 1, 1, 1),
(8287, 73, 24, 1, 1, 1, 1, 1, 1),
(8288, 72, 24, 1, 1, 1, 1, 1, 1),
(8289, 71, 24, 1, 1, 1, 1, 1, 1),
(8290, 32, 24, 0, 0, 0, 0, 0, 0),
(8291, 31, 24, 0, 0, 0, 0, 0, 0),
(8292, 74, 24, 0, 0, 0, 0, 0, 0),
(8293, 75, 24, 0, 0, 0, 0, 0, 0),
(8294, 76, 24, 0, 0, 0, 0, 0, 0),
(8295, 77, 24, 0, 0, 0, 0, 0, 0),
(8296, 78, 24, 0, 0, 0, 0, 0, 0),
(8297, 79, 24, 0, 0, 0, 0, 0, 0),
(8298, 33, 24, 0, 0, 0, 0, 0, 0),
(8299, 92, 24, 0, 0, 0, 0, 0, 0),
(8300, 83, 24, 0, 0, 0, 0, 0, 0),
(8301, 45, 24, 0, 0, 0, 0, 0, 0),
(8302, 22, 24, 0, 0, 0, 0, 0, 0),
(8303, 28, 24, 0, 0, 0, 0, 0, 0),
(8304, 23, 24, 0, 0, 0, 0, 0, 0),
(8305, 25, 24, 0, 0, 0, 0, 0, 0),
(8306, 27, 24, 0, 0, 0, 0, 0, 0),
(8307, 151, 24, 0, 0, 0, 0, 0, 0),
(8308, 42, 24, 0, 0, 0, 0, 0, 0),
(8309, 43, 24, 0, 0, 0, 0, 0, 0),
(8310, 40, 24, 0, 0, 0, 0, 0, 0),
(8311, 46, 24, 0, 0, 0, 0, 0, 0),
(8312, 180, 24, 0, 0, 0, 0, 0, 0),
(8313, 44, 24, 0, 0, 0, 0, 0, 0),
(8314, 26, 24, 0, 0, 0, 0, 0, 0),
(8315, 24, 24, 0, 0, 0, 0, 0, 0),
(8316, 41, 24, 0, 0, 0, 0, 0, 0),
(8317, 29, 24, 0, 0, 0, 0, 0, 0),
(8318, 35, 24, 0, 0, 0, 0, 0, 0),
(8319, 37, 24, 0, 0, 0, 0, 0, 0),
(8320, 65, 24, 0, 0, 0, 0, 0, 0),
(8321, 66, 24, 0, 0, 0, 0, 0, 0),
(8322, 67, 24, 0, 0, 0, 0, 0, 0),
(8323, 68, 24, 0, 0, 0, 0, 0, 0),
(8324, 69, 24, 0, 0, 0, 0, 0, 0),
(8325, 86, 24, 0, 0, 0, 0, 0, 0),
(8326, 34, 24, 0, 0, 0, 0, 0, 0),
(8327, 168, 24, 0, 0, 0, 0, 0, 0),
(8328, 167, 24, 0, 0, 0, 0, 0, 0),
(8329, 166, 24, 0, 0, 0, 0, 0, 0),
(8330, 135, 24, 0, 0, 0, 0, 0, 0),
(8331, 140, 24, 0, 0, 0, 0, 0, 0),
(8332, 139, 24, 0, 0, 0, 0, 0, 0),
(8333, 183, 24, 0, 0, 0, 0, 0, 0),
(8334, 134, 24, 0, 0, 0, 0, 0, 0),
(8335, 133, 24, 0, 0, 0, 0, 0, 0),
(8336, 132, 24, 0, 0, 0, 0, 0, 0),
(8337, 131, 24, 0, 0, 0, 0, 0, 0),
(8338, 130, 24, 0, 0, 0, 0, 0, 0),
(8339, 157, 24, 0, 0, 0, 0, 0, 0),
(8340, 158, 24, 0, 0, 0, 0, 0, 0),
(8341, 48, 24, 0, 0, 0, 0, 0, 0),
(8342, 49, 24, 0, 0, 0, 0, 0, 0),
(8343, 156, 24, 0, 0, 0, 0, 0, 0),
(8344, 154, 24, 0, 0, 0, 0, 0, 0),
(8345, 153, 24, 0, 0, 0, 0, 0, 0),
(8346, 146, 24, 0, 0, 0, 0, 0, 0),
(8347, 145, 24, 0, 0, 0, 0, 0, 0),
(8348, 144, 24, 0, 0, 0, 0, 0, 0),
(8349, 143, 24, 0, 0, 0, 0, 0, 0),
(8350, 142, 24, 0, 0, 0, 0, 0, 0),
(8351, 141, 24, 0, 0, 0, 0, 0, 0),
(8352, 127, 24, 0, 0, 0, 0, 0, 0),
(8353, 126, 24, 0, 0, 0, 0, 0, 0),
(8354, 84, 24, 0, 0, 0, 0, 0, 0),
(8355, 125, 24, 0, 0, 0, 0, 0, 0),
(8356, 50, 24, 0, 0, 0, 0, 0, 0),
(8357, 56, 24, 0, 0, 0, 0, 0, 0),
(8358, 181, 24, 0, 0, 0, 0, 0, 0),
(8359, 60, 24, 0, 0, 0, 0, 0, 0),
(8360, 59, 24, 0, 0, 0, 0, 0, 0),
(8361, 54, 24, 0, 0, 0, 0, 0, 0),
(8362, 55, 24, 0, 0, 0, 0, 0, 0),
(8363, 53, 24, 0, 0, 0, 0, 0, 0),
(8364, 51, 24, 0, 0, 0, 0, 0, 0),
(8365, 62, 24, 0, 0, 0, 0, 0, 0),
(8366, 61, 24, 0, 0, 0, 0, 0, 0),
(8367, 57, 24, 0, 0, 0, 0, 0, 0),
(8368, 52, 24, 0, 0, 0, 0, 0, 0),
(8369, 64, 24, 0, 0, 0, 0, 0, 0),
(8370, 58, 24, 0, 0, 0, 0, 0, 0),
(8371, 147, 24, 0, 0, 0, 0, 0, 0),
(8372, 148, 24, 0, 0, 0, 0, 0, 0),
(8373, 149, 24, 0, 0, 0, 0, 0, 0),
(8374, 7, 24, 0, 0, 0, 0, 0, 0),
(8375, 8, 24, 0, 0, 0, 0, 0, 0),
(8376, 16, 24, 0, 0, 0, 0, 0, 0),
(8377, 17, 24, 0, 0, 0, 0, 0, 0),
(8378, 47, 24, 0, 0, 0, 0, 0, 0),
(8379, 106, 24, 0, 0, 0, 0, 0, 0),
(8380, 107, 24, 0, 0, 0, 0, 0, 0),
(8381, 118, 24, 0, 0, 0, 0, 0, 0),
(8382, 119, 24, 0, 0, 0, 0, 0, 0),
(8383, 120, 24, 0, 0, 0, 0, 0, 0),
(8384, 121, 24, 0, 0, 0, 0, 0, 0),
(8385, 122, 24, 0, 0, 0, 0, 0, 0),
(8386, 123, 24, 0, 0, 0, 0, 0, 0),
(8387, 136, 24, 0, 0, 0, 0, 0, 0),
(8388, 137, 24, 0, 0, 0, 0, 0, 0),
(8389, 191, 24, 0, 0, 0, 0, 0, 0),
(8390, 192, 24, 0, 0, 0, 0, 0, 0),
(8391, 193, 24, 0, 0, 0, 0, 0, 0),
(8392, 201, 24, 0, 0, 0, 0, 0, 0),
(8393, 202, 24, 0, 0, 0, 0, 0, 0),
(8394, 203, 24, 0, 0, 0, 0, 0, 0),
(8395, 204, 24, 0, 0, 0, 0, 0, 0),
(8396, 205, 24, 1, 1, 1, 1, 1, 1),
(8397, 206, 24, 0, 0, 0, 0, 0, 0),
(8398, 207, 24, 0, 0, 0, 0, 0, 0),
(8399, 208, 24, 0, 0, 0, 0, 0, 0),
(8594, 12, 26, 0, 0, 0, 0, 0, 0),
(8595, 1, 26, 0, 0, 0, 0, 0, 0),
(8596, 80, 26, 0, 0, 0, 0, 0, 0),
(8597, 124, 26, 0, 0, 0, 0, 0, 0),
(8598, 2, 26, 0, 0, 0, 0, 0, 0),
(8599, 3, 26, 0, 0, 0, 0, 0, 0),
(8600, 4, 26, 0, 0, 0, 0, 0, 0),
(8601, 18, 26, 0, 0, 0, 0, 0, 0),
(8602, 19, 26, 0, 0, 0, 0, 0, 0),
(8603, 89, 26, 0, 0, 0, 0, 0, 0),
(8604, 13, 26, 0, 0, 0, 0, 0, 0),
(8605, 110, 26, 0, 0, 0, 0, 0, 0),
(8606, 109, 26, 0, 0, 0, 0, 0, 0),
(8607, 108, 26, 0, 0, 0, 0, 0, 0),
(8608, 155, 26, 0, 0, 0, 0, 0, 0),
(8609, 150, 26, 0, 0, 0, 0, 0, 0),
(8610, 105, 26, 0, 0, 0, 0, 0, 0),
(8611, 104, 26, 0, 0, 0, 0, 0, 0),
(8612, 103, 26, 0, 0, 0, 0, 0, 0),
(8613, 102, 26, 0, 0, 0, 0, 0, 0),
(8614, 101, 26, 0, 0, 0, 0, 0, 0),
(8615, 100, 26, 0, 0, 0, 0, 0, 0),
(8616, 99, 26, 0, 0, 0, 0, 0, 0),
(8617, 138, 26, 0, 0, 0, 0, 0, 0),
(8618, 94, 26, 0, 0, 0, 0, 0, 0),
(8619, 20, 26, 0, 0, 0, 0, 0, 0),
(8620, 38, 26, 0, 0, 0, 0, 0, 0),
(8621, 39, 26, 0, 0, 0, 0, 0, 0),
(8622, 85, 26, 0, 0, 0, 0, 0, 0),
(8623, 95, 26, 0, 0, 0, 0, 0, 0),
(8624, 98, 26, 0, 0, 0, 0, 0, 0),
(8625, 5, 26, 0, 0, 0, 0, 0, 0),
(8626, 6, 26, 0, 0, 0, 0, 0, 0),
(8627, 88, 26, 0, 0, 0, 0, 0, 0),
(8628, 194, 26, 0, 0, 0, 0, 0, 0),
(8629, 161, 26, 0, 0, 0, 0, 0, 0),
(8630, 129, 26, 0, 0, 0, 0, 0, 0),
(8631, 128, 26, 0, 0, 0, 0, 0, 0),
(8632, 14, 26, 0, 0, 0, 0, 0, 0),
(8633, 15, 26, 0, 0, 0, 0, 0, 0),
(8634, 87, 26, 0, 0, 0, 0, 0, 0),
(8635, 9, 26, 0, 0, 0, 0, 0, 0),
(8636, 11, 26, 0, 0, 0, 0, 0, 0),
(8637, 97, 26, 0, 0, 0, 0, 0, 0),
(8638, 10, 26, 0, 0, 0, 0, 0, 0),
(8639, 200, 26, 0, 0, 0, 0, 0, 0),
(8640, 160, 26, 0, 0, 0, 0, 0, 0),
(8641, 186, 26, 0, 0, 0, 0, 0, 0),
(8642, 185, 26, 0, 0, 0, 0, 0, 0),
(8643, 184, 26, 0, 0, 0, 0, 0, 0),
(8644, 164, 26, 0, 0, 0, 0, 0, 0),
(8645, 165, 26, 0, 0, 0, 0, 0, 0),
(8646, 163, 26, 0, 0, 0, 0, 0, 0),
(8647, 190, 26, 0, 0, 0, 0, 0, 0),
(8648, 189, 26, 0, 0, 0, 0, 0, 0),
(8649, 188, 26, 0, 0, 0, 0, 0, 0),
(8650, 187, 26, 0, 0, 0, 0, 0, 0),
(8651, 199, 26, 0, 0, 0, 0, 0, 0),
(8652, 198, 26, 0, 0, 0, 0, 0, 0),
(8653, 197, 26, 0, 0, 0, 0, 0, 0),
(8654, 196, 26, 0, 0, 0, 0, 0, 0),
(8655, 195, 26, 0, 0, 0, 0, 0, 0),
(8656, 172, 26, 0, 0, 0, 0, 0, 0),
(8657, 173, 26, 0, 0, 0, 0, 0, 0),
(8658, 171, 26, 0, 0, 0, 0, 0, 0),
(8659, 169, 26, 0, 0, 0, 0, 0, 0),
(8660, 170, 26, 0, 0, 0, 0, 0, 0),
(8661, 179, 26, 0, 0, 0, 0, 0, 0),
(8662, 178, 26, 0, 0, 0, 0, 0, 0),
(8663, 177, 26, 0, 0, 0, 0, 0, 0),
(8664, 176, 26, 0, 0, 0, 0, 0, 0),
(8665, 175, 26, 0, 0, 0, 0, 0, 0),
(8666, 174, 26, 0, 0, 0, 0, 0, 0),
(8667, 21, 26, 0, 0, 0, 0, 0, 0),
(8668, 182, 26, 0, 0, 0, 0, 0, 0),
(8669, 111, 26, 0, 0, 0, 0, 0, 0),
(8670, 96, 26, 0, 0, 0, 0, 0, 0),
(8671, 30, 26, 0, 0, 0, 0, 0, 0),
(8672, 117, 26, 0, 0, 0, 0, 0, 0),
(8673, 116, 26, 0, 0, 0, 0, 0, 0),
(8674, 81, 26, 0, 0, 0, 0, 0, 0),
(8675, 73, 26, 0, 0, 0, 0, 0, 0),
(8676, 72, 26, 0, 0, 0, 0, 0, 0),
(8677, 71, 26, 0, 0, 0, 0, 0, 0),
(8678, 32, 26, 0, 0, 0, 0, 0, 0),
(8679, 31, 26, 0, 0, 0, 0, 0, 0),
(8680, 74, 26, 0, 0, 0, 0, 0, 0),
(8681, 75, 26, 0, 0, 0, 0, 0, 0),
(8682, 76, 26, 0, 0, 0, 0, 0, 0),
(8683, 77, 26, 0, 0, 0, 0, 0, 0),
(8684, 78, 26, 0, 0, 0, 0, 0, 0),
(8685, 79, 26, 0, 0, 0, 0, 0, 0),
(8686, 33, 26, 0, 0, 0, 0, 0, 0),
(8687, 92, 26, 0, 0, 0, 0, 0, 0),
(8688, 83, 26, 0, 0, 0, 0, 0, 0),
(8689, 45, 26, 0, 0, 0, 0, 0, 0),
(8690, 22, 26, 0, 0, 0, 0, 0, 0),
(8691, 28, 26, 0, 0, 0, 0, 0, 0),
(8692, 23, 26, 0, 0, 0, 0, 0, 0),
(8693, 25, 26, 0, 0, 0, 0, 0, 0),
(8694, 27, 26, 0, 0, 0, 0, 0, 0),
(8695, 151, 26, 0, 0, 0, 0, 0, 0),
(8696, 42, 26, 0, 0, 0, 0, 0, 0),
(8697, 43, 26, 0, 0, 0, 0, 0, 0),
(8698, 40, 26, 0, 0, 0, 0, 0, 0),
(8699, 46, 26, 0, 0, 0, 0, 0, 0),
(8700, 180, 26, 0, 0, 0, 0, 0, 0),
(8701, 44, 26, 0, 0, 0, 0, 0, 0),
(8702, 26, 26, 0, 0, 0, 0, 0, 0),
(8703, 24, 26, 0, 0, 0, 0, 0, 0),
(8704, 41, 26, 0, 0, 0, 0, 0, 0),
(8705, 29, 26, 0, 0, 0, 0, 0, 0),
(8706, 35, 26, 0, 0, 0, 0, 0, 0),
(8707, 37, 26, 0, 0, 0, 0, 0, 0),
(8708, 65, 26, 0, 0, 0, 0, 0, 0),
(8709, 66, 26, 0, 0, 0, 0, 0, 0),
(8710, 67, 26, 0, 0, 0, 0, 0, 0),
(8711, 68, 26, 0, 0, 0, 0, 0, 0),
(8712, 69, 26, 0, 0, 0, 0, 0, 0),
(8713, 86, 26, 0, 0, 0, 0, 0, 0),
(8714, 34, 26, 0, 0, 0, 0, 0, 0),
(8715, 168, 26, 0, 0, 0, 0, 0, 0),
(8716, 167, 26, 0, 0, 0, 0, 0, 0),
(8717, 166, 26, 0, 0, 0, 0, 0, 0),
(8718, 135, 26, 0, 0, 0, 0, 0, 0),
(8719, 140, 26, 0, 0, 0, 0, 0, 0),
(8720, 139, 26, 0, 0, 0, 0, 0, 0),
(8721, 183, 26, 0, 0, 0, 0, 0, 0),
(8722, 134, 26, 0, 0, 0, 0, 0, 0),
(8723, 133, 26, 0, 0, 0, 0, 0, 0),
(8724, 132, 26, 0, 0, 0, 0, 0, 0),
(8725, 131, 26, 0, 0, 0, 0, 0, 0),
(8726, 130, 26, 0, 0, 0, 0, 0, 0),
(8727, 157, 26, 0, 0, 0, 0, 0, 0),
(8728, 158, 26, 0, 0, 0, 0, 0, 0),
(8729, 48, 26, 0, 0, 0, 0, 0, 0),
(8730, 49, 26, 0, 0, 0, 0, 0, 0),
(8731, 156, 26, 0, 0, 0, 0, 0, 0),
(8732, 154, 26, 0, 0, 0, 0, 0, 0),
(8733, 153, 26, 0, 0, 0, 0, 0, 0),
(8734, 146, 26, 0, 0, 0, 0, 0, 0),
(8735, 145, 26, 0, 0, 0, 0, 0, 0),
(8736, 144, 26, 0, 0, 0, 0, 0, 0),
(8737, 143, 26, 0, 0, 0, 0, 0, 0),
(8738, 142, 26, 0, 0, 0, 0, 0, 0),
(8739, 141, 26, 0, 0, 0, 0, 0, 0),
(8740, 127, 26, 0, 0, 0, 0, 0, 0),
(8741, 126, 26, 0, 0, 0, 0, 0, 0),
(8742, 84, 26, 0, 0, 0, 0, 0, 0),
(8743, 125, 26, 0, 0, 0, 0, 0, 0),
(8744, 50, 26, 0, 0, 0, 0, 0, 0),
(8745, 56, 26, 0, 0, 0, 0, 0, 0),
(8746, 181, 26, 0, 0, 0, 0, 0, 0),
(8747, 60, 26, 0, 0, 0, 0, 0, 0),
(8748, 59, 26, 0, 0, 0, 0, 0, 0),
(8749, 54, 26, 0, 0, 0, 0, 0, 0),
(8750, 55, 26, 0, 0, 0, 0, 0, 0),
(8751, 53, 26, 0, 0, 0, 0, 0, 0),
(8752, 51, 26, 0, 0, 0, 0, 0, 0),
(8753, 62, 26, 0, 0, 0, 0, 0, 0),
(8754, 61, 26, 0, 0, 0, 0, 0, 0),
(8755, 57, 26, 0, 0, 0, 0, 0, 0),
(8756, 52, 26, 0, 0, 0, 0, 0, 0),
(8757, 64, 26, 0, 0, 0, 0, 0, 0),
(8758, 58, 26, 0, 0, 0, 0, 0, 0),
(8759, 147, 26, 0, 0, 0, 0, 0, 0),
(8760, 148, 26, 0, 0, 0, 0, 0, 0),
(8761, 149, 26, 0, 0, 0, 0, 0, 0),
(8762, 7, 26, 0, 0, 0, 0, 0, 0),
(8763, 8, 26, 0, 0, 0, 0, 0, 0),
(8764, 16, 26, 0, 0, 0, 0, 0, 0),
(8765, 17, 26, 0, 0, 0, 0, 0, 0),
(8766, 47, 26, 0, 0, 0, 0, 0, 0),
(8767, 106, 26, 0, 0, 0, 0, 0, 0),
(8768, 107, 26, 0, 0, 0, 0, 0, 0),
(8769, 118, 26, 0, 0, 0, 0, 0, 0),
(8770, 119, 26, 0, 0, 0, 0, 0, 0),
(8771, 120, 26, 0, 0, 0, 0, 0, 0),
(8772, 121, 26, 0, 0, 0, 0, 0, 0),
(8773, 122, 26, 0, 0, 0, 0, 0, 0),
(8774, 123, 26, 0, 0, 0, 0, 0, 0),
(8775, 136, 26, 0, 0, 0, 0, 0, 0),
(8776, 137, 26, 0, 0, 0, 0, 0, 0),
(8777, 191, 26, 0, 0, 0, 0, 0, 0),
(8778, 192, 26, 0, 0, 0, 0, 0, 0),
(8779, 193, 26, 0, 0, 0, 0, 0, 0),
(8780, 201, 26, 0, 0, 0, 0, 0, 0),
(8781, 202, 26, 0, 0, 0, 0, 0, 0),
(8782, 203, 26, 0, 0, 0, 0, 0, 0),
(8783, 204, 26, 0, 0, 0, 0, 0, 0),
(8784, 205, 26, 0, 0, 0, 0, 0, 0),
(8785, 206, 26, 0, 0, 0, 0, 0, 0),
(8786, 207, 26, 1, 1, 1, 1, 1, 1),
(8787, 208, 26, 0, 0, 0, 0, 0, 0),
(8788, 12, 27, 0, 0, 0, 0, 0, 0),
(8789, 1, 27, 0, 0, 0, 0, 0, 0),
(8790, 80, 27, 0, 0, 0, 0, 0, 0),
(8791, 124, 27, 0, 0, 0, 0, 0, 0),
(8792, 2, 27, 0, 0, 0, 0, 0, 0),
(8793, 3, 27, 0, 0, 0, 0, 0, 0),
(8794, 4, 27, 0, 0, 0, 0, 0, 0),
(8795, 18, 27, 0, 0, 0, 0, 0, 0),
(8796, 19, 27, 0, 0, 0, 0, 0, 0),
(8797, 89, 27, 0, 0, 0, 0, 0, 0),
(8798, 13, 27, 0, 0, 0, 0, 0, 0),
(8799, 110, 27, 0, 0, 0, 0, 0, 0),
(8800, 109, 27, 0, 0, 0, 0, 0, 0),
(8801, 108, 27, 0, 0, 0, 0, 0, 0),
(8802, 155, 27, 0, 0, 0, 0, 0, 0),
(8803, 150, 27, 0, 0, 0, 0, 0, 0),
(8804, 105, 27, 0, 0, 0, 0, 0, 0),
(8805, 104, 27, 0, 0, 0, 0, 0, 0),
(8806, 103, 27, 0, 0, 0, 0, 0, 0),
(8807, 102, 27, 0, 0, 0, 0, 0, 0),
(8808, 101, 27, 0, 0, 0, 0, 0, 0),
(8809, 100, 27, 0, 0, 0, 0, 0, 0),
(8810, 99, 27, 0, 0, 0, 0, 0, 0),
(8811, 138, 27, 0, 0, 0, 0, 0, 0),
(8812, 94, 27, 0, 0, 0, 0, 0, 0),
(8813, 20, 27, 0, 0, 0, 0, 0, 0),
(8814, 38, 27, 0, 0, 0, 0, 0, 0),
(8815, 39, 27, 0, 0, 0, 0, 0, 0),
(8816, 85, 27, 0, 0, 0, 0, 0, 0),
(8817, 95, 27, 0, 0, 0, 0, 0, 0),
(8818, 98, 27, 0, 0, 0, 0, 0, 0),
(8819, 5, 27, 0, 0, 0, 0, 0, 0),
(8820, 6, 27, 0, 0, 0, 0, 0, 0),
(8821, 88, 27, 0, 0, 0, 0, 0, 0),
(8822, 194, 27, 0, 0, 0, 0, 0, 0),
(8823, 161, 27, 0, 0, 0, 0, 0, 0),
(8824, 129, 27, 0, 0, 0, 0, 0, 0),
(8825, 128, 27, 0, 0, 0, 0, 0, 0),
(8826, 14, 27, 0, 0, 0, 0, 0, 0),
(8827, 15, 27, 0, 0, 0, 0, 0, 0),
(8828, 87, 27, 0, 0, 0, 0, 0, 0),
(8829, 9, 27, 0, 0, 0, 0, 0, 0),
(8830, 11, 27, 0, 0, 0, 0, 0, 0),
(8831, 97, 27, 0, 0, 0, 0, 0, 0),
(8832, 10, 27, 0, 0, 0, 0, 0, 0),
(8833, 200, 27, 0, 0, 0, 0, 0, 0),
(8834, 160, 27, 0, 0, 0, 0, 0, 0),
(8835, 186, 27, 0, 0, 0, 0, 0, 0),
(8836, 185, 27, 0, 0, 0, 0, 0, 0),
(8837, 184, 27, 0, 0, 0, 0, 0, 0),
(8838, 164, 27, 0, 0, 0, 0, 0, 0),
(8839, 165, 27, 0, 0, 0, 0, 0, 0),
(8840, 163, 27, 0, 0, 0, 0, 0, 0),
(8841, 190, 27, 0, 0, 0, 0, 0, 0),
(8842, 189, 27, 0, 0, 0, 0, 0, 0),
(8843, 188, 27, 0, 0, 0, 0, 0, 0),
(8844, 187, 27, 0, 0, 0, 0, 0, 0),
(8845, 199, 27, 0, 0, 0, 0, 0, 0),
(8846, 198, 27, 0, 0, 0, 0, 0, 0),
(8847, 197, 27, 0, 0, 0, 0, 0, 0),
(8848, 196, 27, 0, 0, 0, 0, 0, 0),
(8849, 195, 27, 0, 0, 0, 0, 0, 0),
(8850, 172, 27, 0, 0, 0, 0, 0, 0),
(8851, 173, 27, 0, 0, 0, 0, 0, 0),
(8852, 171, 27, 0, 0, 0, 0, 0, 0),
(8853, 169, 27, 0, 0, 0, 0, 0, 0),
(8854, 170, 27, 0, 0, 0, 0, 0, 0),
(8855, 179, 27, 0, 0, 0, 0, 0, 0),
(8856, 178, 27, 0, 0, 0, 0, 0, 0),
(8857, 177, 27, 0, 0, 0, 0, 0, 0),
(8858, 176, 27, 0, 0, 0, 0, 0, 0),
(8859, 175, 27, 0, 0, 0, 0, 0, 0),
(8860, 174, 27, 0, 0, 0, 0, 0, 0),
(8861, 21, 27, 0, 0, 0, 0, 0, 0),
(8862, 182, 27, 0, 0, 0, 0, 0, 0),
(8863, 111, 27, 0, 0, 0, 0, 0, 0),
(8864, 96, 27, 0, 0, 0, 0, 0, 0),
(8865, 30, 27, 0, 0, 0, 0, 0, 0),
(8866, 117, 27, 0, 0, 0, 0, 0, 0),
(8867, 116, 27, 0, 0, 0, 0, 0, 0),
(8868, 81, 27, 0, 0, 0, 0, 0, 0),
(8869, 73, 27, 0, 0, 0, 0, 0, 0),
(8870, 72, 27, 0, 0, 0, 0, 0, 0),
(8871, 71, 27, 0, 0, 0, 0, 0, 0),
(8872, 32, 27, 0, 0, 0, 0, 0, 0),
(8873, 31, 27, 0, 0, 0, 0, 0, 0),
(8874, 74, 27, 0, 0, 0, 0, 0, 0),
(8875, 75, 27, 0, 0, 0, 0, 0, 0),
(8876, 76, 27, 0, 0, 0, 0, 0, 0),
(8877, 77, 27, 0, 0, 0, 0, 0, 0),
(8878, 78, 27, 0, 0, 0, 0, 0, 0),
(8879, 79, 27, 0, 0, 0, 0, 0, 0),
(8880, 33, 27, 0, 0, 0, 0, 0, 0),
(8881, 92, 27, 0, 0, 0, 0, 0, 0),
(8882, 83, 27, 0, 0, 0, 0, 0, 0),
(8883, 45, 27, 0, 0, 0, 0, 0, 0),
(8884, 22, 27, 0, 0, 0, 0, 0, 0),
(8885, 28, 27, 0, 0, 0, 0, 0, 0),
(8886, 23, 27, 0, 0, 0, 0, 0, 0),
(8887, 25, 27, 0, 0, 0, 0, 0, 0),
(8888, 27, 27, 0, 0, 0, 0, 0, 0),
(8889, 151, 27, 0, 0, 0, 0, 0, 0),
(8890, 42, 27, 0, 0, 0, 0, 0, 0),
(8891, 43, 27, 0, 0, 0, 0, 0, 0),
(8892, 40, 27, 0, 0, 0, 0, 0, 0),
(8893, 46, 27, 0, 0, 0, 0, 0, 0),
(8894, 180, 27, 0, 0, 0, 0, 0, 0),
(8895, 44, 27, 0, 0, 0, 0, 0, 0),
(8896, 26, 27, 0, 0, 0, 0, 0, 0),
(8897, 24, 27, 0, 0, 0, 0, 0, 0),
(8898, 41, 27, 0, 0, 0, 0, 0, 0),
(8899, 29, 27, 0, 0, 0, 0, 0, 0),
(8900, 35, 27, 0, 0, 0, 0, 0, 0),
(8901, 37, 27, 0, 0, 0, 0, 0, 0),
(8902, 65, 27, 0, 0, 0, 0, 0, 0),
(8903, 66, 27, 0, 0, 0, 0, 0, 0),
(8904, 67, 27, 0, 0, 0, 0, 0, 0),
(8905, 68, 27, 0, 0, 0, 0, 0, 0),
(8906, 69, 27, 0, 0, 0, 0, 0, 0),
(8907, 86, 27, 0, 0, 0, 0, 0, 0),
(8908, 34, 27, 0, 0, 0, 0, 0, 0),
(8909, 168, 27, 0, 0, 0, 0, 0, 0),
(8910, 167, 27, 0, 0, 0, 0, 0, 0),
(8911, 166, 27, 0, 0, 0, 0, 0, 0),
(8912, 135, 27, 0, 0, 0, 0, 0, 0),
(8913, 140, 27, 0, 0, 0, 0, 0, 0),
(8914, 139, 27, 0, 0, 0, 0, 0, 0),
(8915, 183, 27, 0, 0, 0, 0, 0, 0),
(8916, 134, 27, 0, 0, 0, 0, 0, 0),
(8917, 133, 27, 0, 0, 0, 0, 0, 0),
(8918, 132, 27, 0, 0, 0, 0, 0, 0),
(8919, 131, 27, 0, 0, 0, 0, 0, 0),
(8920, 130, 27, 0, 0, 0, 0, 0, 0),
(8921, 157, 27, 0, 0, 0, 0, 0, 0),
(8922, 158, 27, 0, 0, 0, 0, 0, 0),
(8923, 48, 27, 0, 0, 0, 0, 0, 0),
(8924, 49, 27, 0, 0, 0, 0, 0, 0),
(8925, 156, 27, 0, 0, 0, 0, 0, 0),
(8926, 154, 27, 0, 0, 0, 0, 0, 0),
(8927, 153, 27, 0, 0, 0, 0, 0, 0),
(8928, 146, 27, 0, 0, 0, 0, 0, 0),
(8929, 145, 27, 0, 0, 0, 0, 0, 0),
(8930, 144, 27, 0, 0, 0, 0, 0, 0),
(8931, 143, 27, 0, 0, 0, 0, 0, 0),
(8932, 142, 27, 0, 0, 0, 0, 0, 0),
(8933, 141, 27, 0, 0, 0, 0, 0, 0),
(8934, 127, 27, 0, 0, 0, 0, 0, 0),
(8935, 126, 27, 0, 0, 0, 0, 0, 0),
(8936, 84, 27, 0, 0, 0, 0, 0, 0),
(8937, 125, 27, 0, 0, 0, 0, 0, 0),
(8938, 50, 27, 0, 0, 0, 0, 0, 0),
(8939, 56, 27, 0, 0, 0, 0, 0, 0),
(8940, 181, 27, 0, 0, 0, 0, 0, 0),
(8941, 60, 27, 0, 0, 0, 0, 0, 0),
(8942, 59, 27, 0, 0, 0, 0, 0, 0),
(8943, 54, 27, 0, 0, 0, 0, 0, 0),
(8944, 55, 27, 0, 0, 0, 0, 0, 0),
(8945, 53, 27, 0, 0, 0, 0, 0, 0),
(8946, 51, 27, 0, 0, 0, 0, 0, 0),
(8947, 62, 27, 0, 0, 0, 0, 0, 0),
(8948, 61, 27, 0, 0, 0, 0, 0, 0),
(8949, 57, 27, 0, 0, 0, 0, 0, 0),
(8950, 52, 27, 0, 0, 0, 0, 0, 0),
(8951, 64, 27, 0, 0, 0, 0, 0, 0),
(8952, 58, 27, 0, 0, 0, 0, 0, 0),
(8953, 147, 27, 0, 0, 0, 0, 0, 0),
(8954, 148, 27, 0, 0, 0, 0, 0, 0),
(8955, 149, 27, 0, 0, 0, 0, 0, 0),
(8956, 7, 27, 0, 0, 0, 0, 0, 0),
(8957, 8, 27, 0, 0, 0, 0, 0, 0),
(8958, 16, 27, 0, 0, 0, 0, 0, 0),
(8959, 17, 27, 0, 0, 0, 0, 0, 0),
(8960, 47, 27, 0, 0, 0, 0, 0, 0),
(8961, 106, 27, 0, 0, 0, 0, 0, 0),
(8962, 107, 27, 0, 0, 0, 0, 0, 0),
(8963, 118, 27, 0, 0, 0, 0, 0, 0),
(8964, 119, 27, 0, 0, 0, 0, 0, 0),
(8965, 120, 27, 0, 0, 0, 0, 0, 0),
(8966, 121, 27, 0, 0, 0, 0, 0, 0),
(8967, 122, 27, 0, 0, 0, 0, 0, 0),
(8968, 123, 27, 0, 0, 0, 0, 0, 0),
(8969, 136, 27, 0, 0, 0, 0, 0, 0),
(8970, 137, 27, 0, 0, 0, 0, 0, 0),
(8971, 191, 27, 0, 0, 0, 0, 0, 0),
(8972, 192, 27, 0, 0, 0, 0, 0, 0),
(8973, 193, 27, 0, 0, 0, 0, 0, 0),
(8974, 201, 27, 0, 0, 0, 0, 0, 0),
(8975, 202, 27, 0, 0, 0, 0, 0, 0),
(8976, 203, 27, 0, 0, 0, 0, 0, 0),
(8977, 204, 27, 0, 0, 0, 0, 0, 0),
(8978, 205, 27, 0, 0, 0, 0, 0, 0),
(8979, 206, 27, 0, 0, 0, 0, 0, 0),
(8980, 207, 27, 0, 0, 0, 0, 0, 0),
(8981, 208, 27, 1, 1, 1, 1, 1, 1),
(9788, 12, 28, 0, 0, 0, 0, 0, 0),
(9789, 1, 28, 0, 0, 0, 0, 0, 0),
(9790, 80, 28, 0, 0, 0, 0, 0, 0),
(9791, 124, 28, 0, 0, 0, 0, 0, 0),
(9792, 2, 28, 0, 0, 0, 0, 0, 0),
(9793, 3, 28, 0, 0, 0, 0, 0, 0),
(9794, 4, 28, 0, 0, 0, 0, 0, 0),
(9795, 9, 28, 0, 0, 0, 0, 0, 0),
(9796, 11, 28, 0, 0, 0, 0, 0, 0),
(9797, 97, 28, 0, 0, 0, 0, 0, 0),
(9798, 10, 28, 0, 0, 0, 0, 0, 0),
(9799, 200, 28, 0, 0, 0, 0, 0, 0),
(9800, 160, 28, 0, 0, 0, 0, 0, 0),
(9801, 186, 28, 0, 0, 0, 0, 0, 0),
(9802, 185, 28, 0, 0, 0, 0, 0, 0),
(9803, 184, 28, 0, 0, 0, 0, 0, 0),
(9804, 164, 28, 0, 0, 0, 0, 0, 0),
(9805, 165, 28, 0, 0, 0, 0, 0, 0),
(9806, 163, 28, 0, 0, 0, 0, 0, 0),
(9807, 190, 28, 0, 0, 0, 0, 0, 0),
(9808, 189, 28, 0, 0, 0, 0, 0, 0),
(9809, 188, 28, 0, 0, 0, 0, 0, 0),
(9810, 187, 28, 0, 0, 0, 0, 0, 0),
(9811, 199, 28, 0, 0, 0, 0, 0, 0),
(9812, 198, 28, 0, 0, 0, 0, 0, 0),
(9813, 197, 28, 0, 0, 0, 0, 0, 0),
(9814, 196, 28, 0, 0, 0, 0, 0, 0),
(9815, 195, 28, 0, 0, 0, 0, 0, 0),
(9816, 172, 28, 0, 0, 0, 0, 0, 0),
(9817, 173, 28, 0, 0, 0, 0, 0, 0),
(9818, 171, 28, 0, 0, 0, 0, 0, 0),
(9819, 169, 28, 0, 0, 0, 0, 0, 0),
(9820, 170, 28, 0, 0, 0, 0, 0, 0),
(9821, 179, 28, 0, 0, 0, 0, 0, 0),
(9822, 178, 28, 0, 0, 0, 0, 0, 0),
(9823, 177, 28, 0, 0, 0, 0, 0, 0),
(9824, 176, 28, 0, 0, 0, 0, 0, 0),
(9825, 175, 28, 0, 0, 0, 0, 0, 0),
(9826, 174, 28, 0, 0, 0, 0, 0, 0),
(9827, 21, 28, 0, 0, 0, 0, 0, 0),
(9828, 182, 28, 0, 0, 0, 0, 0, 0),
(9829, 111, 28, 0, 0, 0, 0, 0, 0),
(9830, 96, 28, 0, 0, 0, 0, 0, 0),
(9831, 30, 28, 0, 0, 0, 0, 0, 0),
(9832, 117, 28, 0, 0, 0, 0, 0, 0),
(9833, 116, 28, 0, 0, 0, 0, 0, 0),
(9834, 81, 28, 0, 0, 0, 0, 0, 0),
(9835, 73, 28, 0, 0, 0, 0, 0, 0),
(9836, 72, 28, 0, 0, 0, 0, 0, 0),
(9837, 71, 28, 0, 0, 0, 0, 0, 0),
(9838, 32, 28, 0, 0, 0, 0, 0, 0),
(9839, 31, 28, 0, 0, 0, 0, 0, 0),
(9840, 74, 28, 0, 0, 0, 0, 0, 0),
(9841, 75, 28, 0, 0, 0, 0, 0, 0),
(9842, 76, 28, 0, 0, 0, 0, 0, 0),
(9843, 77, 28, 0, 0, 0, 0, 0, 0),
(9844, 78, 28, 0, 0, 0, 0, 0, 0),
(9845, 79, 28, 0, 0, 0, 0, 0, 0),
(9846, 33, 28, 0, 0, 0, 0, 0, 0),
(9847, 35, 28, 0, 0, 0, 0, 0, 0),
(9848, 37, 28, 0, 0, 0, 0, 0, 0),
(9849, 65, 28, 0, 0, 0, 0, 0, 0),
(9850, 66, 28, 0, 0, 0, 0, 0, 0),
(9851, 67, 28, 0, 0, 0, 0, 0, 0),
(9852, 68, 28, 0, 0, 0, 0, 0, 0),
(9853, 69, 28, 0, 0, 0, 0, 0, 0),
(9854, 86, 28, 0, 0, 0, 0, 0, 0),
(9855, 34, 28, 0, 0, 0, 0, 0, 0),
(9856, 168, 28, 0, 0, 0, 0, 0, 0),
(9857, 167, 28, 0, 0, 0, 0, 0, 0),
(9858, 166, 28, 0, 0, 0, 0, 0, 0),
(9859, 135, 28, 0, 0, 0, 0, 0, 0),
(9860, 140, 28, 0, 0, 0, 0, 0, 0),
(9861, 139, 28, 0, 0, 0, 0, 0, 0),
(9862, 183, 28, 0, 0, 0, 0, 0, 0),
(9863, 134, 28, 0, 0, 0, 0, 0, 0),
(9864, 133, 28, 0, 0, 0, 0, 0, 0),
(9865, 132, 28, 0, 0, 0, 0, 0, 0),
(9866, 131, 28, 0, 0, 0, 0, 0, 0),
(9867, 130, 28, 0, 0, 0, 0, 0, 0),
(9868, 157, 28, 0, 0, 0, 0, 0, 0),
(9869, 158, 28, 0, 0, 0, 0, 0, 0),
(9870, 48, 28, 0, 0, 0, 0, 0, 0),
(9871, 49, 28, 0, 0, 0, 0, 0, 0),
(9872, 7, 28, 0, 0, 0, 0, 0, 0),
(9873, 8, 28, 0, 0, 0, 0, 0, 0),
(9874, 16, 28, 0, 0, 0, 0, 0, 0),
(9875, 17, 28, 0, 0, 0, 0, 0, 0),
(9876, 47, 28, 0, 0, 0, 0, 0, 0),
(9877, 106, 28, 0, 0, 0, 0, 0, 0),
(9878, 107, 28, 0, 0, 0, 0, 0, 0),
(9879, 118, 28, 0, 0, 0, 0, 0, 0),
(9880, 119, 28, 0, 0, 0, 0, 0, 0),
(9881, 120, 28, 0, 0, 0, 0, 0, 0),
(9882, 121, 28, 0, 0, 0, 0, 0, 0),
(9883, 122, 28, 0, 0, 0, 0, 0, 0),
(9884, 123, 28, 0, 0, 0, 0, 0, 0),
(9885, 201, 28, 0, 0, 0, 0, 0, 0),
(9886, 202, 28, 0, 0, 0, 0, 0, 0),
(9887, 203, 28, 0, 0, 0, 0, 0, 0),
(9888, 204, 28, 0, 0, 0, 0, 0, 0),
(9889, 205, 28, 0, 0, 0, 0, 0, 0),
(9890, 206, 28, 0, 0, 0, 0, 0, 0),
(9891, 207, 28, 0, 0, 0, 0, 0, 0),
(9892, 208, 28, 0, 0, 0, 0, 0, 0),
(9893, 209, 28, 1, 1, 1, 1, 1, 1),
(9894, 210, 28, 1, 1, 1, 1, 1, 1),
(9895, 211, 28, 1, 1, 1, 1, 1, 1),
(9896, 212, 28, 1, 1, 1, 1, 1, 1),
(9897, 213, 28, 1, 1, 1, 1, 1, 1),
(9898, 214, 28, 1, 1, 1, 1, 1, 1),
(9899, 215, 28, 1, 1, 1, 1, 1, 1),
(9900, 216, 28, 1, 1, 1, 1, 1, 1),
(9901, 217, 28, 1, 1, 1, 1, 1, 1),
(9902, 218, 28, 1, 1, 1, 1, 1, 1),
(9903, 219, 28, 1, 1, 1, 1, 1, 1),
(9904, 220, 28, 1, 1, 1, 1, 1, 1),
(9905, 221, 28, 1, 1, 1, 1, 1, 1),
(9906, 222, 28, 1, 1, 1, 1, 1, 1),
(9907, 223, 28, 1, 1, 1, 1, 1, 1),
(9908, 224, 28, 1, 1, 1, 1, 1, 1),
(9909, 225, 28, 1, 1, 1, 1, 1, 1),
(9910, 226, 28, 1, 1, 1, 1, 1, 1),
(9911, 227, 28, 1, 1, 1, 1, 1, 1),
(9912, 228, 28, 1, 1, 1, 1, 1, 1),
(9913, 229, 28, 1, 1, 1, 1, 1, 1),
(9914, 230, 28, 1, 1, 1, 1, 1, 1),
(9915, 231, 28, 1, 1, 1, 1, 1, 1),
(10498, 12, 25, 0, 0, 0, 0, 0, 0),
(10499, 1, 25, 0, 0, 0, 0, 0, 0),
(10500, 80, 25, 0, 0, 0, 0, 0, 0),
(10501, 124, 25, 0, 0, 0, 0, 0, 0),
(10502, 2, 25, 0, 0, 0, 0, 0, 0),
(10503, 3, 25, 0, 0, 0, 0, 0, 0),
(10504, 4, 25, 0, 0, 0, 0, 0, 0),
(10505, 9, 25, 0, 0, 0, 0, 0, 0),
(10506, 255, 25, 0, 0, 0, 0, 0, 0),
(10507, 188, 25, 0, 0, 0, 0, 0, 0),
(10508, 246, 25, 0, 0, 0, 0, 0, 0),
(10509, 245, 25, 0, 0, 0, 0, 0, 0),
(10510, 200, 25, 0, 0, 0, 0, 0, 0),
(10511, 184, 25, 0, 0, 0, 0, 0, 0),
(10512, 187, 25, 0, 0, 0, 0, 0, 0),
(10513, 186, 25, 0, 0, 0, 0, 0, 0),
(10514, 185, 25, 0, 0, 0, 0, 0, 0),
(10515, 256, 25, 0, 0, 0, 0, 0, 0),
(10516, 257, 25, 0, 0, 0, 0, 0, 0),
(10517, 258, 25, 0, 0, 0, 0, 0, 0),
(10518, 267, 25, 0, 0, 0, 0, 0, 0),
(10519, 268, 25, 0, 0, 0, 0, 0, 0),
(10520, 269, 25, 0, 0, 0, 0, 0, 0),
(10521, 270, 25, 0, 0, 0, 0, 0, 0),
(10522, 96, 25, 0, 0, 0, 0, 0, 0),
(10523, 30, 25, 0, 0, 0, 0, 0, 0),
(10524, 31, 25, 0, 0, 0, 0, 0, 0),
(10525, 32, 25, 0, 0, 0, 0, 0, 0),
(10526, 71, 25, 0, 0, 0, 0, 0, 0),
(10527, 72, 25, 0, 0, 0, 0, 0, 0),
(10528, 73, 25, 0, 0, 0, 0, 0, 0),
(10529, 81, 25, 0, 0, 0, 0, 0, 0),
(10530, 116, 25, 0, 0, 0, 0, 0, 0),
(10531, 117, 25, 0, 0, 0, 0, 0, 0),
(10532, 33, 25, 0, 0, 0, 0, 0, 0),
(10533, 75, 25, 0, 0, 0, 0, 0, 0),
(10534, 76, 25, 0, 0, 0, 0, 0, 0),
(10535, 77, 25, 0, 0, 0, 0, 0, 0),
(10536, 78, 25, 0, 0, 0, 0, 0, 0),
(10537, 79, 25, 0, 0, 0, 0, 0, 0),
(10538, 68, 25, 0, 0, 0, 0, 0, 0),
(10539, 69, 25, 0, 0, 0, 0, 0, 0),
(10540, 135, 25, 0, 0, 0, 0, 0, 0),
(10541, 166, 25, 0, 0, 0, 0, 0, 0),
(10542, 167, 25, 0, 0, 0, 0, 0, 0),
(10543, 130, 25, 0, 0, 0, 0, 0, 0),
(10544, 133, 25, 0, 0, 0, 0, 0, 0),
(10545, 134, 25, 0, 0, 0, 0, 0, 0),
(10546, 106, 25, 0, 0, 0, 0, 0, 0),
(10547, 107, 25, 0, 0, 0, 0, 0, 0),
(10548, 118, 25, 0, 0, 0, 0, 0, 0),
(10549, 119, 25, 0, 0, 0, 0, 0, 0),
(10550, 201, 25, 0, 0, 0, 0, 0, 0),
(10551, 202, 25, 0, 0, 0, 0, 0, 0),
(10552, 203, 25, 0, 0, 0, 0, 0, 0),
(10553, 204, 25, 0, 0, 0, 0, 0, 0),
(10554, 205, 25, 0, 0, 0, 0, 0, 0),
(10555, 206, 25, 1, 1, 1, 1, 1, 1),
(10556, 207, 25, 0, 0, 0, 0, 0, 0),
(10557, 208, 25, 0, 0, 0, 0, 0, 0),
(10558, 271, 25, 1, 1, 1, 1, 1, 1),
(10559, 209, 25, 0, 0, 0, 0, 0, 0),
(10560, 210, 25, 0, 0, 0, 0, 0, 0),
(10561, 211, 25, 0, 0, 0, 0, 0, 0),
(10562, 212, 25, 0, 0, 0, 0, 0, 0),
(10563, 213, 25, 0, 0, 0, 0, 0, 0),
(10564, 214, 25, 0, 0, 0, 0, 0, 0),
(10565, 215, 25, 0, 0, 0, 0, 0, 0),
(10566, 216, 25, 0, 0, 0, 0, 0, 0),
(10567, 217, 25, 0, 0, 0, 0, 0, 0),
(10568, 218, 25, 0, 0, 0, 0, 0, 0),
(10569, 219, 25, 0, 0, 0, 0, 0, 0),
(10570, 220, 25, 0, 0, 0, 0, 0, 0),
(10571, 221, 25, 0, 0, 0, 0, 0, 0),
(10572, 222, 25, 0, 0, 0, 0, 0, 0),
(10573, 223, 25, 0, 0, 0, 0, 0, 0),
(10574, 224, 25, 0, 0, 0, 0, 0, 0),
(10575, 225, 25, 0, 0, 0, 0, 0, 0),
(10576, 226, 25, 0, 0, 0, 0, 0, 0),
(10577, 227, 25, 0, 0, 0, 0, 0, 0),
(10578, 228, 25, 0, 0, 0, 0, 0, 0),
(10579, 229, 25, 0, 0, 0, 0, 0, 0),
(10580, 230, 25, 0, 0, 0, 0, 0, 0),
(10581, 231, 25, 0, 0, 0, 0, 0, 0),
(10582, 232, 25, 0, 0, 0, 0, 0, 0),
(10583, 233, 25, 0, 0, 0, 0, 0, 0),
(10584, 234, 25, 0, 0, 0, 0, 0, 0),
(10585, 235, 25, 0, 0, 0, 0, 0, 0),
(10586, 236, 25, 0, 0, 0, 0, 0, 0),
(10587, 237, 25, 0, 0, 0, 0, 0, 0),
(10588, 238, 25, 0, 0, 0, 0, 0, 0),
(10589, 239, 25, 0, 0, 0, 0, 0, 0),
(10590, 240, 25, 0, 0, 0, 0, 0, 0),
(10591, 241, 25, 0, 0, 0, 0, 0, 0),
(10592, 242, 25, 0, 0, 0, 0, 0, 0),
(10593, 243, 25, 0, 0, 0, 0, 0, 0),
(10594, 244, 25, 0, 0, 0, 0, 0, 0),
(10595, 12, 33, 0, 0, 0, 0, 0, 0),
(10596, 1, 33, 0, 0, 0, 0, 0, 0),
(10597, 80, 33, 0, 0, 0, 0, 0, 0),
(10598, 124, 33, 0, 0, 0, 0, 0, 0),
(10599, 2, 33, 0, 0, 0, 0, 0, 0),
(10600, 3, 33, 0, 0, 0, 0, 0, 0),
(10601, 4, 33, 0, 0, 0, 0, 0, 0),
(10602, 9, 33, 0, 0, 0, 0, 0, 0),
(10603, 255, 33, 0, 0, 0, 0, 0, 0),
(10604, 188, 33, 0, 0, 0, 0, 0, 0),
(10605, 246, 33, 0, 0, 0, 0, 0, 0),
(10606, 245, 33, 0, 0, 0, 0, 0, 0),
(10607, 200, 33, 0, 0, 0, 0, 0, 0),
(10608, 184, 33, 0, 0, 0, 0, 0, 0),
(10609, 187, 33, 0, 0, 0, 0, 0, 0),
(10610, 186, 33, 0, 0, 0, 0, 0, 0),
(10611, 185, 33, 0, 0, 0, 0, 0, 0),
(10612, 256, 33, 0, 0, 0, 0, 0, 0),
(10613, 257, 33, 0, 0, 0, 0, 0, 0),
(10614, 258, 33, 0, 0, 0, 0, 0, 0),
(10615, 267, 33, 0, 0, 0, 0, 0, 0),
(10616, 268, 33, 0, 0, 0, 0, 0, 0),
(10617, 269, 33, 0, 0, 0, 0, 0, 0),
(10618, 270, 33, 0, 0, 0, 0, 0, 0),
(10619, 96, 33, 0, 0, 0, 0, 0, 0),
(10620, 30, 33, 0, 0, 0, 0, 0, 0),
(10621, 31, 33, 0, 0, 0, 0, 0, 0),
(10622, 32, 33, 0, 0, 0, 0, 0, 0),
(10623, 71, 33, 0, 0, 0, 0, 0, 0),
(10624, 72, 33, 0, 0, 0, 0, 0, 0),
(10625, 73, 33, 0, 0, 0, 0, 0, 0),
(10626, 81, 33, 0, 0, 0, 0, 0, 0),
(10627, 116, 33, 0, 0, 0, 0, 0, 0),
(10628, 117, 33, 0, 0, 0, 0, 0, 0),
(10629, 33, 33, 0, 0, 0, 0, 0, 0),
(10630, 75, 33, 0, 0, 0, 0, 0, 0),
(10631, 76, 33, 0, 0, 0, 0, 0, 0),
(10632, 77, 33, 0, 0, 0, 0, 0, 0),
(10633, 78, 33, 0, 0, 0, 0, 0, 0),
(10634, 79, 33, 0, 0, 0, 0, 0, 0),
(10635, 68, 33, 0, 0, 0, 0, 0, 0),
(10636, 69, 33, 0, 0, 0, 0, 0, 0),
(10637, 135, 33, 0, 0, 0, 0, 0, 0),
(10638, 166, 33, 0, 0, 0, 0, 0, 0),
(10639, 167, 33, 0, 0, 0, 0, 0, 0),
(10640, 130, 33, 0, 0, 0, 0, 0, 0),
(10641, 133, 33, 0, 0, 0, 0, 0, 0),
(10642, 134, 33, 0, 0, 0, 0, 0, 0),
(10643, 106, 33, 0, 0, 0, 0, 0, 0),
(10644, 107, 33, 0, 0, 0, 0, 0, 0),
(10645, 118, 33, 0, 0, 0, 0, 0, 0),
(10646, 119, 33, 0, 0, 0, 0, 0, 0),
(10647, 201, 33, 0, 0, 0, 0, 0, 0),
(10648, 202, 33, 0, 0, 0, 0, 0, 0),
(10649, 203, 33, 0, 0, 0, 0, 0, 0),
(10650, 204, 33, 0, 0, 0, 0, 0, 0),
(10651, 205, 33, 0, 0, 0, 0, 0, 0),
(10652, 206, 33, 0, 0, 0, 0, 0, 0),
(10653, 207, 33, 0, 0, 0, 0, 0, 0),
(10654, 208, 33, 0, 0, 0, 0, 0, 0),
(10655, 271, 33, 0, 0, 0, 0, 0, 0),
(10656, 209, 33, 0, 0, 0, 0, 0, 0),
(10657, 210, 33, 0, 0, 0, 0, 0, 0),
(10658, 211, 33, 0, 0, 0, 0, 0, 0),
(10659, 212, 33, 0, 0, 0, 0, 0, 0),
(10660, 213, 33, 0, 0, 0, 0, 0, 0),
(10661, 214, 33, 1, 1, 1, 1, 1, 1),
(10662, 215, 33, 1, 1, 1, 1, 1, 1),
(10663, 216, 33, 1, 1, 1, 1, 1, 1),
(10664, 217, 33, 1, 1, 1, 1, 1, 1),
(10665, 218, 33, 1, 1, 1, 1, 1, 1),
(10666, 219, 33, 0, 0, 0, 0, 0, 0),
(10667, 220, 33, 0, 0, 0, 0, 0, 0),
(10668, 221, 33, 0, 0, 0, 0, 0, 0),
(10669, 222, 33, 0, 0, 0, 0, 0, 0),
(10670, 223, 33, 1, 1, 1, 1, 1, 1),
(10671, 224, 33, 1, 1, 1, 1, 1, 1),
(10672, 225, 33, 1, 1, 1, 1, 1, 1),
(10673, 226, 33, 1, 1, 1, 1, 1, 1),
(10674, 227, 33, 1, 1, 1, 1, 1, 1),
(10675, 228, 33, 1, 1, 1, 1, 1, 1),
(10676, 229, 33, 1, 1, 1, 1, 1, 1),
(10677, 230, 33, 1, 1, 1, 1, 1, 1),
(10678, 231, 33, 1, 1, 1, 1, 1, 1),
(10679, 232, 33, 0, 0, 0, 0, 0, 0),
(10680, 233, 33, 0, 0, 0, 0, 0, 0),
(10681, 234, 33, 0, 0, 0, 0, 0, 0),
(10682, 235, 33, 0, 0, 0, 0, 0, 0),
(10683, 236, 33, 0, 0, 0, 0, 0, 0),
(10684, 237, 33, 0, 0, 0, 0, 0, 0),
(10685, 238, 33, 0, 0, 0, 0, 0, 0),
(10686, 239, 33, 0, 0, 0, 0, 0, 0),
(10687, 240, 33, 0, 0, 0, 0, 0, 0),
(10688, 241, 33, 0, 0, 0, 0, 0, 0),
(10689, 242, 33, 0, 0, 0, 0, 0, 0),
(10690, 243, 33, 0, 0, 0, 0, 0, 0),
(10691, 244, 33, 0, 0, 0, 0, 0, 0),
(10692, 12, 4, 0, 0, 0, 0, 0, 0),
(10693, 1, 4, 0, 0, 0, 0, 0, 0),
(10694, 80, 4, 0, 0, 0, 0, 0, 0),
(10695, 124, 4, 0, 0, 0, 0, 0, 0),
(10696, 2, 4, 0, 0, 0, 0, 0, 0),
(10697, 3, 4, 0, 0, 0, 0, 0, 0),
(10698, 4, 4, 0, 0, 0, 0, 0, 0),
(10699, 9, 4, 0, 0, 0, 0, 0, 0),
(10700, 255, 4, 0, 0, 0, 0, 0, 0),
(10701, 188, 4, 0, 0, 0, 0, 0, 0),
(10702, 246, 4, 0, 0, 0, 0, 0, 0),
(10703, 245, 4, 0, 0, 0, 0, 0, 0),
(10704, 200, 4, 0, 0, 0, 0, 0, 0),
(10705, 184, 4, 0, 0, 0, 0, 0, 0),
(10706, 187, 4, 0, 0, 0, 0, 0, 0),
(10707, 186, 4, 0, 0, 0, 0, 0, 0),
(10708, 185, 4, 0, 0, 0, 0, 0, 0),
(10709, 256, 4, 0, 0, 0, 0, 0, 0),
(10710, 257, 4, 0, 0, 0, 0, 0, 0),
(10711, 258, 4, 0, 0, 0, 0, 0, 0),
(10712, 267, 4, 0, 0, 0, 0, 0, 0),
(10713, 268, 4, 0, 0, 0, 0, 0, 0),
(10714, 269, 4, 0, 0, 0, 0, 0, 0),
(10715, 270, 4, 0, 0, 0, 0, 0, 0),
(10716, 96, 4, 1, 1, 1, 1, 1, 1),
(10717, 30, 4, 1, 1, 1, 1, 1, 1),
(10718, 31, 4, 1, 1, 1, 1, 1, 1),
(10719, 32, 4, 1, 1, 1, 1, 1, 1),
(10720, 71, 4, 1, 1, 1, 1, 1, 1),
(10721, 72, 4, 1, 1, 1, 1, 1, 1),
(10722, 73, 4, 1, 1, 1, 1, 1, 1),
(10723, 81, 4, 1, 1, 1, 1, 1, 1),
(10724, 116, 4, 1, 1, 1, 1, 1, 1),
(10725, 117, 4, 1, 1, 1, 1, 1, 1),
(10726, 33, 4, 1, 1, 1, 1, 1, 1),
(10727, 75, 4, 1, 1, 1, 1, 1, 1),
(10728, 76, 4, 1, 1, 1, 1, 1, 1),
(10729, 77, 4, 1, 1, 1, 1, 1, 1),
(10730, 78, 4, 1, 1, 1, 1, 1, 1),
(10731, 79, 4, 1, 1, 1, 1, 1, 1),
(10732, 68, 4, 0, 0, 0, 0, 0, 0),
(10733, 69, 4, 0, 0, 0, 0, 0, 0),
(10734, 135, 4, 0, 0, 0, 0, 0, 0),
(10735, 166, 4, 0, 0, 0, 0, 0, 0),
(10736, 167, 4, 0, 0, 0, 0, 0, 0),
(10737, 130, 4, 0, 0, 0, 0, 0, 0),
(10738, 133, 4, 0, 0, 0, 0, 0, 0),
(10739, 134, 4, 0, 0, 0, 0, 0, 0),
(10740, 106, 4, 0, 0, 0, 0, 0, 0),
(10741, 107, 4, 0, 0, 0, 0, 0, 0),
(10742, 118, 4, 0, 0, 0, 0, 0, 0),
(10743, 119, 4, 0, 0, 0, 0, 0, 0),
(10744, 201, 4, 0, 0, 0, 0, 0, 0),
(10745, 202, 4, 0, 0, 0, 0, 0, 0),
(10746, 203, 4, 0, 0, 0, 0, 0, 0),
(10747, 204, 4, 0, 0, 0, 0, 0, 0),
(10748, 205, 4, 0, 0, 0, 0, 0, 0),
(10749, 206, 4, 0, 0, 0, 0, 0, 0),
(10750, 207, 4, 0, 0, 0, 0, 0, 0),
(10751, 208, 4, 0, 0, 0, 0, 0, 0),
(10752, 271, 4, 0, 0, 0, 0, 0, 0),
(10753, 209, 4, 0, 0, 0, 0, 0, 0),
(10754, 210, 4, 0, 0, 0, 0, 0, 0),
(10755, 211, 4, 0, 0, 0, 0, 0, 0),
(10756, 212, 4, 0, 0, 0, 0, 0, 0),
(10757, 213, 4, 0, 0, 0, 0, 0, 0),
(10758, 214, 4, 0, 0, 0, 0, 0, 0),
(10759, 215, 4, 0, 0, 0, 0, 0, 0),
(10760, 216, 4, 0, 0, 0, 0, 0, 0),
(10761, 217, 4, 0, 0, 0, 0, 0, 0),
(10762, 218, 4, 0, 0, 0, 0, 0, 0),
(10763, 219, 4, 0, 0, 0, 0, 0, 0),
(10764, 220, 4, 0, 0, 0, 0, 0, 0),
(10765, 221, 4, 0, 0, 0, 0, 0, 0),
(10766, 222, 4, 0, 0, 0, 0, 0, 0),
(10767, 223, 4, 0, 0, 0, 0, 0, 0),
(10768, 224, 4, 0, 0, 0, 0, 0, 0),
(10769, 225, 4, 0, 0, 0, 0, 0, 0),
(10770, 226, 4, 0, 0, 0, 0, 0, 0),
(10771, 227, 4, 0, 0, 0, 0, 0, 0),
(10772, 228, 4, 0, 0, 0, 0, 0, 0),
(10773, 229, 4, 0, 0, 0, 0, 0, 0),
(10774, 230, 4, 0, 0, 0, 0, 0, 0),
(10775, 231, 4, 0, 0, 0, 0, 0, 0),
(10776, 232, 4, 0, 0, 0, 0, 0, 0),
(10777, 233, 4, 0, 0, 0, 0, 0, 0),
(10778, 234, 4, 0, 0, 0, 0, 0, 0),
(10779, 235, 4, 0, 0, 0, 0, 0, 0),
(10780, 236, 4, 0, 0, 0, 0, 0, 0),
(10781, 237, 4, 0, 0, 0, 0, 0, 0),
(10782, 238, 4, 0, 0, 0, 0, 0, 0),
(10783, 239, 4, 0, 0, 0, 0, 0, 0),
(10784, 240, 4, 0, 0, 0, 0, 0, 0),
(10785, 241, 4, 0, 0, 0, 0, 0, 0),
(10786, 242, 4, 0, 0, 0, 0, 0, 0),
(10787, 243, 4, 0, 0, 0, 0, 0, 0),
(10788, 244, 4, 0, 0, 0, 0, 0, 0),
(10789, 12, 34, 0, 0, 0, 0, 0, 0),
(10790, 1, 34, 0, 0, 0, 0, 0, 0),
(10791, 80, 34, 0, 0, 0, 0, 0, 0),
(10792, 124, 34, 0, 0, 0, 0, 0, 0),
(10793, 2, 34, 0, 0, 0, 0, 0, 0),
(10794, 3, 34, 0, 0, 0, 0, 0, 0),
(10795, 4, 34, 0, 0, 0, 0, 0, 0),
(10796, 9, 34, 0, 0, 0, 0, 0, 0),
(10797, 255, 34, 0, 0, 0, 0, 0, 0),
(10798, 188, 34, 0, 0, 0, 0, 0, 0),
(10799, 246, 34, 0, 0, 0, 0, 0, 0),
(10800, 245, 34, 0, 0, 0, 0, 0, 0),
(10801, 200, 34, 0, 0, 0, 0, 0, 0),
(10802, 184, 34, 0, 0, 0, 0, 0, 0),
(10803, 187, 34, 0, 0, 0, 0, 0, 0),
(10804, 186, 34, 0, 0, 0, 0, 0, 0),
(10805, 185, 34, 0, 0, 0, 0, 0, 0),
(10806, 256, 34, 0, 0, 0, 0, 0, 0),
(10807, 257, 34, 0, 0, 0, 0, 0, 0),
(10808, 258, 34, 0, 0, 0, 0, 0, 0),
(10809, 267, 34, 0, 0, 0, 0, 0, 0),
(10810, 268, 34, 0, 0, 0, 0, 0, 0),
(10811, 269, 34, 0, 0, 0, 0, 0, 0),
(10812, 270, 34, 0, 0, 0, 0, 0, 0),
(10813, 96, 34, 0, 0, 0, 0, 0, 0),
(10814, 30, 34, 0, 0, 0, 0, 0, 0),
(10815, 31, 34, 0, 0, 0, 0, 0, 0),
(10816, 32, 34, 0, 0, 0, 0, 0, 0),
(10817, 71, 34, 0, 0, 0, 0, 0, 0),
(10818, 72, 34, 0, 0, 0, 0, 0, 0),
(10819, 73, 34, 0, 0, 0, 0, 0, 0),
(10820, 81, 34, 0, 0, 0, 0, 0, 0),
(10821, 116, 34, 0, 0, 0, 0, 0, 0),
(10822, 117, 34, 0, 0, 0, 0, 0, 0),
(10823, 33, 34, 0, 0, 0, 0, 0, 0),
(10824, 75, 34, 0, 0, 0, 0, 0, 0),
(10825, 76, 34, 0, 0, 0, 0, 0, 0),
(10826, 77, 34, 0, 0, 0, 0, 0, 0),
(10827, 78, 34, 0, 0, 0, 0, 0, 0),
(10828, 79, 34, 0, 0, 0, 0, 0, 0),
(10829, 68, 34, 0, 0, 0, 0, 0, 0),
(10830, 69, 34, 0, 0, 0, 0, 0, 0),
(10831, 135, 34, 0, 0, 0, 0, 0, 0),
(10832, 166, 34, 0, 0, 0, 0, 0, 0),
(10833, 167, 34, 0, 0, 0, 0, 0, 0),
(10834, 130, 34, 0, 0, 0, 0, 0, 0),
(10835, 133, 34, 0, 0, 0, 0, 0, 0),
(10836, 134, 34, 0, 0, 0, 0, 0, 0),
(10837, 106, 34, 0, 0, 0, 0, 0, 0),
(10838, 107, 34, 0, 0, 0, 0, 0, 0),
(10839, 118, 34, 0, 0, 0, 0, 0, 0),
(10840, 119, 34, 0, 0, 0, 0, 0, 0);
INSERT INTO `role_permission` (`id`, `fk_module_id`, `role_id`, `create`, `read`, `update`, `delete`, `print`, `export`) VALUES
(10841, 201, 34, 0, 0, 0, 0, 0, 0),
(10842, 202, 34, 0, 0, 0, 0, 0, 0),
(10843, 203, 34, 1, 1, 1, 1, 1, 1),
(10844, 204, 34, 0, 0, 0, 0, 0, 0),
(10845, 205, 34, 0, 0, 0, 0, 0, 0),
(10846, 206, 34, 0, 0, 0, 0, 0, 0),
(10847, 207, 34, 0, 0, 0, 0, 0, 0),
(10848, 208, 34, 0, 0, 0, 0, 0, 0),
(10849, 271, 34, 0, 0, 0, 0, 0, 0),
(10850, 209, 34, 0, 0, 0, 0, 0, 0),
(10851, 210, 34, 0, 0, 0, 0, 0, 0),
(10852, 211, 34, 0, 0, 0, 0, 0, 0),
(10853, 212, 34, 0, 0, 0, 0, 0, 0),
(10854, 213, 34, 0, 0, 0, 0, 0, 0),
(10855, 214, 34, 0, 0, 0, 0, 0, 0),
(10856, 215, 34, 0, 0, 0, 0, 0, 0),
(10857, 216, 34, 0, 0, 0, 0, 0, 0),
(10858, 217, 34, 0, 0, 0, 0, 0, 0),
(10859, 218, 34, 0, 0, 0, 0, 0, 0),
(10860, 219, 34, 0, 0, 0, 0, 0, 0),
(10861, 220, 34, 0, 0, 0, 0, 0, 0),
(10862, 221, 34, 0, 0, 0, 0, 0, 0),
(10863, 222, 34, 0, 0, 0, 0, 0, 0),
(10864, 223, 34, 0, 0, 0, 0, 0, 0),
(10865, 224, 34, 0, 0, 0, 0, 0, 0),
(10866, 225, 34, 0, 0, 0, 0, 0, 0),
(10867, 226, 34, 0, 0, 0, 0, 0, 0),
(10868, 227, 34, 0, 0, 0, 0, 0, 0),
(10869, 228, 34, 0, 0, 0, 0, 0, 0),
(10870, 229, 34, 0, 0, 0, 0, 0, 0),
(10871, 230, 34, 0, 0, 0, 0, 0, 0),
(10872, 231, 34, 0, 0, 0, 0, 0, 0),
(10873, 232, 34, 0, 0, 0, 0, 0, 0),
(10874, 233, 34, 0, 0, 0, 0, 0, 0),
(10875, 234, 34, 0, 0, 0, 0, 0, 0),
(10876, 235, 34, 0, 0, 0, 0, 0, 0),
(10877, 236, 34, 0, 0, 0, 0, 0, 0),
(10878, 237, 34, 0, 0, 0, 0, 0, 0),
(10879, 238, 34, 0, 0, 0, 0, 0, 0),
(10880, 239, 34, 0, 0, 0, 0, 0, 0),
(10881, 240, 34, 0, 0, 0, 0, 0, 0),
(10882, 241, 34, 0, 0, 0, 0, 0, 0),
(10883, 242, 34, 0, 0, 0, 0, 0, 0),
(10884, 243, 34, 0, 0, 0, 0, 0, 0),
(10885, 244, 34, 0, 0, 0, 0, 0, 0),
(10886, 12, 21, 0, 0, 0, 0, 0, 0),
(10887, 1, 21, 0, 0, 0, 0, 0, 0),
(10888, 80, 21, 0, 0, 0, 0, 0, 0),
(10889, 124, 21, 0, 0, 0, 0, 0, 0),
(10890, 2, 21, 0, 0, 0, 0, 0, 0),
(10891, 3, 21, 0, 0, 0, 0, 0, 0),
(10892, 4, 21, 0, 0, 0, 0, 0, 0),
(10893, 188, 21, 0, 0, 0, 0, 0, 0),
(10894, 255, 21, 0, 0, 0, 0, 0, 0),
(10895, 9, 21, 0, 0, 0, 0, 0, 0),
(10896, 200, 21, 0, 0, 0, 0, 0, 0),
(10897, 245, 21, 0, 0, 0, 0, 0, 0),
(10898, 246, 21, 0, 0, 0, 0, 0, 0),
(10899, 184, 21, 0, 1, 0, 0, 0, 0),
(10900, 185, 21, 1, 1, 1, 1, 1, 1),
(10901, 186, 21, 0, 1, 0, 0, 0, 0),
(10902, 187, 21, 0, 0, 0, 0, 0, 0),
(10903, 274, 21, 0, 0, 0, 0, 0, 0),
(10904, 273, 21, 1, 1, 1, 0, 0, 0),
(10905, 272, 21, 1, 1, 1, 1, 0, 0),
(10906, 267, 21, 0, 0, 0, 0, 0, 0),
(10907, 268, 21, 0, 0, 0, 0, 0, 0),
(10908, 269, 21, 0, 0, 0, 0, 0, 0),
(10909, 270, 21, 0, 0, 0, 0, 0, 0),
(10910, 258, 21, 0, 0, 0, 0, 0, 0),
(10911, 257, 21, 0, 0, 0, 0, 0, 0),
(10912, 256, 21, 0, 0, 0, 0, 0, 0),
(10913, 96, 21, 0, 0, 0, 0, 0, 0),
(10914, 30, 21, 0, 0, 0, 0, 0, 0),
(10915, 31, 21, 0, 0, 0, 0, 0, 0),
(10916, 32, 21, 0, 0, 0, 0, 0, 0),
(10917, 71, 21, 0, 0, 0, 0, 0, 0),
(10918, 72, 21, 0, 0, 0, 0, 0, 0),
(10919, 73, 21, 0, 0, 0, 0, 0, 0),
(10920, 81, 21, 0, 0, 0, 0, 0, 0),
(10921, 116, 21, 0, 0, 0, 0, 0, 0),
(10922, 117, 21, 0, 0, 0, 0, 0, 0),
(10923, 33, 21, 0, 0, 0, 0, 0, 0),
(10924, 75, 21, 0, 0, 0, 0, 0, 0),
(10925, 76, 21, 0, 0, 0, 0, 0, 0),
(10926, 77, 21, 0, 0, 0, 0, 0, 0),
(10927, 78, 21, 0, 0, 0, 0, 0, 0),
(10928, 79, 21, 0, 0, 0, 0, 0, 0),
(10929, 68, 21, 0, 0, 0, 0, 0, 0),
(10930, 69, 21, 0, 0, 0, 0, 0, 0),
(10931, 135, 21, 0, 0, 0, 0, 0, 0),
(10932, 166, 21, 0, 0, 0, 0, 0, 0),
(10933, 167, 21, 0, 0, 0, 0, 0, 0),
(10934, 130, 21, 0, 0, 0, 0, 0, 0),
(10935, 133, 21, 0, 0, 0, 0, 0, 0),
(10936, 134, 21, 0, 0, 0, 0, 0, 0),
(10937, 106, 21, 0, 0, 0, 0, 0, 0),
(10938, 107, 21, 0, 0, 0, 0, 0, 0),
(10939, 118, 21, 0, 0, 0, 0, 0, 0),
(10940, 119, 21, 0, 0, 0, 0, 0, 0),
(10941, 201, 21, 0, 0, 0, 0, 0, 0),
(10942, 202, 21, 0, 0, 0, 0, 0, 0),
(10943, 203, 21, 0, 0, 0, 0, 0, 0),
(10944, 204, 21, 0, 0, 0, 0, 0, 0),
(10945, 205, 21, 0, 0, 0, 0, 0, 0),
(10946, 206, 21, 0, 0, 0, 0, 0, 0),
(10947, 207, 21, 0, 0, 0, 0, 0, 0),
(10948, 208, 21, 0, 0, 0, 0, 0, 0),
(10949, 271, 21, 0, 0, 0, 0, 0, 0),
(10950, 209, 21, 0, 0, 0, 0, 0, 0),
(10951, 210, 21, 0, 0, 0, 0, 0, 0),
(10952, 211, 21, 0, 0, 0, 0, 0, 0),
(10953, 212, 21, 0, 0, 0, 0, 0, 0),
(10954, 213, 21, 0, 0, 0, 0, 0, 0),
(10955, 214, 21, 0, 0, 0, 0, 0, 0),
(10956, 215, 21, 0, 0, 0, 0, 0, 0),
(10957, 216, 21, 0, 0, 0, 0, 0, 0),
(10958, 217, 21, 0, 0, 0, 0, 0, 0),
(10959, 218, 21, 0, 0, 0, 0, 0, 0),
(10960, 219, 21, 0, 0, 0, 0, 0, 0),
(10961, 220, 21, 0, 0, 0, 0, 0, 0),
(10962, 221, 21, 0, 0, 0, 0, 0, 0),
(10963, 222, 21, 0, 0, 0, 0, 0, 0),
(10964, 223, 21, 0, 0, 0, 0, 0, 0),
(10965, 224, 21, 0, 0, 0, 0, 0, 0),
(10966, 225, 21, 0, 0, 0, 0, 0, 0),
(10967, 226, 21, 0, 0, 0, 0, 0, 0),
(10968, 227, 21, 0, 0, 0, 0, 0, 0),
(10969, 228, 21, 0, 0, 0, 0, 0, 0),
(10970, 229, 21, 0, 0, 0, 0, 0, 0),
(10971, 230, 21, 0, 0, 0, 0, 0, 0),
(10972, 231, 21, 0, 0, 0, 0, 0, 0),
(10973, 232, 21, 0, 0, 0, 0, 0, 0),
(10974, 233, 21, 0, 0, 0, 0, 0, 0),
(10975, 234, 21, 0, 0, 0, 0, 0, 0),
(10976, 235, 21, 0, 0, 0, 0, 0, 0),
(10977, 236, 21, 0, 0, 0, 0, 0, 0),
(10978, 237, 21, 0, 0, 0, 0, 0, 0),
(10979, 238, 21, 0, 0, 0, 0, 0, 0),
(10980, 239, 21, 0, 0, 0, 0, 0, 0),
(10981, 240, 21, 0, 0, 0, 0, 0, 0),
(10982, 241, 21, 0, 0, 0, 0, 0, 0),
(10983, 242, 21, 0, 0, 0, 0, 0, 0),
(10984, 243, 21, 0, 0, 0, 0, 0, 0),
(10985, 244, 21, 0, 0, 0, 0, 0, 0),
(10986, 12, 29, 0, 0, 0, 0, 0, 0),
(10987, 1, 29, 0, 0, 0, 0, 0, 0),
(10988, 80, 29, 0, 0, 0, 0, 0, 0),
(10989, 124, 29, 0, 0, 0, 0, 0, 0),
(10990, 2, 29, 0, 0, 0, 0, 0, 0),
(10991, 3, 29, 0, 0, 0, 0, 0, 0),
(10992, 4, 29, 0, 0, 0, 0, 0, 0),
(10993, 275, 29, 1, 1, 1, 1, 1, 1),
(10994, 291, 29, 1, 1, 1, 1, 1, 1),
(10995, 290, 29, 1, 1, 1, 1, 1, 1),
(10996, 277, 29, 1, 1, 1, 1, 1, 1),
(10997, 276, 29, 1, 1, 1, 1, 1, 1),
(10998, 9, 29, 1, 1, 1, 1, 1, 1),
(10999, 188, 29, 1, 1, 1, 1, 1, 1),
(11000, 255, 29, 1, 1, 1, 1, 1, 1),
(11001, 200, 29, 1, 1, 1, 1, 1, 1),
(11002, 245, 29, 1, 1, 1, 1, 1, 1),
(11003, 246, 29, 1, 1, 1, 1, 1, 1),
(11004, 285, 29, 1, 1, 1, 1, 1, 1),
(11005, 284, 29, 1, 1, 1, 1, 1, 1),
(11006, 283, 29, 1, 1, 1, 1, 1, 1),
(11007, 282, 29, 1, 1, 1, 1, 1, 1),
(11008, 187, 29, 1, 1, 1, 1, 1, 1),
(11009, 278, 29, 1, 1, 1, 1, 1, 1),
(11010, 279, 29, 1, 1, 1, 1, 1, 1),
(11011, 274, 29, 1, 1, 1, 1, 1, 1),
(11012, 273, 29, 1, 1, 1, 1, 1, 1),
(11013, 272, 29, 1, 1, 1, 1, 1, 1),
(11014, 280, 29, 1, 1, 1, 1, 1, 1),
(11015, 281, 29, 1, 1, 1, 1, 1, 1),
(11016, 270, 29, 1, 1, 1, 1, 1, 1),
(11017, 269, 29, 1, 1, 1, 1, 1, 1),
(11018, 268, 29, 1, 1, 1, 1, 1, 1),
(11019, 267, 29, 1, 1, 1, 1, 1, 1),
(11020, 258, 29, 1, 1, 1, 1, 1, 1),
(11021, 257, 29, 1, 1, 1, 1, 1, 1),
(11022, 256, 29, 1, 1, 1, 1, 1, 1),
(11023, 288, 29, 1, 1, 1, 1, 1, 1),
(11024, 289, 29, 1, 1, 1, 1, 1, 1),
(11025, 286, 29, 1, 1, 1, 1, 1, 1),
(11026, 287, 29, 1, 1, 1, 1, 1, 1),
(11027, 96, 29, 0, 0, 0, 0, 0, 0),
(11028, 30, 29, 0, 0, 0, 0, 0, 0),
(11029, 31, 29, 0, 0, 0, 0, 0, 0),
(11030, 32, 29, 0, 0, 0, 0, 0, 0),
(11031, 71, 29, 0, 0, 0, 0, 0, 0),
(11032, 72, 29, 0, 0, 0, 0, 0, 0),
(11033, 73, 29, 0, 0, 0, 0, 0, 0),
(11034, 81, 29, 0, 0, 0, 0, 0, 0),
(11035, 116, 29, 0, 0, 0, 0, 0, 0),
(11036, 117, 29, 0, 0, 0, 0, 0, 0),
(11037, 33, 29, 0, 0, 0, 0, 0, 0),
(11038, 75, 29, 0, 0, 0, 0, 0, 0),
(11039, 76, 29, 0, 0, 0, 0, 0, 0),
(11040, 77, 29, 0, 0, 0, 0, 0, 0),
(11041, 78, 29, 0, 0, 0, 0, 0, 0),
(11042, 79, 29, 0, 0, 0, 0, 0, 0),
(11043, 68, 29, 0, 0, 0, 0, 0, 0),
(11044, 69, 29, 0, 0, 0, 0, 0, 0),
(11045, 135, 29, 0, 0, 0, 0, 0, 0),
(11046, 166, 29, 0, 0, 0, 0, 0, 0),
(11047, 167, 29, 0, 0, 0, 0, 0, 0),
(11048, 130, 29, 0, 0, 0, 0, 0, 0),
(11049, 133, 29, 0, 0, 0, 0, 0, 0),
(11050, 134, 29, 0, 0, 0, 0, 0, 0),
(11051, 106, 29, 0, 0, 0, 0, 0, 0),
(11052, 107, 29, 0, 0, 0, 0, 0, 0),
(11053, 118, 29, 0, 0, 0, 0, 0, 0),
(11054, 119, 29, 0, 0, 0, 0, 0, 0),
(11055, 201, 29, 0, 0, 0, 0, 0, 0),
(11056, 202, 29, 0, 0, 0, 0, 0, 0),
(11057, 203, 29, 0, 0, 0, 0, 0, 0),
(11058, 204, 29, 0, 0, 0, 0, 0, 0),
(11059, 205, 29, 0, 0, 0, 0, 0, 0),
(11060, 206, 29, 0, 0, 0, 0, 0, 0),
(11061, 207, 29, 0, 0, 0, 0, 0, 0),
(11062, 208, 29, 0, 0, 0, 0, 0, 0),
(11063, 271, 29, 0, 0, 0, 0, 0, 0),
(11064, 209, 29, 0, 0, 0, 0, 0, 0),
(11065, 210, 29, 0, 0, 0, 0, 0, 0),
(11066, 211, 29, 0, 0, 0, 0, 0, 0),
(11067, 212, 29, 0, 0, 0, 0, 0, 0),
(11068, 213, 29, 0, 0, 0, 0, 0, 0),
(11069, 214, 29, 0, 0, 0, 0, 0, 0),
(11070, 215, 29, 0, 0, 0, 0, 0, 0),
(11071, 216, 29, 0, 0, 0, 0, 0, 0),
(11072, 217, 29, 0, 0, 0, 0, 0, 0),
(11073, 218, 29, 0, 0, 0, 0, 0, 0),
(11074, 219, 29, 0, 0, 0, 0, 0, 0),
(11075, 220, 29, 0, 0, 0, 0, 0, 0),
(11076, 221, 29, 0, 0, 0, 0, 0, 0),
(11077, 222, 29, 0, 0, 0, 0, 0, 0),
(11078, 223, 29, 0, 0, 0, 0, 0, 0),
(11079, 224, 29, 0, 0, 0, 0, 0, 0),
(11080, 225, 29, 0, 0, 0, 0, 0, 0),
(11081, 226, 29, 0, 0, 0, 0, 0, 0),
(11082, 227, 29, 0, 0, 0, 0, 0, 0),
(11083, 228, 29, 0, 0, 0, 0, 0, 0),
(11084, 229, 29, 0, 0, 0, 0, 0, 0),
(11085, 230, 29, 0, 0, 0, 0, 0, 0),
(11086, 231, 29, 0, 0, 0, 0, 0, 0),
(11087, 232, 29, 0, 0, 0, 0, 0, 0),
(11088, 233, 29, 0, 0, 0, 0, 0, 0),
(11089, 234, 29, 0, 0, 0, 0, 0, 0),
(11090, 235, 29, 0, 0, 0, 0, 0, 0),
(11091, 236, 29, 0, 0, 0, 0, 0, 0),
(11092, 237, 29, 0, 0, 0, 0, 0, 0),
(11093, 238, 29, 0, 0, 0, 0, 0, 0),
(11094, 239, 29, 0, 0, 0, 0, 0, 0),
(11095, 240, 29, 0, 0, 0, 0, 0, 0),
(11096, 241, 29, 0, 0, 0, 0, 0, 0),
(11097, 242, 29, 0, 0, 0, 0, 0, 0),
(11098, 243, 29, 0, 0, 0, 0, 0, 0),
(11099, 244, 29, 0, 0, 0, 0, 0, 0),
(11100, 12, 30, 0, 0, 0, 0, 0, 0),
(11101, 1, 30, 0, 0, 0, 0, 0, 0),
(11102, 80, 30, 0, 0, 0, 0, 0, 0),
(11103, 124, 30, 0, 0, 0, 0, 0, 0),
(11104, 2, 30, 0, 0, 0, 0, 0, 0),
(11105, 3, 30, 0, 0, 0, 0, 0, 0),
(11106, 4, 30, 0, 0, 0, 0, 0, 0),
(11107, 275, 30, 0, 0, 0, 0, 0, 0),
(11108, 291, 30, 0, 0, 0, 0, 0, 0),
(11109, 290, 30, 0, 0, 0, 0, 0, 0),
(11110, 277, 30, 0, 0, 0, 0, 0, 0),
(11111, 276, 30, 0, 0, 0, 0, 0, 0),
(11112, 9, 30, 0, 0, 0, 0, 0, 0),
(11113, 188, 30, 0, 0, 0, 0, 0, 0),
(11114, 255, 30, 0, 0, 0, 0, 0, 0),
(11115, 200, 30, 0, 0, 0, 0, 0, 0),
(11116, 245, 30, 0, 0, 0, 0, 0, 0),
(11117, 246, 30, 0, 0, 0, 0, 0, 0),
(11118, 285, 30, 0, 0, 0, 0, 0, 0),
(11119, 284, 30, 0, 0, 0, 0, 0, 0),
(11120, 283, 30, 1, 1, 1, 1, 1, 1),
(11121, 282, 30, 1, 1, 1, 1, 1, 1),
(11122, 187, 30, 0, 0, 0, 0, 0, 0),
(11123, 278, 30, 1, 1, 1, 1, 1, 1),
(11124, 279, 30, 1, 1, 1, 1, 1, 1),
(11125, 274, 30, 0, 0, 0, 0, 0, 0),
(11126, 273, 30, 0, 0, 0, 0, 0, 0),
(11127, 272, 30, 1, 1, 1, 1, 1, 1),
(11128, 280, 30, 0, 0, 0, 0, 0, 0),
(11129, 281, 30, 0, 0, 0, 0, 0, 0),
(11130, 270, 30, 0, 0, 0, 0, 0, 0),
(11131, 269, 30, 0, 0, 0, 0, 0, 0),
(11132, 268, 30, 0, 0, 0, 0, 0, 0),
(11133, 267, 30, 0, 0, 0, 0, 0, 0),
(11134, 258, 30, 0, 0, 0, 0, 0, 0),
(11135, 257, 30, 0, 0, 0, 0, 0, 0),
(11136, 256, 30, 0, 0, 0, 0, 0, 0),
(11137, 288, 30, 0, 0, 0, 0, 0, 0),
(11138, 289, 30, 0, 0, 0, 0, 0, 0),
(11139, 286, 30, 0, 0, 0, 0, 0, 0),
(11140, 287, 30, 0, 0, 0, 0, 0, 0),
(11141, 96, 30, 0, 0, 0, 0, 0, 0),
(11142, 30, 30, 0, 0, 0, 0, 0, 0),
(11143, 31, 30, 0, 0, 0, 0, 0, 0),
(11144, 32, 30, 0, 0, 0, 0, 0, 0),
(11145, 71, 30, 0, 0, 0, 0, 0, 0),
(11146, 72, 30, 0, 0, 0, 0, 0, 0),
(11147, 73, 30, 0, 0, 0, 0, 0, 0),
(11148, 81, 30, 0, 0, 0, 0, 0, 0),
(11149, 116, 30, 0, 0, 0, 0, 0, 0),
(11150, 117, 30, 0, 0, 0, 0, 0, 0),
(11151, 33, 30, 0, 0, 0, 0, 0, 0),
(11152, 75, 30, 0, 0, 0, 0, 0, 0),
(11153, 76, 30, 0, 0, 0, 0, 0, 0),
(11154, 77, 30, 0, 0, 0, 0, 0, 0),
(11155, 78, 30, 0, 0, 0, 0, 0, 0),
(11156, 79, 30, 0, 0, 0, 0, 0, 0),
(11157, 68, 30, 0, 0, 0, 0, 0, 0),
(11158, 69, 30, 0, 0, 0, 0, 0, 0),
(11159, 135, 30, 0, 0, 0, 0, 0, 0),
(11160, 166, 30, 0, 0, 0, 0, 0, 0),
(11161, 167, 30, 0, 0, 0, 0, 0, 0),
(11162, 130, 30, 0, 0, 0, 0, 0, 0),
(11163, 133, 30, 0, 0, 0, 0, 0, 0),
(11164, 134, 30, 0, 0, 0, 0, 0, 0),
(11165, 106, 30, 0, 0, 0, 0, 0, 0),
(11166, 107, 30, 0, 0, 0, 0, 0, 0),
(11167, 118, 30, 0, 0, 0, 0, 0, 0),
(11168, 119, 30, 0, 0, 0, 0, 0, 0),
(11169, 201, 30, 0, 0, 0, 0, 0, 0),
(11170, 202, 30, 0, 0, 0, 0, 0, 0),
(11171, 203, 30, 0, 0, 0, 0, 0, 0),
(11172, 204, 30, 0, 0, 0, 0, 0, 0),
(11173, 205, 30, 0, 0, 0, 0, 0, 0),
(11174, 206, 30, 0, 0, 0, 0, 0, 0),
(11175, 207, 30, 0, 0, 0, 0, 0, 0),
(11176, 208, 30, 0, 0, 0, 0, 0, 0),
(11177, 271, 30, 0, 0, 0, 0, 0, 0),
(11178, 209, 30, 1, 1, 1, 1, 1, 1),
(11179, 210, 30, 1, 1, 1, 1, 1, 1),
(11180, 211, 30, 1, 1, 1, 1, 1, 1),
(11181, 212, 30, 1, 1, 1, 1, 1, 1),
(11182, 213, 30, 1, 1, 1, 1, 1, 1),
(11183, 214, 30, 1, 1, 1, 1, 1, 1),
(11184, 215, 30, 1, 1, 1, 1, 1, 1),
(11185, 216, 30, 1, 1, 1, 1, 1, 1),
(11186, 217, 30, 1, 1, 1, 1, 1, 1),
(11187, 218, 30, 1, 1, 1, 1, 1, 1),
(11188, 219, 30, 1, 1, 1, 1, 1, 1),
(11189, 220, 30, 1, 1, 1, 1, 1, 1),
(11190, 221, 30, 0, 0, 0, 0, 0, 0),
(11191, 222, 30, 0, 0, 0, 0, 0, 0),
(11192, 223, 30, 1, 1, 1, 1, 1, 1),
(11193, 224, 30, 1, 1, 1, 1, 1, 1),
(11194, 225, 30, 1, 1, 1, 1, 1, 1),
(11195, 226, 30, 1, 1, 1, 1, 1, 1),
(11196, 227, 30, 1, 1, 1, 1, 1, 1),
(11197, 228, 30, 1, 1, 1, 1, 1, 1),
(11198, 229, 30, 1, 1, 1, 1, 1, 1),
(11199, 230, 30, 1, 1, 1, 1, 1, 1),
(11200, 231, 30, 1, 1, 1, 1, 1, 1),
(11201, 232, 30, 0, 0, 0, 0, 0, 0),
(11202, 233, 30, 0, 0, 0, 0, 0, 0),
(11203, 234, 30, 0, 0, 0, 0, 0, 0),
(11204, 235, 30, 0, 0, 0, 0, 0, 0),
(11205, 236, 30, 0, 0, 0, 0, 0, 0),
(11206, 237, 30, 0, 0, 0, 0, 0, 0),
(11207, 238, 30, 0, 0, 0, 0, 0, 0),
(11208, 239, 30, 0, 0, 0, 0, 0, 0),
(11209, 240, 30, 0, 0, 0, 0, 0, 0),
(11210, 241, 30, 0, 0, 0, 0, 0, 0),
(11211, 242, 30, 0, 0, 0, 0, 0, 0),
(11212, 243, 30, 0, 0, 0, 0, 0, 0),
(11213, 244, 30, 0, 0, 0, 0, 0, 0),
(11328, 12, 31, 0, 0, 0, 0, 0, 0),
(11329, 1, 31, 0, 0, 0, 0, 0, 0),
(11330, 80, 31, 0, 0, 0, 0, 0, 0),
(11331, 124, 31, 0, 0, 0, 0, 0, 0),
(11332, 2, 31, 0, 0, 0, 0, 0, 0),
(11333, 3, 31, 0, 0, 0, 0, 0, 0),
(11334, 4, 31, 0, 0, 0, 0, 0, 0),
(11335, 275, 31, 0, 0, 0, 0, 0, 0),
(11336, 291, 31, 0, 0, 0, 0, 0, 0),
(11337, 290, 31, 0, 0, 0, 0, 0, 0),
(11338, 277, 31, 0, 0, 0, 0, 0, 0),
(11339, 276, 31, 0, 0, 0, 0, 0, 0),
(11340, 9, 31, 0, 0, 0, 0, 0, 0),
(11341, 188, 31, 0, 0, 0, 0, 0, 0),
(11342, 255, 31, 0, 0, 0, 0, 0, 0),
(11343, 200, 31, 0, 0, 0, 0, 0, 0),
(11344, 245, 31, 0, 0, 0, 0, 0, 0),
(11345, 246, 31, 0, 0, 0, 0, 0, 0),
(11346, 285, 31, 0, 0, 0, 0, 0, 0),
(11347, 284, 31, 0, 0, 0, 0, 0, 0),
(11348, 283, 31, 0, 0, 0, 0, 0, 0),
(11349, 282, 31, 0, 0, 0, 0, 0, 0),
(11350, 187, 31, 0, 0, 0, 0, 0, 0),
(11351, 278, 31, 0, 0, 0, 0, 0, 0),
(11352, 279, 31, 0, 0, 0, 0, 0, 0),
(11353, 274, 31, 0, 0, 0, 0, 0, 0),
(11354, 273, 31, 0, 0, 0, 0, 0, 0),
(11355, 272, 31, 1, 1, 1, 1, 1, 1),
(11356, 280, 31, 1, 1, 1, 1, 1, 1),
(11357, 281, 31, 0, 0, 0, 0, 0, 0),
(11358, 270, 31, 0, 0, 0, 0, 0, 0),
(11359, 269, 31, 0, 0, 0, 0, 0, 0),
(11360, 268, 31, 0, 0, 0, 0, 0, 0),
(11361, 267, 31, 0, 0, 0, 0, 0, 0),
(11362, 258, 31, 0, 0, 0, 0, 0, 0),
(11363, 257, 31, 0, 0, 0, 0, 0, 0),
(11364, 256, 31, 0, 0, 0, 0, 0, 0),
(11365, 288, 31, 0, 0, 0, 0, 0, 0),
(11366, 289, 31, 0, 0, 0, 0, 0, 0),
(11367, 286, 31, 0, 0, 0, 0, 0, 0),
(11368, 287, 31, 0, 0, 0, 0, 0, 0),
(11369, 96, 31, 0, 0, 0, 0, 0, 0),
(11370, 30, 31, 0, 0, 0, 0, 0, 0),
(11371, 31, 31, 0, 0, 0, 0, 0, 0),
(11372, 32, 31, 0, 0, 0, 0, 0, 0),
(11373, 71, 31, 0, 0, 0, 0, 0, 0),
(11374, 72, 31, 0, 0, 0, 0, 0, 0),
(11375, 73, 31, 0, 0, 0, 0, 0, 0),
(11376, 81, 31, 0, 0, 0, 0, 0, 0),
(11377, 116, 31, 0, 0, 0, 0, 0, 0),
(11378, 117, 31, 0, 0, 0, 0, 0, 0),
(11379, 33, 31, 0, 0, 0, 0, 0, 0),
(11380, 75, 31, 0, 0, 0, 0, 0, 0),
(11381, 76, 31, 0, 0, 0, 0, 0, 0),
(11382, 77, 31, 0, 0, 0, 0, 0, 0),
(11383, 78, 31, 0, 0, 0, 0, 0, 0),
(11384, 79, 31, 0, 0, 0, 0, 0, 0),
(11385, 68, 31, 0, 0, 0, 0, 0, 0),
(11386, 69, 31, 0, 0, 0, 0, 0, 0),
(11387, 135, 31, 0, 0, 0, 0, 0, 0),
(11388, 166, 31, 0, 0, 0, 0, 0, 0),
(11389, 167, 31, 0, 0, 0, 0, 0, 0),
(11390, 130, 31, 0, 0, 0, 0, 0, 0),
(11391, 133, 31, 0, 0, 0, 0, 0, 0),
(11392, 134, 31, 0, 0, 0, 0, 0, 0),
(11393, 106, 31, 0, 0, 0, 0, 0, 0),
(11394, 107, 31, 0, 0, 0, 0, 0, 0),
(11395, 118, 31, 0, 0, 0, 0, 0, 0),
(11396, 119, 31, 0, 0, 0, 0, 0, 0),
(11397, 201, 31, 0, 0, 0, 0, 0, 0),
(11398, 202, 31, 0, 0, 0, 0, 0, 0),
(11399, 203, 31, 0, 0, 0, 0, 0, 0),
(11400, 204, 31, 0, 0, 0, 0, 0, 0),
(11401, 205, 31, 0, 0, 0, 0, 0, 0),
(11402, 206, 31, 0, 0, 0, 0, 0, 0),
(11403, 207, 31, 0, 0, 0, 0, 0, 0),
(11404, 208, 31, 0, 0, 0, 0, 0, 0),
(11405, 271, 31, 0, 0, 0, 0, 0, 0),
(11406, 209, 31, 0, 0, 0, 0, 0, 0),
(11407, 210, 31, 0, 0, 0, 0, 0, 0),
(11408, 211, 31, 0, 0, 0, 0, 0, 0),
(11409, 212, 31, 0, 0, 0, 0, 0, 0),
(11410, 213, 31, 0, 0, 0, 0, 0, 0),
(11411, 214, 31, 0, 0, 0, 0, 0, 0),
(11412, 215, 31, 0, 0, 0, 0, 0, 0),
(11413, 216, 31, 0, 0, 0, 0, 0, 0),
(11414, 217, 31, 0, 0, 0, 0, 0, 0),
(11415, 218, 31, 0, 0, 0, 0, 0, 0),
(11416, 219, 31, 0, 0, 0, 0, 0, 0),
(11417, 220, 31, 0, 0, 0, 0, 0, 0),
(11418, 221, 31, 0, 0, 0, 0, 0, 0),
(11419, 222, 31, 0, 0, 0, 0, 0, 0),
(11420, 223, 31, 0, 0, 0, 0, 0, 0),
(11421, 224, 31, 0, 0, 0, 0, 0, 0),
(11422, 225, 31, 0, 0, 0, 0, 0, 0),
(11423, 226, 31, 0, 0, 0, 0, 0, 0),
(11424, 227, 31, 0, 0, 0, 0, 0, 0),
(11425, 228, 31, 0, 0, 0, 0, 0, 0),
(11426, 229, 31, 0, 0, 0, 0, 0, 0),
(11427, 230, 31, 0, 0, 0, 0, 0, 0),
(11428, 231, 31, 0, 0, 0, 0, 0, 0),
(11429, 232, 31, 0, 0, 0, 0, 0, 0),
(11430, 233, 31, 0, 0, 0, 0, 0, 0),
(11431, 234, 31, 0, 0, 0, 0, 0, 0),
(11432, 235, 31, 0, 0, 0, 0, 0, 0),
(11433, 236, 31, 1, 1, 1, 1, 1, 1),
(11434, 237, 31, 1, 1, 1, 1, 1, 1),
(11435, 238, 31, 1, 1, 1, 1, 1, 1),
(11436, 239, 31, 1, 1, 1, 1, 1, 1),
(11437, 240, 31, 1, 1, 1, 1, 1, 1),
(11438, 241, 31, 1, 1, 1, 1, 1, 1),
(11439, 242, 31, 1, 1, 1, 1, 1, 1),
(11440, 243, 31, 1, 1, 1, 1, 1, 1),
(11441, 244, 31, 1, 1, 1, 1, 1, 1),
(11442, 12, 32, 0, 0, 0, 0, 0, 0),
(11443, 1, 32, 0, 0, 0, 0, 0, 0),
(11444, 80, 32, 0, 0, 0, 0, 0, 0),
(11445, 124, 32, 0, 0, 0, 0, 0, 0),
(11446, 2, 32, 0, 0, 0, 0, 0, 0),
(11447, 3, 32, 0, 0, 0, 0, 0, 0),
(11448, 4, 32, 0, 0, 0, 0, 0, 0),
(11449, 275, 32, 0, 0, 0, 0, 0, 0),
(11450, 291, 32, 0, 0, 0, 0, 0, 0),
(11451, 290, 32, 0, 0, 0, 0, 0, 0),
(11452, 277, 32, 0, 0, 0, 0, 0, 0),
(11453, 276, 32, 0, 0, 0, 0, 0, 0),
(11454, 9, 32, 0, 0, 0, 0, 0, 0),
(11455, 188, 32, 0, 0, 0, 0, 0, 0),
(11456, 255, 32, 0, 0, 0, 0, 0, 0),
(11457, 200, 32, 0, 0, 0, 0, 0, 0),
(11458, 245, 32, 0, 0, 0, 0, 0, 0),
(11459, 246, 32, 0, 0, 0, 0, 0, 0),
(11460, 285, 32, 0, 0, 0, 0, 0, 0),
(11461, 284, 32, 0, 0, 0, 0, 0, 0),
(11462, 283, 32, 0, 0, 0, 0, 0, 0),
(11463, 282, 32, 0, 0, 0, 0, 0, 0),
(11464, 187, 32, 0, 0, 0, 0, 0, 0),
(11465, 278, 32, 1, 1, 1, 1, 1, 1),
(11466, 279, 32, 1, 1, 1, 1, 1, 1),
(11467, 274, 32, 0, 0, 0, 0, 0, 0),
(11468, 273, 32, 0, 0, 0, 0, 0, 0),
(11469, 272, 32, 1, 1, 1, 1, 1, 1),
(11470, 280, 32, 0, 0, 0, 0, 0, 0),
(11471, 281, 32, 0, 0, 0, 0, 0, 0),
(11472, 270, 32, 0, 0, 0, 0, 0, 0),
(11473, 269, 32, 0, 0, 0, 0, 0, 0),
(11474, 268, 32, 0, 0, 0, 0, 0, 0),
(11475, 267, 32, 0, 0, 0, 0, 0, 0),
(11476, 258, 32, 0, 0, 0, 0, 0, 0),
(11477, 257, 32, 0, 0, 0, 0, 0, 0),
(11478, 256, 32, 0, 0, 0, 0, 0, 0),
(11479, 288, 32, 0, 0, 0, 0, 0, 0),
(11480, 289, 32, 0, 0, 0, 0, 0, 0),
(11481, 286, 32, 0, 0, 0, 0, 0, 0),
(11482, 287, 32, 0, 0, 0, 0, 0, 0),
(11483, 96, 32, 0, 0, 0, 0, 0, 0),
(11484, 30, 32, 0, 0, 0, 0, 0, 0),
(11485, 31, 32, 0, 0, 0, 0, 0, 0),
(11486, 32, 32, 0, 0, 0, 0, 0, 0),
(11487, 71, 32, 0, 0, 0, 0, 0, 0),
(11488, 72, 32, 0, 0, 0, 0, 0, 0),
(11489, 73, 32, 0, 0, 0, 0, 0, 0),
(11490, 81, 32, 0, 0, 0, 0, 0, 0),
(11491, 116, 32, 0, 0, 0, 0, 0, 0),
(11492, 117, 32, 0, 0, 0, 0, 0, 0),
(11493, 33, 32, 0, 0, 0, 0, 0, 0),
(11494, 75, 32, 0, 0, 0, 0, 0, 0),
(11495, 76, 32, 0, 0, 0, 0, 0, 0),
(11496, 77, 32, 0, 0, 0, 0, 0, 0),
(11497, 78, 32, 0, 0, 0, 0, 0, 0),
(11498, 79, 32, 0, 0, 0, 0, 0, 0),
(11499, 68, 32, 0, 0, 0, 0, 0, 0),
(11500, 69, 32, 0, 0, 0, 0, 0, 0),
(11501, 135, 32, 0, 0, 0, 0, 0, 0),
(11502, 166, 32, 0, 0, 0, 0, 0, 0),
(11503, 167, 32, 0, 0, 0, 0, 0, 0),
(11504, 130, 32, 0, 0, 0, 0, 0, 0),
(11505, 133, 32, 0, 0, 0, 0, 0, 0),
(11506, 134, 32, 0, 0, 0, 0, 0, 0),
(11507, 106, 32, 0, 0, 0, 0, 0, 0),
(11508, 107, 32, 0, 0, 0, 0, 0, 0),
(11509, 118, 32, 0, 0, 0, 0, 0, 0),
(11510, 119, 32, 0, 0, 0, 0, 0, 0),
(11511, 201, 32, 0, 0, 0, 0, 0, 0),
(11512, 202, 32, 0, 0, 0, 0, 0, 0),
(11513, 203, 32, 0, 0, 0, 0, 0, 0),
(11514, 204, 32, 0, 0, 0, 0, 0, 0),
(11515, 205, 32, 0, 0, 0, 0, 0, 0),
(11516, 206, 32, 0, 0, 0, 0, 0, 0),
(11517, 207, 32, 0, 0, 0, 0, 0, 0),
(11518, 208, 32, 0, 0, 0, 0, 0, 0),
(11519, 271, 32, 0, 0, 0, 0, 0, 0),
(11520, 209, 32, 0, 0, 0, 0, 0, 0),
(11521, 210, 32, 0, 0, 0, 0, 0, 0),
(11522, 211, 32, 0, 0, 0, 0, 0, 0),
(11523, 212, 32, 0, 0, 0, 0, 0, 0),
(11524, 213, 32, 0, 0, 0, 0, 0, 0),
(11525, 214, 32, 0, 0, 0, 0, 0, 0),
(11526, 215, 32, 0, 0, 0, 0, 0, 0),
(11527, 216, 32, 0, 0, 0, 0, 0, 0),
(11528, 217, 32, 0, 0, 0, 0, 0, 0),
(11529, 218, 32, 0, 0, 0, 0, 0, 0),
(11530, 219, 32, 0, 0, 0, 0, 0, 0),
(11531, 220, 32, 0, 0, 0, 0, 0, 0),
(11532, 221, 32, 1, 1, 1, 1, 1, 1),
(11533, 222, 32, 1, 1, 1, 1, 1, 1),
(11534, 223, 32, 0, 0, 0, 0, 0, 0),
(11535, 224, 32, 0, 0, 0, 0, 0, 0),
(11536, 225, 32, 0, 0, 0, 0, 0, 0),
(11537, 226, 32, 0, 0, 0, 0, 0, 0),
(11538, 227, 32, 0, 0, 0, 0, 0, 0),
(11539, 228, 32, 0, 0, 0, 0, 0, 0),
(11540, 229, 32, 0, 0, 0, 0, 0, 0),
(11541, 230, 32, 0, 0, 0, 0, 0, 0),
(11542, 231, 32, 0, 0, 0, 0, 0, 0),
(11543, 232, 32, 0, 0, 0, 0, 0, 0),
(11544, 233, 32, 0, 0, 0, 0, 0, 0),
(11545, 234, 32, 1, 1, 1, 1, 1, 1),
(11546, 235, 32, 1, 1, 1, 1, 1, 1),
(11547, 236, 32, 0, 0, 0, 0, 0, 0),
(11548, 237, 32, 0, 0, 0, 0, 0, 0),
(11549, 238, 32, 0, 0, 0, 0, 0, 0),
(11550, 239, 32, 0, 0, 0, 0, 0, 0),
(11551, 240, 32, 0, 0, 0, 0, 0, 0),
(11552, 241, 32, 0, 0, 0, 0, 0, 0),
(11553, 242, 32, 0, 0, 0, 0, 0, 0),
(11554, 243, 32, 0, 0, 0, 0, 0, 0),
(11555, 244, 32, 0, 0, 0, 0, 0, 0);

-- --------------------------------------------------------

--
-- Table structure for table `salary_benefit`
--

CREATE TABLE `salary_benefit` (
  `id` int NOT NULL,
  `benefit_name` varchar(100) CHARACTER SET utf8 COLLATE utf8_unicode_ci NOT NULL,
  `benefit_type` int NOT NULL,
  `status` int NOT NULL
) ENGINE=InnoDB DEFAULT CHARSET=utf8mb3 COLLATE=utf8_unicode_ci;

--
-- Dumping data for table `salary_benefit`
--

INSERT INTO `salary_benefit` (`id`, `benefit_name`, `benefit_type`, `status`) VALUES
(2, 'Health', 1, 1),
(3, 'PF', 2, 1),
(4, 'Insurance', 2, 1);

-- --------------------------------------------------------

--
-- Table structure for table `salary_sheet_generate`
--

CREATE TABLE `salary_sheet_generate` (
  `ssg_id` int UNSIGNED NOT NULL,
  `date` date DEFAULT NULL,
  `gdate` varchar(50) CHARACTER SET utf8 COLLATE utf8_unicode_ci DEFAULT NULL,
  `start_date` date DEFAULT NULL,
  `end_date` date DEFAULT NULL,
  `generate_by` int DEFAULT NULL
) ENGINE=InnoDB DEFAULT CHARSET=utf8mb3 COLLATE=utf8_unicode_ci;

--
-- Dumping data for table `salary_sheet_generate`
--

INSERT INTO `salary_sheet_generate` (`ssg_id`, `date`, `gdate`, `start_date`, `end_date`, `generate_by`) VALUES
(1, '2021-12-06', 'December 2021', '2021-12-01', '2021-12-31', 1);

-- --------------------------------------------------------

--
-- Table structure for table `sales_return_details`
--

CREATE TABLE `sales_return_details` (
  `id` int NOT NULL,
  `return_id` bigint NOT NULL,
  `delivery_id` bigint DEFAULT NULL,
  `product_id` int NOT NULL,
  `store_id` int NOT NULL,
  `batch_id` varchar(30) CHARACTER SET utf8 COLLATE utf8_unicode_ci DEFAULT NULL,
  `return_qty` float DEFAULT NULL,
  `bag_weight` varchar(20) CHARACTER SET utf8 COLLATE utf8_unicode_ci DEFAULT NULL,
  `price` decimal(10,2) NOT NULL DEFAULT '0.00',
  `vat_per` varchar(10) CHARACTER SET utf8 COLLATE utf8_unicode_ci DEFAULT NULL,
  `deduct_per` varchar(10) CHARACTER SET utf8 COLLATE utf8_unicode_ci DEFAULT NULL,
  `row_total` decimal(10,2) NOT NULL DEFAULT '0.00'
) ENGINE=InnoDB DEFAULT CHARSET=utf8mb3 COLLATE=utf8_unicode_ci;

-- --------------------------------------------------------

--
-- Table structure for table `sales_return_main`
--

CREATE TABLE `sales_return_main` (
  `id` int NOT NULL,
  `return_id` bigint NOT NULL,
  `do_id` bigint DEFAULT NULL,
  `do_no` varchar(30) CHARACTER SET utf8 COLLATE utf8_unicode_ci DEFAULT NULL,
  `challan_no` varchar(30) CHARACTER SET utf8 COLLATE utf8_unicode_ci DEFAULT NULL,
  `date` date DEFAULT NULL,
  `dealer_id` int DEFAULT NULL,
  `reason` text CHARACTER SET utf8 COLLATE utf8_unicode_ci,
  `total_vat` float DEFAULT NULL,
  `total_deduction` float DEFAULT NULL,
  `net_amount` decimal(10,2) DEFAULT '0.00',
  `return_type` int NOT NULL DEFAULT '1',
  `return_by` int DEFAULT NULL,
  `created_date` timestamp NOT NULL DEFAULT CURRENT_TIMESTAMP
) ENGINE=InnoDB DEFAULT CHARSET=utf8mb3 COLLATE=utf8_unicode_ci;

-- --------------------------------------------------------

--
-- Table structure for table `scaler`
--

CREATE TABLE `scaler` (
  `id` int NOT NULL,
  `driver_name` varchar(50) CHARACTER SET utf8mb4 COLLATE utf8mb4_general_ci NOT NULL,
  `truck_no` varchar(50) CHARACTER SET utf8mb4 COLLATE utf8mb4_general_ci NOT NULL,
  `store_id` int DEFAULT NULL,
  `do_no` varchar(20) CHARACTER SET utf8mb4 COLLATE utf8mb4_general_ci DEFAULT NULL,
  `challan_no` varchar(100) CHARACTER SET utf8mb4 COLLATE utf8mb4_general_ci NOT NULL,
  `driver_mobile_no` varchar(20) CHARACTER SET utf8mb4 COLLATE utf8mb4_general_ci NOT NULL,
  `scale_attachment` mediumtext CHARACTER SET utf8mb4 COLLATE utf8mb4_general_ci,
  `truck_weight` float DEFAULT NULL,
  `truck_weight_with_items` float DEFAULT NULL,
  `created_by` int DEFAULT NULL,
  `approved_status` int DEFAULT NULL,
  `gate_pass_signature` mediumtext CHARACTER SET utf8mb4 COLLATE utf8mb4_general_ci,
  `create_date` timestamp NOT NULL DEFAULT CURRENT_TIMESTAMP,
  `updated_by` int DEFAULT NULL
) ENGINE=InnoDB DEFAULT CHARSET=utf8mb4 COLLATE=utf8mb4_general_ci;

--
-- Dumping data for table `scaler`
--

INSERT INTO `scaler` (`id`, `driver_name`, `truck_no`, `store_id`, `do_no`, `challan_no`, `driver_mobile_no`, `scale_attachment`, `truck_weight`, `truck_weight_with_items`, `created_by`, `approved_status`, `gate_pass_signature`, `create_date`, `updated_by`) VALUES
(1, 'Sakil', '45278578', 1, 'DO-1006', 'Challan-7', '324234', NULL, 200, 500, 1, 1, NULL, '2022-02-13 05:52:28', NULL),
(2, 'rrtr', '34rrt', 4, 'DO-1009', 'Challan-10', '34', NULL, 12, 30, 1, 1, NULL, '2022-02-13 05:53:04', NULL),
(3, 'rty', '767', 5, 'DO-1005', 'Challan-8', '674567', NULL, 10, 0, 1, NULL, NULL, '2022-02-13 05:54:26', NULL),
(4, 'erty', '3465', 1, 'DO-1011', 'Challan-11', '453', NULL, 10, 50, 1, 1, NULL, '2022-02-13 06:45:28', NULL),
(5, 'Galib', 'T454', 1, 'DO-1017', 'Challan-19', '018745', NULL, 20, 34, 1, 1, NULL, '2022-02-27 14:47:46', NULL),
(6, 'Nabit', '343424234', 1, 'DO-1018', 'Challan-20', '234234', NULL, 500, 600, 1, NULL, NULL, '2022-03-03 08:34:12', NULL),
(7, 'jalil', '102141', 1, 'DO-1021', 'Challan-21', '0185456253', NULL, 10, 70, 1, 1, NULL, '2022-03-07 08:43:55', NULL),
(8, 'test', '234523', 1, 'DO-1024', 'Challan-24', '234234', NULL, 200, 300, 1, 1, NULL, '2022-03-07 09:16:59', NULL),
(9, 'sdfsdfs', '23423', 4, 'DO-1024', 'Challan-25', '23453245', NULL, 300, 500, 1, 1, NULL, '2022-03-07 09:17:23', NULL),
(10, 'MD Hasan', 'Dhk O 02 4321', 5, 'DO-1015', 'Challan-26', '35434534534534', NULL, 1000, 3121, 1, NULL, NULL, '2022-03-27 08:56:54', NULL);

-- --------------------------------------------------------

--
-- Table structure for table `sec_role`
--

CREATE TABLE `sec_role` (
  `id` int NOT NULL,
  `type` varchar(100) CHARACTER SET utf8mb4 COLLATE utf8mb4_general_ci NOT NULL,
  `title` varchar(100) CHARACTER SET utf8mb4 COLLATE utf8mb4_general_ci DEFAULT NULL,
  `status` tinyint(1) NOT NULL DEFAULT '1'
) ENGINE=InnoDB DEFAULT CHARSET=utf8mb4 COLLATE=utf8mb4_general_ci;

--
-- Dumping data for table `sec_role`
--

INSERT INTO `sec_role` (`id`, `type`, `title`, `status`) VALUES
(1, 'Super Admin', 'Control the whole system', 1),
(2, 'SysAdmin', 'Support and IT', 1),
(3, 'Manager', 'Control the management system', 1),
(4, 'Accountant', 'Management account', 1),
(5, 'Cashier', 'Manage Account Cash', 1),
(6, 'SaleManager', 'Full stock selling Control ', 1),
(7, 'SaleMan', 'Stock Selling', 1),
(8, 'BuyManager', 'Stock items and purchase control', 1),
(9, 'Warehouse', 'Purchase and Items', 1),
(10, 'Exposer', 'Offers and orders', 1),
(11, 'Employee', 'Can see something', 1),
(13, 'Reception', 'Control welcome activities', 1),
(17, 'Store Manager', 'Inventory', 1),
(18, 'Store Manager', 'Pharmacy', 1),
(19, 'Warehouse Manager', 'Inventory', 1),
(20, 'Hrm', 'Hrm-Request Approval', 1),
(21, 'Hrm-Employee', 'Hrm-Employee', 1),
(22, 'Company Documents', 'Company Documents', 1),
(23, 'Sales Admin', 'Sales Admin', 1),
(24, 'Accountant', 'Accountant', 1),
(25, 'Factory Manager', 'Factory Manager', 1),
(26, 'Delivery Management', 'Delivery Management', 1),
(27, 'Store Management(Delivery)', 'Store Management(Delivery)', 1),
(28, 'lala', 'Lala', 1),
(29, 'HR Admin', '', 1),
(30, 'Procurement', '', 1),
(31, 'Production Manager', '', 1),
(32, 'Inventory', '', 1),
(33, 'Procurement', '', 1),
(34, 'Sale Person', '', 1);

-- --------------------------------------------------------

--
-- Table structure for table `sec_userrole`
--

CREATE TABLE `sec_userrole` (
  `id` int NOT NULL,
  `user_id` varchar(50) CHARACTER SET utf8mb4 COLLATE utf8mb4_general_ci NOT NULL,
  `roleid` int NOT NULL,
  `created_by` int NOT NULL,
  `created_date` datetime NOT NULL DEFAULT CURRENT_TIMESTAMP
) ENGINE=InnoDB DEFAULT CHARSET=utf8mb4 COLLATE=utf8mb4_general_ci;

--
-- Dumping data for table `sec_userrole`
--

INSERT INTO `sec_userrole` (`id`, `user_id`, `roleid`, `created_by`, `created_date`) VALUES
(63, '12', 14, 5, '2021-01-25 15:26:58'),
(64, '27', 14, 1, '2021-03-15 14:21:43'),
(71, '16', 14, 5, '2021-05-11 14:25:20'),
(76, '30', 21, 1, '2021-10-12 16:44:00'),
(88, '1', 18, 1, '2021-11-03 17:58:34'),
(89, '1', 1, 1, '2021-11-03 17:58:34'),
(90, '1', 2, 1, '2021-11-03 17:58:34'),
(99, '36', 4, 1, '2021-11-22 13:07:18'),
(100, '28', 4, 1, '2021-11-22 13:07:55'),
(101, '28', 0, 1, '2021-11-22 13:07:55'),
(102, '28', 21, 1, '2021-11-22 13:07:55'),
(103, '7', 23, 1, '2022-01-10 04:39:12'),
(104, '8', 24, 1, '2022-01-10 04:39:42'),
(105, '9', 25, 1, '2022-01-10 04:40:04'),
(106, '10', 26, 1, '2022-01-10 04:41:02'),
(107, '11', 27, 1, '2022-01-10 04:41:30'),
(108, '12', 28, 2, '2022-01-26 07:02:50'),
(109, '12', 28, 2, '2022-01-26 07:53:29'),
(110, '13', 23, 2, '2022-02-02 11:04:19'),
(111, '14', 23, 1, '2022-02-05 09:48:39'),
(112, '15', 23, 1, '2022-02-06 10:55:19'),
(113, '16', 23, 1, '2022-02-06 10:55:59'),
(114, '2', 23, 1, '2022-02-14 11:59:25'),
(115, '2', 23, 1, '2022-02-14 11:59:25'),
(116, '6', 27, 1, '2022-02-14 12:02:04'),
(117, '6', 27, 1, '2022-02-14 12:02:04'),
(118, '5', 26, 1, '2022-02-14 12:02:36'),
(119, '5', 26, 1, '2022-02-14 12:02:36'),
(120, '4', 25, 1, '2022-02-14 12:02:58'),
(121, '4', 25, 1, '2022-02-14 12:02:58'),
(124, '21', 29, 1, '2022-02-27 11:24:53'),
(125, '18', 30, 1, '2022-02-27 11:28:49'),
(126, '19', 31, 1, '2022-02-27 11:32:36'),
(127, '20', 32, 1, '2022-02-27 11:33:27'),
(128, '3', 4, 1, '2022-02-28 09:05:32'),
(129, '22', 34, 1, '2022-03-07 07:09:09'),
(130, '23', 21, 1, '2022-03-21 07:12:14'),
(131, '25', 29, 1, '2022-03-22 05:16:05'),
(132, '37', 34, 1, '2022-04-03 06:25:36'),
(133, '39', 23, 1, '2022-04-06 06:17:32'),
(134, '27', 7, 1, '2022-04-10 04:30:00');

-- --------------------------------------------------------

--
-- Table structure for table `setting`
--

CREATE TABLE `setting` (
  `id` int NOT NULL,
  `title` varchar(255) CHARACTER SET utf8mb4 COLLATE utf8mb4_general_ci DEFAULT NULL,
  `nameE` varchar(150) CHARACTER SET utf8mb4 COLLATE utf8mb4_general_ci DEFAULT NULL,
  `nameA` varchar(150) CHARACTER SET utf8mb4 COLLATE utf8mb4_general_ci DEFAULT NULL,
  `description` mediumtext CHARACTER SET utf8mb4 COLLATE utf8mb4_general_ci,
  `email` varchar(50) CHARACTER SET utf8mb4 COLLATE utf8mb4_general_ci DEFAULT NULL,
  `phone` varchar(20) CHARACTER SET utf8mb4 COLLATE utf8mb4_general_ci DEFAULT NULL,
  `address` varchar(150) CHARACTER SET utf8mb4 COLLATE utf8mb4_general_ci DEFAULT NULL,
  `logo` varchar(255) CHARACTER SET utf8mb4 COLLATE utf8mb4_general_ci DEFAULT NULL,
  `favicon` varchar(255) CHARACTER SET utf8mb4 COLLATE utf8mb4_general_ci DEFAULT NULL,
  `language` varchar(100) CHARACTER SET utf8mb4 COLLATE utf8mb4_general_ci DEFAULT NULL,
  `site_align` varchar(50) CHARACTER SET utf8mb4 COLLATE utf8mb4_general_ci DEFAULT NULL,
  `footer_text` varchar(255) CHARACTER SET utf8mb4 COLLATE utf8mb4_general_ci DEFAULT NULL,
  `currency` varchar(30) CHARACTER SET utf8mb4 COLLATE utf8mb4_general_ci NOT NULL,
  `currency_symbol` varchar(4) CHARACTER SET utf8mb4 COLLATE utf8mb4_general_ci NOT NULL,
  `currency_position` varchar(20) CHARACTER SET utf8mb4 COLLATE utf8mb4_general_ci NOT NULL,
  `time_zone` varchar(100) CHARACTER SET utf8mb4 COLLATE utf8mb4_general_ci DEFAULT NULL,
  `default_vat` decimal(6,2) NOT NULL,
  `voucher_notes` varchar(250) CHARACTER SET utf8mb4 COLLATE utf8mb4_general_ci DEFAULT NULL,
  `gender` mediumtext CHARACTER SET utf8mb4 COLLATE utf8mb4_general_ci NOT NULL,
  `marital` mediumtext CHARACTER SET utf8mb4 COLLATE utf8mb4_general_ci NOT NULL,
  `blood` mediumtext CHARACTER SET utf8mb4 COLLATE utf8mb4_general_ci NOT NULL
) ENGINE=InnoDB DEFAULT CHARSET=utf8mb4 COLLATE=utf8mb4_general_ci;

--
-- Dumping data for table `setting`
--

INSERT INTO `setting` (`id`, `title`, `nameE`, `nameA`, `description`, `email`, `phone`, `address`, `logo`, `favicon`, `language`, `site_align`, `footer_text`, `currency`, `currency_symbol`, `currency_position`, `time_zone`, `default_vat`, `voucher_notes`, `gender`, `marital`, `blood`) VALUES
(1, 'SA AGRO FEEDS LIMITED', 'Manufacturer of Poultry, Fish & Cattle feeds', '', NULL, 'info@saagrofeeds.com', '01777559922', 'Mithapukur, Rangpur', '/assets/dist/img/logo/1638771115_0611f175838268976d0a.jpg', '/assets/dist/img/favicon/1638771115_86750147dc6480a3f068.jpg', '', 'left-to-right', '2021Copyright', 'BDT', '', 'left-space', 'Asia/Dhaka', '15.00', 'It is a long established fact that a reader will be distracted by the readable content of a page when looking at its layout. The point of using Lorem Ipsum is that it has a more-or-less', '[\"Male\",\"Female\",\"Others\",\"Three\"]', '[\"Single\",\"Married\",\"Widowed\",\"Separated\",\"No Specified\"]', '[\"A+\",\"A-\",\"B+\",\"B-\",\"AB+\",\"AB-\",\"O+\",\"O-\"]');

-- --------------------------------------------------------

--
-- Table structure for table `setting_vouchers`
--

CREATE TABLE `setting_vouchers` (
  `id` int NOT NULL,
  `nameE` varchar(40) CHARACTER SET utf8mb4 COLLATE utf8mb4_general_ci NOT NULL,
  `nameA` varchar(40) CHARACTER SET utf8mb4 COLLATE utf8mb4_general_ci NOT NULL,
  `type` varchar(50) CHARACTER SET utf8mb4 COLLATE utf8mb4_general_ci NOT NULL,
  `phrases` mediumtext CHARACTER SET utf8mb4 COLLATE utf8mb4_general_ci NOT NULL,
  `created_by` int NOT NULL,
  `created_date` datetime NOT NULL DEFAULT CURRENT_TIMESTAMP,
  `updated_by` int DEFAULT NULL,
  `updated_date` datetime DEFAULT NULL,
  `status` tinyint(1) NOT NULL DEFAULT '1'
) ENGINE=InnoDB DEFAULT CHARSET=utf8mb4 COLLATE=utf8mb4_general_ci;

--
-- Dumping data for table `setting_vouchers`
--

INSERT INTO `setting_vouchers` (`id`, `nameE`, `nameA`, `type`, `phrases`, `created_by`, `created_date`, `updated_by`, `updated_date`, `status`) VALUES
(1, 'Service Invoice', '', 'service_invoice', '{\"english\":{\"voucher_title\":\"Service Invoice\",\"address\":\"123\\/A, Street, State-12345,Riyadh, Saudi Arabic\",\"email\":\"demo@gmail.com\",\"phone\":\"12345678901\",\"default_vat\":\"15\",\"vat_no\":\"Vat no\",\"invoice_to\":\"Invoice to\",\"invoice_no\":\"Invoice no\",\"file_no\":\"File no\",\"mobile_no\":\"Mobile no\",\"age\":\"Age\",\"gender\":\"Gender\",\"nid_no\":\"NID no\",\"invoice_date\":\"Invoice date\",\"created_date\":\"Created date\",\"doctor_name\":\"Doctor name\",\"code_no\":\"Code no\",\"item_name\":\"Item name\",\"qty\":\"Qty\",\"price\":\"Price\",\"gross_total\":\"Gross total\",\"doctor_discount\":\"Doctor discount\",\"offer_discount\":\"Offer discount\",\"total_net\":\"Total net\",\"vat\":\"Vat\",\"total\":\"Total\",\"payment_method\":\"Payment method\",\"total_discount\":\"Total discount\",\"total_discount_%\":\"Total discount %\",\"total_vat\":\"Total vat\",\"grand_total\":\"Grand total\",\"total_paid\":\"Total paid\",\"total_due\":\"Total due\",\"signature_by_cash\":\"Signature by cashier\",\"patient_signature\":\"Patient signature\",\"item_return_policy\":\"It is a long-established fact that a reader will be distracted by the readable content of a page when looking at its layout. The point of using Lorem Ipsum is that it has a more-or-less\",\"thanking\":\"Thank you very much for shopping with us.\"},\"arabic\":{\"voucher_title\":\"Service Invoice\",\"address\":\"123\\/A, Street, State-12345,Riyadh, Saudi Arabic\",\"email\":\"demo@gmail.com\",\"phone\":\"12345678901\",\"default_vat\":\"15\",\"vat_no\":\"Vat no\",\"invoice_to\":\"Invoice to\",\"invoice_no\":\"Invoice no\",\"file_no\":\"File no\",\"mobile_no\":\"Mobile no\",\"age\":\"Age\",\"gender\":\"Gender\",\"nid_no\":\"NID no\",\"invoice_date\":\"Invoice date\",\"created_date\":\"Created date\",\"doctor_name\":\"Doctor name\",\"code_no\":\"Code no\",\"item_name\":\"Item name\",\"qty\":\"Qty\",\"price\":\"Price\",\"gross_total\":\"Gross total\",\"doctor_discount\":\"Doctor discount\",\"offer_discount\":\"Offer discount\",\"total_net\":\"Total net\",\"vat\":\"Vat\",\"total\":\"Total\",\"payment_method\":\"Payment method\",\"total_discount\":\"Total discount\",\"total_discount_%\":\"Total discount %\",\"total_vat\":\"Total vat\",\"grand_total\":\"Grand total\",\"total_paid\":\"Total paid\",\"total_due\":\"Total due\",\"signature_by_cash\":\"Signature by cash\",\"patient_signature\":\"Patient signature\",\"item_return_policy\":\"It is a long-established fact that a reader will be distracted by the readable content of a page when looking at its layout. The point of using Lorem Ipsum is that it has a more-or-less\",\"thanking\":\"Thank you very much for shopping with us.\"}}', 2, '2021-08-24 19:04:25', NULL, NULL, 1),
(2, 'Receipt Voucher', '', 'receipt_voucher', '{\"english\":{\"voucher_title\":\"Receipt Voucher\",\"address\":\"123\\/A, Street, State-12345,Riyadh, Saudi Arabic\",\"email\":\"demo@gmail.com\",\"phone\":\"12345678901\",\"default_vat\":\"15\",\"vat_no\":\"Vat no\",\"voucher_to\":\"Voucher to\",\"voucher_no\":\"Voucher No\",\"file_no\":\"File No\",\"mobile_no\":\"Mobile No\",\"age\":\"Age\",\"gender\":\"Gender\",\"nid_no\":\"NID No\",\"voucher_date\":\"Voucher date\",\"created_date\":\"Created Date\",\"code_no\":\"Code no\",\"amount\":\"Amount\",\"qty\":\"Qty\",\"price\":\"Price\",\"discount\":\"Discount\",\"total_net\":\"Total Net\",\"vat\":\"Vat\",\"total\":\"Total\",\"payment_method\":\"Payment Method\",\"description\":\"Description\",\"notes\":\"Notes\",\"total_vat\":\"Total vat\",\"grand_total\":\"Grand Total\",\"total_paid\":\"Total paid\",\"signature_by_cash\":\"Signature by cash\",\"depositor_signature\":\"Depositor signature\",\"item_return_policy\":\"We strictly handle all transactions.\",\"thanking\":\"Thank you very much for shopping with us.\",\"doctor_name\":\"Doctor Name\",\"reference_credit_invoice_id\":\"Reference credit invoice ID\",\"sub_total\":\"Sub Total\",\"total_discount\":\"Total Discount\"},\"arabic\":{\"voucher_title\":\"Receipt Voucher\",\"address\":\"123\\/A, Street, State-12345,Riyadh, Saudi Arabic\",\"email\":\"demo@gmail.com\",\"phone\":\"12345678901\",\"default_vat\":\"15\",\"vat_no\":\"Vat no\",\"voucher_to\":\"Voucher to\",\"voucher_no\":\"Voucher No\",\"file_no\":\"File No\",\"mobile_no\":\"Mobile No\",\"age\":\"Age\",\"gender\":\"Gender\",\"nid_no\":\"NID No\",\"voucher_date\":\"Voucher date\",\"created_date\":\"Created Date\",\"code_no\":\"Code no\",\"amount\":\"Amount\",\"qty\":\"Qty\",\"price\":\"Price\",\"discount\":\"Discount\",\"total_net\":\"Total Net\",\"vat\":\"Vat\",\"total\":\"Total\",\"payment_method\":\"Payment Method\",\"description\":\"Description\",\"notes\":\"Notes\",\"total_vat\":\"Total vat\",\"grand_total\":\"Total vat\",\"total_paid\":\"Total paid\",\"signature_by_cash\":\"Signature by cash\",\"depositor_signature\":\"Depositor signature\",\"item_return_policy\":\"We strictly handle all transactions.\",\"thanking\":\"Thank you very much for shopping with us.\",\"doctor_name\":\"Doctor Name\",\"reference_credit_invoice_id\":\"Reference credit invoice ID\",\"sub_total\":\"Sub Total\",\"total_discount\":\"Total Discount\"}}', 2, '2021-08-25 14:17:36', NULL, NULL, 1);

-- --------------------------------------------------------

--
-- Table structure for table `store_transfer_details`
--

CREATE TABLE `store_transfer_details` (
  `id` int NOT NULL,
  `transfer_id` bigint DEFAULT NULL,
  `from_store` int DEFAULT NULL,
  `to_store` int DEFAULT NULL,
  `product_id` int DEFAULT NULL,
  `batch_id` varchar(30) CHARACTER SET utf8 COLLATE utf8_unicode_ci DEFAULT NULL,
  `bag_weight` decimal(10,0) DEFAULT NULL,
  `transfer_qty` float DEFAULT NULL,
  `total_weight` float DEFAULT NULL
) ENGINE=InnoDB DEFAULT CHARSET=utf8mb3 COLLATE=utf8_unicode_ci;

--
-- Dumping data for table `store_transfer_details`
--

INSERT INTO `store_transfer_details` (`id`, `transfer_id`, `from_store`, `to_store`, `product_id`, `batch_id`, `bag_weight`, `transfer_qty`, `total_weight`) VALUES
(1, 20220326070136, 1, 6, 14, 'BTC-1469', '2', 5, 10),
(2, 20220403043409, 4, 6, 15, 'BTC-1575', '2', 1, 2);

-- --------------------------------------------------------

--
-- Table structure for table `store_transfer_main`
--

CREATE TABLE `store_transfer_main` (
  `id` int NOT NULL,
  `transfer_id` bigint NOT NULL,
  `from_store` int DEFAULT NULL,
  `date` date DEFAULT NULL,
  `created_by` int DEFAULT NULL,
  `created_date` timestamp NOT NULL DEFAULT CURRENT_TIMESTAMP
) ENGINE=InnoDB DEFAULT CHARSET=utf8mb3 COLLATE=utf8_unicode_ci;

--
-- Dumping data for table `store_transfer_main`
--

INSERT INTO `store_transfer_main` (`id`, `transfer_id`, `from_store`, `date`, `created_by`, `created_date`) VALUES
(1, 20220326070136, 1, '2022-03-26', 1, '2022-03-26 13:01:36'),
(2, 20220403043409, 4, '2022-04-03', 1, '2022-04-03 10:34:09');

-- --------------------------------------------------------

--
-- Table structure for table `sub_module`
--

CREATE TABLE `sub_module` (
  `id` int NOT NULL,
  `mid` int NOT NULL,
  `nameE` varchar(100) CHARACTER SET utf8mb4 COLLATE utf8mb4_general_ci NOT NULL,
  `nameA` varchar(100) CHARACTER SET utf8mb4 COLLATE utf8mb4_general_ci DEFAULT NULL,
  `label_no` int DEFAULT NULL,
  `parent_name` varchar(100) CHARACTER SET utf8mb4 COLLATE utf8mb4_general_ci DEFAULT NULL,
  `directory` varchar(50) CHARACTER SET utf8mb4 COLLATE utf8mb4_general_ci NOT NULL,
  `display` tinyint(1) NOT NULL DEFAULT '1',
  `status` tinyint(1) NOT NULL DEFAULT '1'
) ENGINE=InnoDB DEFAULT CHARSET=utf8mb4 COLLATE=utf8mb4_general_ci;

--
-- Dumping data for table `sub_module`
--

INSERT INTO `sub_module` (`id`, `mid`, `nameE`, `nameA`, `label_no`, `parent_name`, `directory`, `display`, `status`) VALUES
(1, 2, 'Language', '', 1, 'Application Settings', 'language', 1, 1),
(2, 3, 'Module List', ' ', 1, 'User Management', 'module', 1, 1),
(3, 3, 'Role List', ' ', 1, 'User Management', 'role', 1, 1),
(4, 3, 'User List', ' ', 1, 'User Management', 'sys_users', 1, 1),
(9, 7, 'Employee', '', 1, 'Human Resources', 'employee', 1, 1),
(12, 1, 'Messages', '', 1, 'Dashboard', 'messages', 1, 1),
(30, 9, 'Receipt Voucher', NULL, 2, 'Account Info', 'receipt_voucher', 1, 1),
(31, 9, 'Payment Voucher', NULL, 2, 'Account Info', 'payment_voucher', 1, 1),
(32, 9, 'Refund Voucher', NULL, 2, 'Account Info', 'refund_voucher', 1, 1),
(33, 9, 'User Wise Reports', NULL, 3, 'Account Reports', 'user_wise_report', 1, 1),
(68, 11, 'Vat reports', NULL, 1, 'All Reports', 'vat_reports', 1, 1),
(69, 11, 'Accounts reports', NULL, 1, 'All Reports', 'account_reports', 1, 1),
(71, 9, 'Debit Voucher', NULL, 2, 'Account Info', 'debit_voucher', 1, 1),
(72, 9, 'Credit Voucher', NULL, 2, 'Account Info', 'credit_voucher', 1, 1),
(73, 9, 'Voucher Approval', NULL, 2, 'Account Info', 'voucher_approval', 1, 1),
(75, 9, 'General Ledger', NULL, 3, 'Account Reports', 'gl_reports', 1, 1),
(76, 9, 'Profit Loss', NULL, 3, 'Account Reports', 'profit_loss', 1, 1),
(77, 9, 'Balance Sheet', NULL, 3, 'Account Reports', 'balance_sheet', 1, 1),
(78, 9, 'Cash flow', NULL, 3, 'Account Reports', 'cash_flow', 1, 1),
(79, 9, 'Trial Balance', NULL, 3, 'Account Reports', 'trial_balance', 1, 1),
(80, 2, 'Settings', NULL, 1, 'Application Settings', 'setting', 1, 1),
(81, 9, 'Journal Voucher', NULL, 2, 'Account Info', 'journal_voucher', 1, 1),
(96, 9, 'Voucher delete request approved', NULL, 1, 'Accounts', 'vchr_del_req_appr', 1, 1),
(106, 15, 'Partial Export', NULL, 1, 'Data Export', 'partial_export', 1, 1),
(107, 15, 'Full Backup', NULL, 1, 'Data Export', 'full_backup', 1, 1),
(116, 9, 'Opening balance', NULL, 2, 'Account Info', 'opening_balance', 1, 1),
(117, 9, 'Chart Of Accounts', NULL, 2, 'Account Info', 'chart_of_account', 1, 1),
(118, 15, 'Export User List', NULL, 2, 'Export', 'export_user_list', 1, 1),
(119, 15, 'Export Employee List', NULL, 2, 'Export', 'export_employee_list', 1, 1),
(124, 2, 'Parameter List', NULL, 1, 'Application Settings', 'parameter_list', 1, 1),
(130, 11, 'Cashier Income', NULL, 2, 'Management Reports', 'cashier_income_report', 1, 1),
(133, 11, 'Income Calculator Report', NULL, 2, 'Management Reports', 'income_calculator_report', 1, 1),
(134, 11, 'Activities log report', NULL, 2, 'Management Reports', 'activity_log_report', 1, 1),
(135, 11, 'Journal Reports', NULL, 2, 'Accounts Report', 'journal_report', 1, 1),
(166, 11, 'Account statement', NULL, 2, 'Accounts Report', 'account_statement', 1, 1),
(167, 11, 'Suppliers statement', NULL, 2, 'Accounts Report', 'supplier_statement', 1, 1),
(187, 7, 'Employee List', NULL, 2, 'Employee', 'employee_list', 1, 1),
(188, 7, 'attendance', NULL, 1, 'Human Resources', 'attendance', 1, 1),
(200, 7, 'Attendance Form', NULL, 2, 'Attendance', 'attendance_form', 1, 1),
(201, 18, 'Zone List', NULL, 2, 'Sale', 'zone_list', 1, 1),
(202, 18, 'Dealer List', NULL, 2, 'Sale', 'dealer_list', 1, 1),
(203, 18, 'Add DO', NULL, 2, 'Sale', 'add_do', 1, 1),
(204, 18, 'Sales Admin DO List', NULL, 2, 'Sale', 'do_list', 1, 1),
(205, 18, 'Accounts DO List', NULL, 2, 'Sale', 'account_do_list', 1, 1),
(206, 18, 'Factory Manager Do List', NULL, 2, 'Sale', 'factorymanager_do_list', 1, 1),
(207, 18, 'Delivery Section DO List', NULL, 2, 'Sale', 'deliverysection_do_list', 1, 1),
(208, 18, 'Store Section DO List', NULL, 2, 'Sale', 'storesection_do_list', 1, 1),
(209, 19, 'Category List', NULL, 2, 'Raw Material', 'categories', 1, 1),
(210, 19, 'Material List', NULL, 2, 'Raw Material', 'wh_material_items', 1, 1),
(211, 19, 'Material Supplier', NULL, 2, 'Raw Material', 'wh_material_supplier', 1, 1),
(212, 19, 'Material Store', NULL, 2, 'Raw Material', 'wh_material_store', 1, 1),
(213, 19, 'Material Store Balance', NULL, 2, 'Raw Material', 'wh_material_stock', 1, 1),
(214, 20, 'Material Purchase Requisition', NULL, 2, 'Local Purchase', 'wh_material_requisition', 1, 1),
(215, 20, 'Material Purchase Quotation', NULL, 2, 'Local Purchase', 'wh_material_quatation', 1, 1),
(216, 20, 'Material Purchase Order', NULL, 2, 'Local Purchase', 'wh_material_purchase', 1, 1),
(217, 20, 'Material Purchase Receive', NULL, 2, 'Local Purchase', 'wh_material_receive', 1, 1),
(218, 20, 'Material Purchase Received Voucher', NULL, 2, 'Local Purchase', 'wh_material_received_voucher', 1, 1),
(219, 21, 'Bag List', NULL, 2, 'Bag', 'wh_bag_items', 1, 1),
(220, 21, 'Bag Supplier', NULL, 2, 'Bag', 'wh_bag_supplier', 1, 1),
(221, 21, 'Bag Store', NULL, 2, 'Bag', 'wh_bag_store', 1, 1),
(222, 21, 'Bag Stock', NULL, 2, 'Bag', 'wh_bag_stock', 1, 1),
(223, 22, 'Bag Purchase Requisition', NULL, 2, 'Bag Purchase', 'wh_bag_requisition', 1, 1),
(224, 22, 'Bag Purchase Quotation', NULL, 2, 'Bag Purchase', 'wh_bag_quatation', 1, 1),
(225, 22, 'Bag Purchase Order', NULL, 2, 'Bag Purchase', 'wh_bag_purchase', 1, 1),
(226, 22, 'Bag Purchase Receive', NULL, 2, 'Bag Purchase', 'wh_bag_receive', 1, 1),
(227, 22, 'Bag Purchase Received Voucher', NULL, 2, 'Bag Purchase', 'wh_bag_received_voucher', 1, 1),
(228, 23, 'LC List', NULL, 2, 'Foreign Purchase', 'wh_lc', 1, 1),
(229, 23, 'Foreign Purchase Order', NULL, 2, 'Foreign Purchase', 'wh_foreign_purchase_order', 1, 1),
(230, 23, 'Foreign Purchase Receive', NULL, 2, 'Foreign Purchase', 'wh_foreign_purchase_receive', 1, 1),
(231, 23, 'Foreign Purchase Received Voucher', NULL, 2, 'Foreign Purchase', 'wh_foreign_purchase_received_voucher', 1, 1),
(232, 24, 'Categories', NULL, 1, 'Finished Goods', 'fg_categories', 1, 1),
(233, 24, 'Items', NULL, 1, 'Finished Goods', 'fg_items', 1, 1),
(234, 24, 'Store List', NULL, 1, 'Finished Goods', 'fg_store', 1, 1),
(235, 24, 'Stock Balance', NULL, 1, 'Finished Goods', 'fg_stock', 1, 1),
(236, 25, 'Plant List', NULL, 1, 'Production', 'plant_list', 1, 1),
(237, 25, 'Recipe List', NULL, 1, 'Production', 'recipe_list', 1, 1),
(238, 25, 'Production Plan', NULL, 1, 'Production', 'production_plan', 1, 1),
(239, 25, 'Material Consumption Request', NULL, 1, 'Production', 'material_request', 1, 1),
(240, 25, 'Approve Material Consumption', NULL, 1, 'Production', 'approve_material_req', 1, 1),
(241, 25, 'Bag Consumption Request', NULL, 1, 'Production', 'bag_request', 1, 1),
(242, 25, 'Approve Bag Consumption', NULL, 1, 'Production', 'approve_bag_request', 1, 1),
(243, 25, 'Production Entry', NULL, 1, 'Production', 'production_entry', 1, 1),
(244, 25, 'Production Voucher', NULL, 1, 'Production', 'production_voucher', 1, 1),
(245, 7, 'Attendance Log', NULL, 2, 'Attendance', 'attendance_log', 1, 1),
(246, 7, 'Attendance Setup', NULL, 2, 'Attendance', 'attendance_setup', 1, 1),
(255, 7, 'payroll', NULL, 1, 'Human Resources', 'payroll', 1, 1),
(256, 7, 'Add Benefits', NULL, 2, 'Payroll', 'add_benefits', 1, 1),
(257, 7, 'Benefit List', NULL, 2, 'Payroll', 'benefit_list', 1, 1),
(258, 7, 'Add Salarysetup', NULL, 2, 'Payroll', 'add_salarysetup', 1, 1),
(267, 7, 'Salary Setup List', NULL, 2, 'Payroll', 'salary_setup_list', 1, 1),
(268, 7, 'Salary Generate', NULL, 2, 'Payroll', 'salary_generate', 1, 1),
(269, 7, 'Salary Sheet', NULL, 2, 'Payroll', 'salary_sheet', 1, 1),
(270, 7, 'Salary Payment', NULL, 2, 'Payroll', 'salary_payment', 1, 1),
(271, 18, 'Gate Pass', '', 2, 'Sale', 'gate_pass', 1, 1),
(272, 7, 'Leave application', NULL, 2, 'Leave Management', 'leave_application', 1, 1),
(273, 7, 'Superior approval', NULL, 2, 'Leave Management', 'superior_approval', 1, 1),
(274, 7, 'Leave approval', NULL, 2, 'Leave Management', 'leave_approval', 1, 1),
(275, 7, 'Employee Type', '', 1, 'Human Resources', 'employee_type', 1, 1),
(276, 7, 'Designations', '', 1, 'Human Resources', 'designations', 1, 1),
(277, 7, 'Best Employee', '', 1, 'Human Resources', 'best_employee', 1, 1),
(278, 7, 'Weekends', '', 2, 'Holidays', 'week_ends', 1, 1),
(279, 7, 'Govt Holidays', '', 2, 'Holidays', 'govt_holidays', 1, 1),
(280, 7, 'Leave Type', NULL, 2, 'Leave Management', 'leave_type', 1, 1),
(281, 7, 'Earned Type', NULL, 2, 'Leave Management', 'earned_leave', 1, 1),
(282, 7, 'Shift', NULL, 2, 'Duty Roster', 'shift', 1, 1),
(283, 7, 'Roster', NULL, 2, 'Duty Roster', 'roster', 1, 1),
(284, 7, 'Roster Assign', NULL, 2, 'Duty Roster', 'roster_assign', 1, 1),
(285, 7, 'Attendance Dashboard', NULL, 2, 'Duty Roster', 'attendance_dashboard', 1, 1),
(286, 7, 'Basic Salary Setup', NULL, 2, 'Setup', 'basic_salary_setup', 1, 1),
(287, 7, 'Allowance Setup', NULL, 2, 'Setup', 'allowance_setup', 1, 1),
(288, 7, 'Attendance Sheet', NULL, 2, 'Reports', 'attendance_sheet', 1, 1),
(289, 7, 'Overtime Sheet', NULL, 2, 'Reports', 'overtime_sheet', 1, 1),
(290, 7, 'Branch', '', 1, 'Human Resources', 'branch', 1, 1),
(291, 7, 'Departments', '', 1, 'Human Resources', 'departments', 1, 1);

-- --------------------------------------------------------

--
-- Table structure for table `tour_plan`
--

CREATE TABLE `tour_plan` (
  `id` int NOT NULL,
  `hrm_attendance` varchar(20) CHARACTER SET utf8mb4 COLLATE utf8mb4_general_ci DEFAULT NULL,
  `emp_id` int NOT NULL,
  `date` date DEFAULT NULL,
  `revised` tinyint DEFAULT '0' COMMENT '1=revised',
  `address` varchar(200) CHARACTER SET utf8mb4 COLLATE utf8mb4_general_ci NOT NULL,
  `latitude` varchar(200) CHARACTER SET utf8mb4 COLLATE utf8mb4_general_ci NOT NULL,
  `longitude` varchar(200) CHARACTER SET utf8mb4 COLLATE utf8mb4_general_ci NOT NULL
) ENGINE=InnoDB DEFAULT CHARSET=utf8mb4 COLLATE=utf8mb4_general_ci;

-- --------------------------------------------------------

--
-- Table structure for table `user`
--

CREATE TABLE `user` (
  `id` int NOT NULL,
  `emp_id` int NOT NULL,
  `fullname` varchar(100) CHARACTER SET utf8mb4 COLLATE utf8mb4_general_ci NOT NULL,
  `email` varchar(50) CHARACTER SET utf8mb4 COLLATE utf8mb4_general_ci DEFAULT NULL,
  `username` varchar(30) CHARACTER SET utf8mb4 COLLATE utf8mb4_general_ci NOT NULL,
  `password` varchar(32) CHARACTER SET utf8mb4 COLLATE utf8mb4_general_ci DEFAULT NULL,
  `user_role` tinyint NOT NULL,
  `branch_id` varchar(100) CHARACTER SET utf8mb4 COLLATE utf8mb4_general_ci NOT NULL,
  `department_id` int NOT NULL,
  `warehouse_id` int DEFAULT '0',
  `store_id` int DEFAULT '0',
  `mobile` varchar(15) CHARACTER SET utf8mb4 COLLATE utf8mb4_general_ci DEFAULT NULL,
  `date_of_birth` date DEFAULT NULL,
  `gender` varchar(10) CHARACTER SET utf8mb4 COLLATE utf8mb4_general_ci DEFAULT NULL,
  `pass_reset_token` varchar(150) CHARACTER SET utf8mb4 COLLATE utf8mb4_general_ci DEFAULT NULL,
  `auth_token` varchar(100) CHARACTER SET utf8mb4 COLLATE utf8mb4_general_ci DEFAULT NULL,
  `last_activity` timestamp NULL DEFAULT NULL,
  `created_by` int DEFAULT NULL,
  `created_date` datetime DEFAULT CURRENT_TIMESTAMP,
  `updated_date` datetime DEFAULT NULL,
  `updated_by` int DEFAULT NULL,
  `status` tinyint(1) NOT NULL DEFAULT '1' COMMENT '1=active, 0=inactive'
) ENGINE=InnoDB DEFAULT CHARSET=utf8mb4 COLLATE=utf8mb4_general_ci;

--
-- Dumping data for table `user`
--

INSERT INTO `user` (`id`, `emp_id`, `fullname`, `email`, `username`, `password`, `user_role`, `branch_id`, `department_id`, `warehouse_id`, `store_id`, `mobile`, `date_of_birth`, `gender`, `pass_reset_token`, `auth_token`, `last_activity`, `created_by`, `created_date`, `updated_date`, `updated_by`, `status`) VALUES
(1, 1, 'Super Admin', 'admin@gmail.com', 'admin123', 'e10adc3949ba59abbe56e057f20f883e', 1, '7,8,9', 54, 0, 1, '45323434', '1969-12-31', 'Male', NULL, 'bd_6255461da5a964.14957530', NULL, 1, '2020-11-18 15:32:24', NULL, NULL, 1),
(15, 2, 'Md Mahbub', NULL, 'salesadmin@gmail.com', 'e10adc3949ba59abbe56e057f20f883e', 23, '7', 4, 0, 0, '0154842456', NULL, NULL, NULL, 'bd_621cc55f01fc42.31157542', NULL, 1, '2022-01-10 04:39:12', NULL, NULL, 1),
(16, 3, 'Md Tanvir', NULL, 'accountant@gmail.com', 'e10adc3949ba59abbe56e057f20f883e', 4, '7', 5, 0, 0, '234234233', NULL, NULL, NULL, 'bd_62209db7352f70.96845794', NULL, 1, '2022-01-10 04:39:42', NULL, NULL, 1),
(17, 4, 'Md Shakil', NULL, 'factorymanager@gmail.com', 'e10adc3949ba59abbe56e057f20f883e', 25, '7', 6, 0, 0, '2342342322', NULL, NULL, NULL, 'bd_6237fb876422e8.70436000', NULL, 1, '2022-01-10 04:40:04', NULL, NULL, 1),
(18, 5, 'Mr Sadik', NULL, 'deliverymanager@gmail.com', 'e10adc3949ba59abbe56e057f20f883e', 26, '7', 7, 0, 0, '2342343432', NULL, NULL, NULL, 'bd_621b4f41e13268.77748151', NULL, 1, '2022-01-10 04:41:02', NULL, NULL, 1),
(19, 6, 'Mrs Marse', NULL, 'storemanager@gmail.com', 'e10adc3949ba59abbe56e057f20f883e', 27, '7', 8, 0, 0, '01548424531', NULL, NULL, NULL, 'bd_621b4f4dd70566.23082963', NULL, 1, '2022-01-10 04:41:30', NULL, NULL, 1),
(23, 7, 'lala lala', NULL, 'lala@admin.com', 'b2060f4beb31f4416827861026d71bdc', 28, '', 3, 0, 0, '0454545', NULL, NULL, NULL, 'bd_6239525b961190.06233608', NULL, 2, '2022-01-26 07:53:29', NULL, NULL, 1),
(24, 36, 'Nabid Ahmed', NULL, 'nabid@gmail.com', 'e10adc3949ba59abbe56e057f20f883e', 23, '', 19, 0, 0, '2324', NULL, NULL, NULL, 'bd_624d232fab3df6.59215189', NULL, 1, '2022-02-02 11:04:19', NULL, NULL, 1),
(27, 15, 'Nasir  ahmed', NULL, 'super@admin.com', 'e10adc3949ba59abbe56e057f20f883e', 23, '', 4, 0, 0, '435', NULL, NULL, NULL, 'bd_624d1bcf376019.25858736', NULL, 1, '2022-02-06 10:55:19', NULL, NULL, 1),
(28, 16, 'Jakir ahmed', NULL, 'admin21@admin.com', 'e10adc3949ba59abbe56e057f20f883e', 23, '', 4, 0, 0, '234', NULL, NULL, NULL, NULL, NULL, 1, '2022-02-06 10:55:59', NULL, NULL, 1),
(29, 21, 'HR  Admin', NULL, 'hradmin@gmail.com', 'e10adc3949ba59abbe56e057f20f883e', 29, '', 10, 0, 0, '4534534', NULL, NULL, NULL, 'bd_624051105c28b8.15437284', NULL, 1, '2022-02-27 11:24:53', NULL, NULL, 1),
(30, 18, 'Azad Hossain', NULL, 'purchaseadmin@gmail.com', 'e10adc3949ba59abbe56e057f20f883e', 30, '', 11, 0, 0, '0125485214', NULL, NULL, NULL, 'bd_6239a004c47ea6.22745633', NULL, 1, '2022-02-27 11:28:49', NULL, NULL, 1),
(31, 19, 'Nabila Rahman', NULL, 'Productionadmin@gmail.com', 'e10adc3949ba59abbe56e057f20f883e', 31, '', 12, 0, 0, '234532', NULL, NULL, NULL, 'bd_6242c4b4c62075.16214604', NULL, 1, '2022-02-27 11:32:36', NULL, NULL, 1),
(32, 20, 'Dalim Ahmed', NULL, 'inventoryadmin@gmail.com', 'e10adc3949ba59abbe56e057f20f883e', 32, '', 13, 0, 0, '435435', NULL, NULL, NULL, 'bd_6242c67127b171.07031334', NULL, 1, '2022-02-27 11:33:27', NULL, NULL, 1),
(33, 22, 'Al Hasan', NULL, 'sales123', 'e10adc3949ba59abbe56e057f20f883e', 34, '', 14, 0, 0, '01589668547', NULL, NULL, NULL, 'bd_624d24cab74010.91084604', NULL, 1, '2022-03-07 07:09:09', NULL, NULL, 1),
(35, 23, 'Mahub Misor', NULL, 'misor@gmail.com', 'e10adc3949ba59abbe56e057f20f883e', 21, '', 1, 0, 0, '01738083336', NULL, NULL, NULL, 'bd_6242cf8abc5861.73172939', NULL, 1, '2022-03-21 07:12:14', NULL, NULL, 1),
(36, 25, 'Tuhin Sarkar', NULL, 'yuhin@gmail.com', 'e10adc3949ba59abbe56e057f20f883e', 29, '', 3, 0, 0, '01738083336', NULL, NULL, NULL, 'bd_6242cf4b43da82.78821507', NULL, 1, '2022-03-22 05:16:05', NULL, NULL, 1),
(37, 37, 'jamshed alam', NULL, 'jamshed', 'e10adc3949ba59abbe56e057f20f883e', 34, '', 19, 0, 0, '01926917900', NULL, NULL, NULL, 'bd_624d24868abb58.05205202', NULL, 1, '2022-04-03 06:25:36', NULL, NULL, 1),
(38, 39, 'Royel Miya', NULL, 'royel@gmail.com', 'e10adc3949ba59abbe56e057f20f883e', 23, '', 3, 0, 0, '018554462544', NULL, NULL, NULL, 'bd_624d30a0f23c27.63407706', NULL, 1, '2022-04-06 06:17:32', NULL, NULL, 1),
(40, 27, 'Sales Men', NULL, 'salesmen@gmail.com', 'e10adc3949ba59abbe56e057f20f883e', 7, '', 19, 0, 0, '00000', NULL, NULL, NULL, NULL, NULL, 1, '2022-04-10 04:30:00', NULL, NULL, 1);

-- --------------------------------------------------------

--
-- Table structure for table `user_details`
--

CREATE TABLE `user_details` (
  `id` int NOT NULL,
  `user_id` int NOT NULL,
  `father_name` varchar(60) CHARACTER SET utf8mb4 COLLATE utf8mb4_general_ci DEFAULT NULL,
  `mother_name` varchar(60) CHARACTER SET utf8mb4 COLLATE utf8mb4_general_ci DEFAULT NULL,
  `qualification` mediumtext CHARACTER SET utf8mb4 COLLATE utf8mb4_general_ci,
  `work_experience` mediumtext CHARACTER SET utf8mb4 COLLATE utf8mb4_general_ci,
  `present_address` varchar(200) CHARACTER SET utf8mb4 COLLATE utf8mb4_general_ci DEFAULT NULL,
  `permanent_address` varchar(200) CHARACTER SET utf8mb4 COLLATE utf8mb4_general_ci DEFAULT NULL,
  `emergency_person` varchar(60) CHARACTER SET utf8mb4 COLLATE utf8mb4_general_ci DEFAULT NULL,
  `emergency_contact` varchar(15) CHARACTER SET utf8mb4 COLLATE utf8mb4_general_ci DEFAULT NULL,
  `account_title` varchar(150) CHARACTER SET utf8mb4 COLLATE utf8mb4_general_ci DEFAULT NULL,
  `account_number` varchar(50) CHARACTER SET utf8mb4 COLLATE utf8mb4_general_ci DEFAULT NULL,
  `bank_name` varchar(150) CHARACTER SET utf8mb4 COLLATE utf8mb4_general_ci DEFAULT NULL,
  `branch_name` varchar(50) CHARACTER SET utf8mb4 COLLATE utf8mb4_general_ci DEFAULT NULL,
  `facebook` varchar(200) CHARACTER SET utf8mb4 COLLATE utf8mb4_general_ci DEFAULT NULL,
  `twitter` varchar(200) CHARACTER SET utf8mb4 COLLATE utf8mb4_general_ci DEFAULT NULL,
  `instragram` varchar(200) CHARACTER SET utf8mb4 COLLATE utf8mb4_general_ci DEFAULT NULL,
  `linkedin` varchar(200) CHARACTER SET utf8mb4 COLLATE utf8mb4_general_ci DEFAULT NULL,
  `resume` varchar(200) CHARACTER SET utf8mb4 COLLATE utf8mb4_general_ci DEFAULT NULL,
  `joining_letter` varchar(200) CHARACTER SET utf8mb4 COLLATE utf8mb4_general_ci DEFAULT NULL,
  `other_file` varchar(200) CHARACTER SET utf8mb4 COLLATE utf8mb4_general_ci DEFAULT NULL
) ENGINE=InnoDB DEFAULT CHARSET=utf8mb4 COLLATE=utf8mb4_general_ci;

--
-- Dumping data for table `user_details`
--

INSERT INTO `user_details` (`id`, `user_id`, `father_name`, `mother_name`, `qualification`, `work_experience`, `present_address`, `permanent_address`, `emergency_person`, `emergency_contact`, `account_title`, `account_number`, `bank_name`, `branch_name`, `facebook`, `twitter`, `instragram`, `linkedin`, `resume`, `joining_letter`, `other_file`) VALUES
(1, 11, 'sadasd', 'sds', 'dasd', 'sdsadsad', 'sadasd', 'sdasdsa', 'sadsad', '454535434', 'sdsd', '453443432', 'zxZ', 'sasddff', 'dfdsfsd', 'dsfds', NULL, 'dsfdf', NULL, NULL, NULL),
(2, 16, 'testtt', 'tttstst', 'dfdf', 'dfsdf', 'dfsdfsdf', 'dfsdf', 'kkskas', '4858345', 'fsdfsd', 'fdsfdsf', 'fsdf', 'dfsdf', 'dsfsd', 'fsdf', 'dsfsdfs', 'dfsd', './assets/dist/img/employee/1604922077_fa5df56e6be0c48cd6b4.docx', './assets/dist/img/employee/1604922077_dd24d1b87c737bcc5022.png', './assets/dist/img/employee/1604922077_d928f40ed9bd91f9570e.pdf'),
(1000, 17, 'asdas', 'asas', 'dsaasd', 'sadasd', 'sadsad', 'asd', 'sadasdasd', 'asd', 'sadas', 'dasd', 'sdasd', 'asdasd', 'asd', 'sadasd', 'asdasd', 'asdasd', NULL, NULL, NULL),
(1001, 18, 'assasasa', 'dfsds', 'sadsad', 'asdasd', 'sadasd', 'asdasd', 'dsdsadas', 'dasdasdas', 'sadasd', 'sad', 'sadsadsad', 'sdasd', 'dsdssd', 'sad', 'sadsadsadsad', 'sadsdsd', './assets/dist/img/employee/1605009506_15ca43f656b5abf602de.pdf', './assets/dist/img/employee/1605009506_b91d1d817b5f583749a0.png', NULL);

-- --------------------------------------------------------

--
-- Table structure for table `vouchers`
--

CREATE TABLE `vouchers` (
  `id` int NOT NULL,
  `branch_id` int NOT NULL DEFAULT '1',
  `patient_id` int NOT NULL,
  `package_id` int NOT NULL,
  `vtype` varchar(10) CHARACTER SET utf8mb4 COLLATE utf8mb4_general_ci NOT NULL,
  `total` decimal(12,2) NOT NULL DEFAULT '0.00',
  `receipt` decimal(10,2) NOT NULL DEFAULT '0.00',
  `due` decimal(10,2) NOT NULL DEFAULT '0.00',
  `vat_percent` decimal(6,2) NOT NULL DEFAULT '0.00',
  `vat` decimal(8,2) NOT NULL DEFAULT '0.00',
  `grand_total` decimal(12,2) NOT NULL DEFAULT '0.00',
  `remaining_balance` decimal(10,2) NOT NULL DEFAULT '0.00',
  `voucher_date` date NOT NULL,
  `created_date` datetime NOT NULL DEFAULT CURRENT_TIMESTAMP,
  `doctor_id` int NOT NULL,
  `created_by` int NOT NULL,
  `remarks` varchar(200) CHARACTER SET utf8mb4 COLLATE utf8mb4_general_ci DEFAULT NULL,
  `update_notes` varchar(200) CHARACTER SET utf8mb4 COLLATE utf8mb4_general_ci DEFAULT NULL,
  `updated_by` int DEFAULT NULL,
  `updated_date` datetime DEFAULT NULL,
  `delete_ref_id` varchar(11) CHARACTER SET utf8mb4 COLLATE utf8mb4_general_ci DEFAULT NULL,
  `isPaid` tinyint(1) NOT NULL DEFAULT '1' COMMENT '1=paid, 0=not paid',
  `isPV` int NOT NULL DEFAULT '0' COMMENT '0=false, PV=Payment Voucher',
  `isCredit` int NOT NULL DEFAULT '0' COMMENT '0=false, otherwise invoice Id',
  `isDelReq` tinyint(1) NOT NULL DEFAULT '0' COMMENT '1=true, 0=false',
  `del_req_by` int DEFAULT NULL,
  `del_req_date` datetime DEFAULT NULL,
  `del_appr_by` int DEFAULT NULL,
  `del_appr_date` datetime DEFAULT NULL,
  `attach_file` varchar(200) CHARACTER SET utf8mb4 COLLATE utf8mb4_general_ci DEFAULT NULL,
  `isClosed` tinyint(1) NOT NULL DEFAULT '0' COMMENT '1=cloased, 0=open',
  `status` tinyint(1) NOT NULL DEFAULT '1' COMMENT '1=acitve, 0=delete'
) ENGINE=InnoDB DEFAULT CHARSET=utf8mb4 COLLATE=utf8mb4_general_ci;

-- --------------------------------------------------------

--
-- Table structure for table `voucher_details`
--

CREATE TABLE `voucher_details` (
  `id` bigint NOT NULL,
  `voucher_id` int NOT NULL,
  `service_id` int NOT NULL,
  `qty` int NOT NULL DEFAULT '1',
  `price` decimal(10,2) NOT NULL DEFAULT '0.00',
  `discount` decimal(6,2) NOT NULL DEFAULT '0.00',
  `vat` decimal(8,2) NOT NULL DEFAULT '0.00',
  `amount` decimal(10,2) NOT NULL
) ENGINE=InnoDB DEFAULT CHARSET=utf8mb4 COLLATE=utf8mb4_general_ci;

-- --------------------------------------------------------

--
-- Table structure for table `voucher_payment_method`
--

CREATE TABLE `voucher_payment_method` (
  `id` bigint NOT NULL,
  `voucher_id` int NOT NULL,
  `pay_method_id` int NOT NULL,
  `card_or_cheque_no` varchar(15) CHARACTER SET utf8mb4 COLLATE utf8mb4_general_ci DEFAULT NULL,
  `bank_name` varchar(30) CHARACTER SET utf8mb4 COLLATE utf8mb4_general_ci DEFAULT NULL,
  `expiry_date` date DEFAULT NULL,
  `amount` decimal(10,2) NOT NULL DEFAULT '0.00'
) ENGINE=InnoDB DEFAULT CHARSET=utf8mb4 COLLATE=utf8mb4_general_ci;

-- --------------------------------------------------------

--
-- Table structure for table `voucher_type_list`
--

CREATE TABLE `voucher_type_list` (
  `id` int NOT NULL,
  `type` varchar(15) CHARACTER SET utf8mb4 COLLATE utf8mb4_general_ci NOT NULL,
  `nameE` varchar(40) CHARACTER SET utf8mb4 COLLATE utf8mb4_general_ci NOT NULL,
  `nameA` varchar(40) CHARACTER SET utf8mb4 COLLATE utf8mb4_general_ci DEFAULT NULL,
  `table_name` varchar(40) CHARACTER SET utf8mb4 COLLATE utf8mb4_general_ci NOT NULL,
  `status` tinyint(1) NOT NULL DEFAULT '1' COMMENT '1=active, 0=inactive'
) ENGINE=InnoDB DEFAULT CHARSET=utf8mb4 COLLATE=utf8mb4_general_ci;

-- --------------------------------------------------------

--
-- Table structure for table `wh_area`
--

CREATE TABLE `wh_area` (
  `id` int NOT NULL,
  `code` varchar(20) CHARACTER SET utf8mb4 COLLATE utf8mb4_general_ci NOT NULL,
  `name` varchar(50) CHARACTER SET utf8mb4 COLLATE utf8mb4_general_ci NOT NULL,
  `status` tinyint(1) NOT NULL DEFAULT '1'
) ENGINE=InnoDB DEFAULT CHARSET=utf8mb4 COLLATE=utf8mb4_general_ci;

-- --------------------------------------------------------

--
-- Table structure for table `wh_assets`
--

CREATE TABLE `wh_assets` (
  `id` int NOT NULL,
  `item_code` varchar(20) CHARACTER SET utf8mb4 COLLATE utf8mb4_general_ci DEFAULT NULL,
  `nameE` varchar(50) CHARACTER SET utf8mb4 COLLATE utf8mb4_general_ci DEFAULT NULL,
  `cat_id` int DEFAULT NULL,
  `parent_name` varchar(50) CHARACTER SET utf8mb4 COLLATE utf8mb4_general_ci DEFAULT NULL,
  `acc_head` bigint DEFAULT NULL,
  `unit_id` int DEFAULT NULL,
  `vat_applicable` tinyint(1) NOT NULL DEFAULT '0',
  `description` text CHARACTER SET utf8mb4 COLLATE utf8mb4_general_ci,
  `created_by` int DEFAULT NULL,
  `created_date` datetime NOT NULL DEFAULT CURRENT_TIMESTAMP,
  `updated_by` int DEFAULT NULL,
  `updated_date` datetime NOT NULL DEFAULT CURRENT_TIMESTAMP,
  `status` tinyint NOT NULL DEFAULT '1'
) ENGINE=InnoDB DEFAULT CHARSET=utf8mb4 COLLATE=utf8mb4_general_ci;

-- --------------------------------------------------------

--
-- Table structure for table `wh_assets_categories`
--

CREATE TABLE `wh_assets_categories` (
  `id` int NOT NULL,
  `nameE` varchar(150) CHARACTER SET utf8mb4 COLLATE utf8mb4_general_ci NOT NULL,
  `acc_head` bigint DEFAULT NULL,
  `created_by` int DEFAULT NULL,
  `created_date` datetime DEFAULT NULL,
  `updated_by` int DEFAULT NULL,
  `updated_date` datetime DEFAULT NULL,
  `status` tinyint(1) NOT NULL DEFAULT '1'
) ENGINE=InnoDB DEFAULT CHARSET=utf8mb4 COLLATE=utf8mb4_general_ci;

-- --------------------------------------------------------

--
-- Table structure for table `wh_bag`
--

CREATE TABLE `wh_bag` (
  `id` int NOT NULL,
  `nameE` varchar(150) CHARACTER SET utf8mb4 COLLATE utf8mb4_general_ci NOT NULL,
  `nameA` varchar(150) CHARACTER SET utf8mb4 COLLATE utf8mb4_general_ci DEFAULT NULL,
  `item_code` varchar(20) CHARACTER SET utf8mb4 COLLATE utf8mb4_general_ci NOT NULL,
  `company_code` varchar(20) CHARACTER SET utf8mb4 COLLATE utf8mb4_general_ci DEFAULT NULL,
  `finish_goods` int DEFAULT NULL,
  `store_id` int DEFAULT NULL,
  `unit_id` int NOT NULL,
  `price` decimal(10,2) NOT NULL DEFAULT '0.00',
  `box_qty` float DEFAULT '0',
  `carton_qty` int DEFAULT '0',
  `alert_qty` float DEFAULT NULL,
  `item_type` enum('sellable','consumable','both') CHARACTER SET utf8mb4 COLLATE utf8mb4_general_ci DEFAULT NULL,
  `item_image` varchar(100) CHARACTER SET utf8mb4 COLLATE utf8mb4_general_ci DEFAULT NULL,
  `consumed_by` enum('department','service','both') CHARACTER SET utf8mb4 COLLATE utf8mb4_general_ci DEFAULT NULL,
  `vat_applicable` tinyint(1) DEFAULT '0',
  `has_expiry` tinyint(1) DEFAULT '0',
  `created_by` int NOT NULL,
  `created_date` datetime NOT NULL DEFAULT CURRENT_TIMESTAMP,
  `updated_by` int DEFAULT NULL,
  `updated_date` datetime DEFAULT NULL,
  `description` text CHARACTER SET utf8mb4 COLLATE utf8mb4_general_ci,
  `status` tinyint(1) NOT NULL DEFAULT '1',
  `where_use` int DEFAULT NULL COMMENT 'list_data table id',
  `aprox_monthly_consumption` float DEFAULT NULL,
  `expire` varchar(10) CHARACTER SET utf8mb4 COLLATE utf8mb4_general_ci NOT NULL DEFAULT 'no' COMMENT 'yes,no',
  `country_origin` varchar(10) CHARACTER SET utf8mb4 COLLATE utf8mb4_general_ci DEFAULT NULL COMMENT 'countries.json code',
  `specification` varchar(50) CHARACTER SET utf8mb4 COLLATE utf8mb4_general_ci DEFAULT NULL,
  `bag_size` varchar(100) CHARACTER SET utf8mb4 COLLATE utf8mb4_general_ci DEFAULT NULL,
  `liner_size` varchar(100) CHARACTER SET utf8mb4 COLLATE utf8mb4_general_ci DEFAULT NULL,
  `bag_weight` varchar(100) CHARACTER SET utf8mb4 COLLATE utf8mb4_general_ci DEFAULT NULL,
  `liner_weight` varchar(100) CHARACTER SET utf8mb4 COLLATE utf8mb4_general_ci DEFAULT NULL
) ENGINE=InnoDB DEFAULT CHARSET=utf8mb4 COLLATE=utf8mb4_general_ci;

-- --------------------------------------------------------

--
-- Table structure for table `wh_bag_categories`
--

CREATE TABLE `wh_bag_categories` (
  `id` int NOT NULL,
  `nameE` varchar(150) CHARACTER SET utf8mb4 COLLATE utf8mb4_general_ci NOT NULL,
  `nameA` varchar(150) CHARACTER SET utf8mb4 COLLATE utf8mb4_general_ci DEFAULT NULL,
  `created_by` int DEFAULT NULL,
  `created_date` datetime DEFAULT NULL,
  `updated_by` int DEFAULT NULL,
  `updated_date` datetime DEFAULT NULL,
  `status` tinyint(1) NOT NULL DEFAULT '1'
) ENGINE=InnoDB DEFAULT CHARSET=utf8mb4 COLLATE=utf8mb4_general_ci;

-- --------------------------------------------------------

--
-- Table structure for table `wh_bag_purchase`
--

CREATE TABLE `wh_bag_purchase` (
  `id` int NOT NULL,
  `quatation_id` int DEFAULT NULL,
  `requisition_id` int DEFAULT NULL,
  `store_id` int DEFAULT NULL,
  `supplier_id` int NOT NULL,
  `voucher_no` varchar(20) CHARACTER SET utf8mb4 COLLATE utf8mb4_general_ci NOT NULL,
  `date` date NOT NULL,
  `sub_total` decimal(12,2) NOT NULL DEFAULT '0.00',
  `vat` decimal(10,2) NOT NULL DEFAULT '0.00',
  `grand_total` decimal(12,2) NOT NULL DEFAULT '0.00',
  `received` tinyint(1) NOT NULL DEFAULT '0' COMMENT '1=Yes, 0=No',
  `returned` tinyint(1) NOT NULL DEFAULT '0' COMMENT '1=Yes, 0=No',
  `terms_conditions_id` int DEFAULT NULL,
  `created_at` timestamp NOT NULL DEFAULT CURRENT_TIMESTAMP,
  `created_by` int NOT NULL,
  `isApproved` tinyint(1) DEFAULT '0',
  `approved_by` int DEFAULT NULL,
  `approved_date` datetime DEFAULT NULL,
  `updated_by` int DEFAULT NULL,
  `updated_at` datetime DEFAULT NULL,
  `status` tinyint(1) NOT NULL DEFAULT '1'
) ENGINE=InnoDB DEFAULT CHARSET=utf8mb4 COLLATE=utf8mb4_general_ci;

-- --------------------------------------------------------

--
-- Table structure for table `wh_bag_purchase_details`
--

CREATE TABLE `wh_bag_purchase_details` (
  `id` int NOT NULL,
  `purchase_id` int NOT NULL,
  `item_id` int NOT NULL,
  `store_id` int DEFAULT NULL,
  `carton` float(8,2) NOT NULL DEFAULT '0.00',
  `carton_qty` float(8,2) NOT NULL DEFAULT '0.00',
  `box` float(8,2) NOT NULL DEFAULT '0.00',
  `box_qty` float(8,2) NOT NULL DEFAULT '0.00',
  `qty` float(10,2) NOT NULL DEFAULT '0.00',
  `price` decimal(10,2) NOT NULL DEFAULT '0.00',
  `total` decimal(10,2) NOT NULL DEFAULT '0.00',
  `vat_applicable` tinyint(1) NOT NULL DEFAULT '0',
  `vat_amount` float(8,2) NOT NULL DEFAULT '0.00',
  `requested_qty` float(8,2) DEFAULT NULL,
  `remarks` varchar(200) CHARACTER SET utf8mb4 COLLATE utf8mb4_general_ci DEFAULT NULL
) ENGINE=InnoDB DEFAULT CHARSET=utf8mb4 COLLATE=utf8mb4_general_ci;

-- --------------------------------------------------------

--
-- Table structure for table `wh_bag_quatation`
--

CREATE TABLE `wh_bag_quatation` (
  `id` int NOT NULL,
  `requisition_id` varchar(20) CHARACTER SET utf8mb4 COLLATE utf8mb4_general_ci NOT NULL,
  `supplier_id` varchar(20) CHARACTER SET utf8mb4 COLLATE utf8mb4_general_ci DEFAULT NULL,
  `date` date DEFAULT NULL,
  `remarks` varchar(255) CHARACTER SET utf8mb4 COLLATE utf8mb4_general_ci DEFAULT NULL,
  `file` varchar(255) CHARACTER SET utf8mb4 COLLATE utf8mb4_general_ci DEFAULT NULL,
  `isApproved` tinyint(1) NOT NULL DEFAULT '0',
  `nameE` varchar(150) CHARACTER SET utf8mb4 COLLATE utf8mb4_general_ci DEFAULT NULL,
  `nameA` varchar(150) CHARACTER SET utf8mb4 COLLATE utf8mb4_general_ci DEFAULT NULL,
  `sub_total` decimal(12,2) NOT NULL DEFAULT '0.00',
  `vat` decimal(12,2) NOT NULL DEFAULT '0.00',
  `grand_total` decimal(12,2) NOT NULL DEFAULT '0.00',
  `created_by` int DEFAULT NULL,
  `created_date` datetime DEFAULT NULL,
  `updated_by` int DEFAULT NULL,
  `updated_date` datetime DEFAULT NULL,
  `status` tinyint(1) NOT NULL DEFAULT '1',
  `approved_by` int DEFAULT NULL,
  `approved_date` datetime DEFAULT NULL,
  `terms_conditions_id` int DEFAULT NULL
) ENGINE=InnoDB DEFAULT CHARSET=utf8mb4 COLLATE=utf8mb4_general_ci;

-- --------------------------------------------------------

--
-- Table structure for table `wh_bag_quatation_details`
--

CREATE TABLE `wh_bag_quatation_details` (
  `id` int NOT NULL,
  `quatation_id` int NOT NULL,
  `item_id` int NOT NULL,
  `requisition_id` int DEFAULT NULL,
  `supplier_id` int DEFAULT NULL,
  `carton` float(8,2) NOT NULL DEFAULT '0.00',
  `carton_qty` float(8,2) NOT NULL DEFAULT '0.00',
  `box` float(8,2) NOT NULL DEFAULT '0.00',
  `box_qty` float(8,2) NOT NULL DEFAULT '0.00',
  `qty` float(10,2) NOT NULL DEFAULT '0.00',
  `price` decimal(10,2) NOT NULL DEFAULT '0.00',
  `vat_amount` decimal(12,2) DEFAULT '0.00',
  `total` decimal(10,2) NOT NULL DEFAULT '0.00',
  `vat_applicable` tinyint(1) NOT NULL DEFAULT '0',
  `received_qty` decimal(10,2) NOT NULL DEFAULT '0.00'
) ENGINE=InnoDB DEFAULT CHARSET=utf8mb4 COLLATE=utf8mb4_general_ci;

-- --------------------------------------------------------

--
-- Table structure for table `wh_bag_receive`
--

CREATE TABLE `wh_bag_receive` (
  `id` int NOT NULL,
  `purchase_id` int NOT NULL,
  `store_id` int DEFAULT NULL,
  `supplier_id` int NOT NULL,
  `voucher_no` varchar(20) CHARACTER SET utf8mb4 COLLATE utf8mb4_general_ci NOT NULL,
  `date` date NOT NULL,
  `truck_no` varchar(100) CHARACTER SET utf8mb4 COLLATE utf8mb4_general_ci DEFAULT NULL,
  `driver_name` varchar(100) CHARACTER SET utf8mb4 COLLATE utf8mb4_general_ci DEFAULT NULL,
  `driver_mobile` varchar(100) CHARACTER SET utf8mb4 COLLATE utf8mb4_general_ci DEFAULT NULL,
  `chalan_no` varchar(100) CHARACTER SET utf8mb4 COLLATE utf8mb4_general_ci DEFAULT NULL,
  `gr_no` varchar(100) CHARACTER SET utf8mb4 COLLATE utf8mb4_general_ci DEFAULT NULL,
  `scale_attachment` varchar(255) CHARACTER SET utf8mb4 COLLATE utf8mb4_general_ci DEFAULT NULL,
  `chalan_attachment` varchar(255) CHARACTER SET utf8mb4 COLLATE utf8mb4_general_ci DEFAULT NULL,
  `sub_total` decimal(10,2) NOT NULL DEFAULT '0.00',
  `vat` decimal(8,2) NOT NULL DEFAULT '0.00',
  `grand_total` decimal(10,2) NOT NULL DEFAULT '0.00',
  `due` decimal(10,2) NOT NULL DEFAULT '0.00',
  `receipt` decimal(10,2) NOT NULL DEFAULT '0.00',
  `receive_invoice` varchar(200) CHARACTER SET utf8mb4 COLLATE utf8mb4_general_ci DEFAULT NULL,
  `created_at` timestamp NOT NULL DEFAULT CURRENT_TIMESTAMP,
  `created_by` int NOT NULL,
  `isApproved` tinyint(1) DEFAULT '1',
  `approved_by` int DEFAULT NULL,
  `approved_date` datetime DEFAULT NULL,
  `status` tinyint(1) NOT NULL DEFAULT '1'
) ENGINE=InnoDB DEFAULT CHARSET=utf8mb4 COLLATE=utf8mb4_general_ci;

-- --------------------------------------------------------

--
-- Table structure for table `wh_bag_receive_details`
--

CREATE TABLE `wh_bag_receive_details` (
  `id` int NOT NULL,
  `purchase_id` int DEFAULT NULL,
  `receive_id` int NOT NULL,
  `store_id` int NOT NULL,
  `item_id` int NOT NULL,
  `carton` float(8,2) NOT NULL DEFAULT '0.00',
  `carton_qty` float(8,2) NOT NULL DEFAULT '0.00',
  `box` float(8,2) NOT NULL DEFAULT '0.00',
  `box_qty` float(8,2) NOT NULL DEFAULT '0.00',
  `qty` float(10,2) NOT NULL DEFAULT '0.00',
  `price` decimal(10,2) NOT NULL DEFAULT '0.00',
  `total` decimal(10,2) NOT NULL DEFAULT '0.00',
  `vat_applicable` tinyint(1) DEFAULT '0',
  `return_qty` float(10,2) NOT NULL DEFAULT '0.00',
  `used_qty` float(10,2) NOT NULL DEFAULT '0.00',
  `adjust_in` float(10,2) NOT NULL DEFAULT '0.00',
  `adjust_out` float(10,2) NOT NULL DEFAULT '0.00',
  `avail_qty` float(10,2) NOT NULL DEFAULT '0.00',
  `batch_no` varchar(20) CHARACTER SET utf8mb4 COLLATE utf8mb4_general_ci DEFAULT NULL,
  `expiry_date` date DEFAULT NULL,
  `barcode` varchar(30) CHARACTER SET utf8mb4 COLLATE utf8mb4_general_ci DEFAULT NULL,
  `remarks` varchar(255) CHARACTER SET utf8mb4 COLLATE utf8mb4_general_ci DEFAULT NULL,
  `qc_attachment` varchar(255) CHARACTER SET utf8mb4 COLLATE utf8mb4_general_ci DEFAULT NULL
) ENGINE=InnoDB DEFAULT CHARSET=utf8mb4 COLLATE=utf8mb4_general_ci;

-- --------------------------------------------------------

--
-- Table structure for table `wh_bag_requests`
--

CREATE TABLE `wh_bag_requests` (
  `id` int NOT NULL,
  `production_id` int NOT NULL,
  `sub_store_id` int DEFAULT NULL,
  `main_store_id` int DEFAULT NULL,
  `voucher_no` varchar(20) CHARACTER SET utf8mb4 COLLATE utf8mb4_general_ci DEFAULT NULL,
  `date` date NOT NULL,
  `notes` mediumtext CHARACTER SET utf8mb4 COLLATE utf8mb4_general_ci,
  `request_by` int DEFAULT NULL,
  `request_date` timestamp NULL DEFAULT CURRENT_TIMESTAMP,
  `isApproved` tinyint(1) DEFAULT '0' COMMENT '0=not approved, 1=approved',
  `approved_by` varchar(12) CHARACTER SET utf8mb4 COLLATE utf8mb4_general_ci DEFAULT NULL,
  `approved_date` datetime DEFAULT NULL,
  `isCollected` tinyint(1) DEFAULT '0',
  `collected_by` int DEFAULT NULL,
  `collected_date` datetime DEFAULT NULL,
  `isReturned` tinyint(1) DEFAULT '0',
  `returned_by` int DEFAULT NULL,
  `returned_date` datetime DEFAULT NULL,
  `isResend` tinyint(1) DEFAULT '0',
  `resend_by` int DEFAULT NULL,
  `resend_date` datetime DEFAULT NULL,
  `status` tinyint(1) DEFAULT '1'
) ENGINE=InnoDB DEFAULT CHARSET=utf8mb4 COLLATE=utf8mb4_general_ci;

-- --------------------------------------------------------

--
-- Table structure for table `wh_bag_request_details`
--

CREATE TABLE `wh_bag_request_details` (
  `id` int NOT NULL,
  `request_id` int NOT NULL,
  `item_id` int NOT NULL,
  `carton` int DEFAULT '0',
  `acarton` int DEFAULT '0',
  `carton_qty` int DEFAULT '0',
  `box` int DEFAULT '0',
  `abox` int DEFAULT '0',
  `box_qty` float(10,2) NOT NULL DEFAULT '0.00',
  `qty` float(10,2) NOT NULL DEFAULT '0.00',
  `aqty` float(10,2) NOT NULL DEFAULT '0.00',
  `price` float(8,2) NOT NULL DEFAULT '0.00',
  `vat_applicable` tinyint(1) DEFAULT '0',
  `return_qty` float(10,2) NOT NULL DEFAULT '0.00',
  `used_qty` float(10,2) NOT NULL DEFAULT '0.00',
  `adjust_in` float(10,2) NOT NULL DEFAULT '0.00',
  `adjust_out` float(10,2) NOT NULL DEFAULT '0.00',
  `avail_qty` float(10,2) NOT NULL DEFAULT '0.00',
  `batch_no` varchar(250) CHARACTER SET utf8mb4 COLLATE utf8mb4_general_ci DEFAULT NULL,
  `expiry_date` varchar(250) CHARACTER SET utf8mb4 COLLATE utf8mb4_general_ci DEFAULT NULL,
  `barcode` varchar(250) CHARACTER SET utf8mb4 COLLATE utf8mb4_general_ci DEFAULT NULL,
  `receive_details_id` varchar(250) CHARACTER SET utf8mb4 COLLATE utf8mb4_general_ci DEFAULT NULL,
  `receive_avail_qty` varchar(250) CHARACTER SET utf8mb4 COLLATE utf8mb4_general_ci DEFAULT NULL,
  `receive_type` enum('rec','auto') CHARACTER SET utf8mb4 COLLATE utf8mb4_general_ci DEFAULT 'auto',
  `main_store_id` int DEFAULT '0'
) ENGINE=InnoDB DEFAULT CHARSET=utf8mb4 COLLATE=utf8mb4_general_ci;

-- --------------------------------------------------------

--
-- Table structure for table `wh_bag_requisition`
--

CREATE TABLE `wh_bag_requisition` (
  `id` int NOT NULL,
  `store_id` int DEFAULT '0',
  `supplier_id` int DEFAULT NULL,
  `voucher_no` varchar(20) CHARACTER SET utf8mb4 COLLATE utf8mb4_general_ci DEFAULT NULL,
  `date` date DEFAULT NULL,
  `type` tinyint DEFAULT NULL COMMENT '1=bag,2=assets',
  `sub_total` decimal(12,2) NOT NULL DEFAULT '0.00',
  `vat` decimal(10,2) NOT NULL DEFAULT '0.00',
  `grand_total` decimal(12,2) NOT NULL DEFAULT '0.00',
  `received` tinyint(1) NOT NULL DEFAULT '0' COMMENT '1=Yes, 0=No',
  `returned` tinyint(1) NOT NULL DEFAULT '0' COMMENT '1=Yes, 0=No',
  `created_at` timestamp NOT NULL DEFAULT CURRENT_TIMESTAMP,
  `created_by` int DEFAULT NULL,
  `isApproved` tinyint(1) DEFAULT '0',
  `approved_by` int DEFAULT NULL,
  `approved_date` datetime DEFAULT NULL,
  `updated_by` int DEFAULT NULL,
  `updated_at` datetime DEFAULT NULL,
  `status` tinyint(1) NOT NULL DEFAULT '1'
) ENGINE=InnoDB DEFAULT CHARSET=utf8mb4 COLLATE=utf8mb4_general_ci;

-- --------------------------------------------------------

--
-- Table structure for table `wh_bag_requisition_details`
--

CREATE TABLE `wh_bag_requisition_details` (
  `id` int NOT NULL,
  `purchase_id` int NOT NULL,
  `item_id` int NOT NULL,
  `store_id` int DEFAULT NULL,
  `carton` float(8,2) NOT NULL DEFAULT '0.00',
  `carton_qty` float(8,2) NOT NULL DEFAULT '0.00',
  `box` float(8,2) NOT NULL DEFAULT '0.00',
  `box_qty` float(8,2) NOT NULL DEFAULT '0.00',
  `qty` float(10,2) NOT NULL DEFAULT '0.00',
  `price` decimal(10,2) NOT NULL DEFAULT '0.00',
  `total` decimal(10,2) NOT NULL DEFAULT '0.00',
  `vat_applicable` tinyint(1) NOT NULL DEFAULT '0',
  `monthly_consumption` float(8,2) DEFAULT NULL,
  `last_purchase_qnty` float(8,2) DEFAULT NULL,
  `last_purchase_date` date DEFAULT NULL,
  `last_stock_qnty` float(8,2) DEFAULT NULL
) ENGINE=InnoDB DEFAULT CHARSET=utf8mb4 COLLATE=utf8mb4_general_ci;

-- --------------------------------------------------------

--
-- Table structure for table `wh_bag_stock`
--

CREATE TABLE `wh_bag_stock` (
  `id` int NOT NULL,
  `store_id` int NOT NULL,
  `item_id` int NOT NULL,
  `stock` float(10,2) NOT NULL DEFAULT '0.00',
  `stock_in` float(10,2) NOT NULL DEFAULT '0.00',
  `stock_out` float(10,2) NOT NULL DEFAULT '0.00',
  `stock_adjust_in` float(10,2) NOT NULL DEFAULT '0.00',
  `stock_adjust_out` float(10,2) NOT NULL DEFAULT '0.00'
) ENGINE=InnoDB DEFAULT CHARSET=utf8mb4 COLLATE=utf8mb4_general_ci;

-- --------------------------------------------------------

--
-- Table structure for table `wh_bag_stock_entry`
--

CREATE TABLE `wh_bag_stock_entry` (
  `id` int NOT NULL,
  `receive_id` int DEFAULT NULL,
  `transfer_id` int DEFAULT NULL,
  `store_id` int NOT NULL,
  `item_id` int NOT NULL,
  `stock` float(10,2) NOT NULL DEFAULT '0.00',
  `stock_in` float(10,2) NOT NULL DEFAULT '0.00',
  `stock_out` float(10,2) NOT NULL DEFAULT '0.00',
  `stock_adjust_in` float(10,2) NOT NULL DEFAULT '0.00',
  `stock_adjust_out` float(10,2) NOT NULL DEFAULT '0.00',
  `created_by` int NOT NULL,
  `created_at` datetime DEFAULT NULL
) ENGINE=InnoDB DEFAULT CHARSET=utf8mb4 COLLATE=utf8mb4_general_ci;

-- --------------------------------------------------------

--
-- Table structure for table `wh_bag_store`
--

CREATE TABLE `wh_bag_store` (
  `id` int NOT NULL,
  `nameE` varchar(100) CHARACTER SET utf8mb4 COLLATE utf8mb4_general_ci NOT NULL,
  `nameA` varchar(100) CHARACTER SET utf8mb4 COLLATE utf8mb4_general_ci DEFAULT NULL,
  `branch_id` int DEFAULT NULL,
  `acc_head` varchar(20) CHARACTER SET utf8mb4 COLLATE utf8mb4_general_ci DEFAULT NULL,
  `balance` decimal(10,2) DEFAULT NULL,
  `created_date` datetime NOT NULL DEFAULT CURRENT_TIMESTAMP,
  `created_by` int NOT NULL,
  `updated_date` datetime DEFAULT NULL,
  `updated_by` int DEFAULT NULL,
  `status` tinyint(1) NOT NULL DEFAULT '1' COMMENT '1=active, 0=inactive'
) ENGINE=InnoDB DEFAULT CHARSET=utf8mb4 COLLATE=utf8mb4_general_ci;

-- --------------------------------------------------------

--
-- Table structure for table `wh_bag_supplier_information`
--

CREATE TABLE `wh_bag_supplier_information` (
  `id` int NOT NULL,
  `branch_id` int NOT NULL DEFAULT '1',
  `code_no` varchar(30) CHARACTER SET utf8mb4 COLLATE utf8mb4_general_ci NOT NULL DEFAULT '0',
  `nameE` varchar(150) CHARACTER SET utf8mb4 COLLATE utf8mb4_general_ci NOT NULL,
  `nameA` varchar(150) CHARACTER SET utf8mb4 COLLATE utf8mb4_general_ci DEFAULT NULL,
  `phone` varchar(30) CHARACTER SET utf8mb4 COLLATE utf8mb4_general_ci DEFAULT NULL,
  `email` varchar(50) CHARACTER SET utf8mb4 COLLATE utf8mb4_general_ci DEFAULT NULL,
  `address` text CHARACTER SET utf8mb4 COLLATE utf8mb4_general_ci,
  `agree_type` tinyint(1) DEFAULT NULL COMMENT '1=credit consignment, 2=full payment, 3=full credit',
  `credit_limit` decimal(10,2) NOT NULL DEFAULT '0.00',
  `used_credit` decimal(10,2) NOT NULL DEFAULT '0.00',
  `credit_period` int NOT NULL DEFAULT '0' COMMENT 'days',
  `acc_head` varchar(20) CHARACTER SET utf8mb4 COLLATE utf8mb4_general_ci DEFAULT NULL,
  `balance` decimal(10,2) NOT NULL DEFAULT '0.00',
  `vat_no` varchar(20) CHARACTER SET utf8mb4 COLLATE utf8mb4_general_ci DEFAULT NULL,
  `bank_name` varchar(100) CHARACTER SET utf8mb4 COLLATE utf8mb4_general_ci DEFAULT NULL,
  `bank_ac_no` varchar(50) CHARACTER SET utf8mb4 COLLATE utf8mb4_general_ci DEFAULT NULL,
  `bank_iban` varchar(50) CHARACTER SET utf8mb4 COLLATE utf8mb4_general_ci DEFAULT NULL,
  `cr_no` varchar(50) CHARACTER SET utf8mb4 COLLATE utf8mb4_general_ci DEFAULT NULL,
  `logo` varchar(200) CHARACTER SET utf8mb4 COLLATE utf8mb4_general_ci DEFAULT NULL,
  `notes` mediumtext CHARACTER SET utf8mb4 COLLATE utf8mb4_general_ci,
  `created_by` int NOT NULL,
  `created_date` datetime NOT NULL DEFAULT CURRENT_TIMESTAMP,
  `status` tinyint(1) NOT NULL DEFAULT '1' COMMENT '1=active, 0=inactive',
  `ssn` varchar(255) CHARACTER SET utf8mb4 COLLATE utf8mb4_general_ci DEFAULT NULL,
  `country` varchar(100) CHARACTER SET utf8mb4 COLLATE utf8mb4_general_ci DEFAULT NULL
) ENGINE=InnoDB DEFAULT CHARSET=utf8mb4 COLLATE=utf8mb4_general_ci;

-- --------------------------------------------------------

--
-- Table structure for table `wh_categories`
--

CREATE TABLE `wh_categories` (
  `id` int NOT NULL,
  `nameE` varchar(150) CHARACTER SET utf8mb4 COLLATE utf8mb4_general_ci NOT NULL,
  `code_no` varchar(20) CHARACTER SET utf8mb4 COLLATE utf8mb4_general_ci DEFAULT NULL,
  `nameA` varchar(150) CHARACTER SET utf8mb4 COLLATE utf8mb4_general_ci DEFAULT NULL,
  `created_by` int DEFAULT NULL,
  `created_date` datetime DEFAULT NULL,
  `updated_by` int DEFAULT NULL,
  `updated_date` datetime DEFAULT NULL,
  `status` tinyint(1) NOT NULL DEFAULT '1'
) ENGINE=InnoDB DEFAULT CHARSET=utf8mb4 COLLATE=utf8mb4_general_ci;

-- --------------------------------------------------------

--
-- Table structure for table `wh_dealer_info`
--

CREATE TABLE `wh_dealer_info` (
  `id` int NOT NULL,
  `name` varchar(150) CHARACTER SET utf8mb4 COLLATE utf8mb4_general_ci NOT NULL,
  `shop_name` varchar(150) CHARACTER SET utf8mb4 COLLATE utf8mb4_general_ci NOT NULL,
  `phone` varchar(30) CHARACTER SET utf8mb4 COLLATE utf8mb4_general_ci NOT NULL,
  `email` varchar(50) CHARACTER SET utf8mb4 COLLATE utf8mb4_general_ci NOT NULL,
  `affiliate_id` varchar(20) CHARACTER SET utf8mb4 COLLATE utf8mb4_general_ci NOT NULL,
  `reference_id` int NOT NULL DEFAULT '0',
  `acc_head` varchar(20) CHARACTER SET utf8mb4 COLLATE utf8mb4_general_ci NOT NULL,
  `balance` decimal(10,2) NOT NULL DEFAULT '0.00',
  `address` mediumtext CHARACTER SET utf8mb4 COLLATE utf8mb4_general_ci NOT NULL,
  `created_by` int NOT NULL,
  `created_date` datetime NOT NULL DEFAULT CURRENT_TIMESTAMP,
  `updated_by` int DEFAULT NULL,
  `updated_date` datetime DEFAULT NULL,
  `status` tinyint(1) NOT NULL DEFAULT '1' COMMENT '1=active, 0=inactive'
) ENGINE=InnoDB DEFAULT CHARSET=utf8mb4 COLLATE=utf8mb4_general_ci;

-- --------------------------------------------------------

--
-- Table structure for table `wh_items`
--

CREATE TABLE `wh_items` (
  `id` int NOT NULL,
  `nameE` varchar(150) CHARACTER SET utf8mb4 COLLATE utf8mb4_general_ci NOT NULL,
  `nameA` varchar(150) CHARACTER SET utf8mb4 COLLATE utf8mb4_general_ci DEFAULT NULL,
  `item_code` varchar(20) CHARACTER SET utf8mb4 COLLATE utf8mb4_general_ci DEFAULT NULL,
  `company_code` varchar(20) CHARACTER SET utf8mb4 COLLATE utf8mb4_general_ci DEFAULT NULL,
  `cat_id` int DEFAULT NULL,
  `unit_id` int DEFAULT NULL,
  `price` decimal(10,2) NOT NULL DEFAULT '0.00',
  `com_rate` float DEFAULT NULL,
  `bag_weight` decimal(6,2) DEFAULT NULL,
  `box_qty` float DEFAULT '0',
  `carton_qty` int DEFAULT '0',
  `alert_qty` float DEFAULT NULL,
  `item_type` enum('sellable','consumable','both') CHARACTER SET utf8mb4 COLLATE utf8mb4_general_ci DEFAULT NULL,
  `item_image` varchar(100) CHARACTER SET utf8mb4 COLLATE utf8mb4_general_ci DEFAULT NULL,
  `consumed_by` enum('department','service','both') CHARACTER SET utf8mb4 COLLATE utf8mb4_general_ci DEFAULT NULL,
  `vat_applicable` tinyint(1) DEFAULT '0',
  `has_expiry` tinyint(1) DEFAULT '0',
  `created_by` int NOT NULL,
  `created_date` datetime NOT NULL DEFAULT CURRENT_TIMESTAMP,
  `updated_by` int DEFAULT NULL,
  `updated_date` datetime DEFAULT NULL,
  `description` mediumtext CHARACTER SET utf8mb4 COLLATE utf8mb4_general_ci,
  `status` tinyint(1) NOT NULL DEFAULT '1'
) ENGINE=InnoDB DEFAULT CHARSET=utf8mb4 COLLATE=utf8mb4_general_ci;

-- --------------------------------------------------------

--
-- Table structure for table `wh_items_supplier`
--

CREATE TABLE `wh_items_supplier` (
  `id` int NOT NULL,
  `item_id` int NOT NULL,
  `supplier_id` int NOT NULL,
  `price` float(10,2) NOT NULL DEFAULT '0.00',
  `sell_price` float(10,2) NOT NULL DEFAULT '0.00'
) ENGINE=InnoDB DEFAULT CHARSET=utf8mb4 COLLATE=utf8mb4_general_ci;

-- --------------------------------------------------------

--
-- Table structure for table `wh_item_requests`
--

CREATE TABLE `wh_item_requests` (
  `id` int NOT NULL,
  `sub_store_id` int DEFAULT NULL,
  `main_store_id` int DEFAULT NULL,
  `voucher_no` varchar(20) CHARACTER SET utf8mb4 COLLATE utf8mb4_general_ci NOT NULL,
  `date` date NOT NULL,
  `notes` mediumtext CHARACTER SET utf8mb4 COLLATE utf8mb4_general_ci,
  `request_by` int NOT NULL,
  `request_date` timestamp NULL DEFAULT CURRENT_TIMESTAMP,
  `isApproved` tinyint(1) DEFAULT '0' COMMENT '0=not approved, 1=approved',
  `approved_by` varchar(12) CHARACTER SET utf8mb4 COLLATE utf8mb4_general_ci DEFAULT NULL,
  `approved_date` datetime DEFAULT NULL,
  `isCollected` tinyint(1) DEFAULT '0',
  `collected_by` int DEFAULT NULL,
  `collected_date` datetime DEFAULT NULL,
  `isReturned` tinyint(1) DEFAULT '0',
  `returned_by` int DEFAULT NULL,
  `returned_date` datetime DEFAULT NULL,
  `isResend` tinyint(1) DEFAULT '0',
  `resend_by` int DEFAULT NULL,
  `resend_date` datetime DEFAULT NULL,
  `status` tinyint(1) DEFAULT '1'
) ENGINE=InnoDB DEFAULT CHARSET=utf8mb4 COLLATE=utf8mb4_general_ci;

-- --------------------------------------------------------

--
-- Table structure for table `wh_item_request_details`
--

CREATE TABLE `wh_item_request_details` (
  `id` int NOT NULL,
  `request_id` int NOT NULL,
  `item_id` int NOT NULL,
  `carton` int DEFAULT '0',
  `acarton` int DEFAULT '0',
  `carton_qty` int DEFAULT '0',
  `box` int DEFAULT '0',
  `abox` int DEFAULT '0',
  `box_qty` float(10,2) NOT NULL DEFAULT '0.00',
  `qty` float(10,2) NOT NULL DEFAULT '0.00',
  `aqty` float(10,2) NOT NULL DEFAULT '0.00',
  `price` float(8,2) NOT NULL DEFAULT '0.00',
  `vat_applicable` tinyint(1) DEFAULT '0',
  `return_qty` float(10,2) NOT NULL DEFAULT '0.00',
  `used_qty` float(10,2) NOT NULL DEFAULT '0.00',
  `adjust_in` float(10,2) NOT NULL DEFAULT '0.00',
  `adjust_out` float(10,2) NOT NULL DEFAULT '0.00',
  `avail_qty` float(10,2) NOT NULL DEFAULT '0.00',
  `batch_no` varchar(20) CHARACTER SET utf8mb4 COLLATE utf8mb4_general_ci DEFAULT NULL,
  `expiry_date` date DEFAULT NULL,
  `barcode` varchar(30) CHARACTER SET utf8mb4 COLLATE utf8mb4_general_ci NOT NULL,
  `receive_details_id` int DEFAULT NULL,
  `receive_avail_qty` float(10,2) NOT NULL DEFAULT '0.00',
  `receive_type` enum('rec','tran') CHARACTER SET utf8mb4 COLLATE utf8mb4_general_ci DEFAULT 'rec'
) ENGINE=InnoDB DEFAULT CHARSET=utf8mb4 COLLATE=utf8mb4_general_ci;

-- --------------------------------------------------------

--
-- Table structure for table `wh_item_return`
--

CREATE TABLE `wh_item_return` (
  `id` int NOT NULL,
  `request_id` int NOT NULL,
  `sub_store_id` int NOT NULL,
  `main_store_id` int NOT NULL,
  `voucher_no` varchar(20) CHARACTER SET utf8mb4 COLLATE utf8mb4_general_ci NOT NULL,
  `date` date NOT NULL,
  `notes` mediumtext CHARACTER SET utf8mb4 COLLATE utf8mb4_general_ci,
  `request_by` int NOT NULL,
  `request_date` timestamp NULL DEFAULT CURRENT_TIMESTAMP,
  `isApproved` tinyint(1) DEFAULT '0' COMMENT '0=not approved, 1=approved',
  `approved_by` varchar(12) CHARACTER SET utf8mb4 COLLATE utf8mb4_general_ci DEFAULT NULL,
  `approved_date` datetime DEFAULT NULL,
  `isCollected` tinyint(1) DEFAULT '0',
  `collected_by` int DEFAULT NULL,
  `collected_date` datetime DEFAULT NULL,
  `status` tinyint(1) DEFAULT '1'
) ENGINE=InnoDB DEFAULT CHARSET=utf8mb4 COLLATE=utf8mb4_general_ci;

-- --------------------------------------------------------

--
-- Table structure for table `wh_item_return_details`
--

CREATE TABLE `wh_item_return_details` (
  `id` int NOT NULL,
  `return_id` int NOT NULL,
  `item_id` int NOT NULL,
  `acarton` float(8,2) NOT NULL DEFAULT '0.00',
  `carton` float(8,2) NOT NULL DEFAULT '0.00',
  `carton_qty` float(8,2) NOT NULL DEFAULT '0.00',
  `abox` float(8,2) NOT NULL DEFAULT '0.00',
  `box` float(8,2) NOT NULL DEFAULT '0.00',
  `box_qty` float(8,2) NOT NULL DEFAULT '0.00',
  `aqty` float(10,2) NOT NULL DEFAULT '0.00',
  `qty` float(10,2) NOT NULL DEFAULT '0.00',
  `price` float(10,2) NOT NULL DEFAULT '0.00',
  `vat_applicable` tinyint(1) DEFAULT '0',
  `return_qty` float(10,2) NOT NULL DEFAULT '0.00',
  `used_qty` float(10,2) NOT NULL DEFAULT '0.00',
  `avail_qty` float(10,2) NOT NULL DEFAULT '0.00',
  `batch_no` varchar(20) CHARACTER SET utf8mb4 COLLATE utf8mb4_general_ci DEFAULT NULL,
  `expiry_date` date DEFAULT NULL,
  `barcode` varchar(30) CHARACTER SET utf8mb4 COLLATE utf8mb4_general_ci DEFAULT NULL,
  `receive_details_id` int DEFAULT NULL,
  `receive_avail_qty` float(10,2) NOT NULL DEFAULT '0.00'
) ENGINE=InnoDB DEFAULT CHARSET=utf8mb4 COLLATE=utf8mb4_general_ci;

-- --------------------------------------------------------

--
-- Table structure for table `wh_item_transfer`
--

CREATE TABLE `wh_item_transfer` (
  `id` int NOT NULL,
  `from_store_id` int NOT NULL,
  `to_store_id` int NOT NULL,
  `voucher_no` varchar(20) CHARACTER SET utf8mb4 COLLATE utf8mb4_general_ci NOT NULL,
  `date` date NOT NULL,
  `notes` mediumtext CHARACTER SET utf8mb4 COLLATE utf8mb4_general_ci,
  `request_by` int NOT NULL,
  `request_date` timestamp NULL DEFAULT CURRENT_TIMESTAMP,
  `isApproved` tinyint(1) DEFAULT '0' COMMENT '0=not approved, 1=approved',
  `approved_by` varchar(12) CHARACTER SET utf8mb4 COLLATE utf8mb4_general_ci DEFAULT NULL,
  `approved_date` datetime DEFAULT NULL,
  `isCollected` tinyint(1) DEFAULT '0',
  `collected_by` int DEFAULT NULL,
  `collected_date` datetime DEFAULT NULL,
  `isResend` tinyint(1) DEFAULT '0',
  `resend_by` int DEFAULT NULL,
  `resend_date` datetime DEFAULT NULL,
  `status` tinyint(1) DEFAULT '1'
) ENGINE=InnoDB DEFAULT CHARSET=utf8mb4 COLLATE=utf8mb4_general_ci;

-- --------------------------------------------------------

--
-- Table structure for table `wh_item_transfer_details`
--

CREATE TABLE `wh_item_transfer_details` (
  `id` int NOT NULL,
  `request_id` int NOT NULL,
  `item_id` int NOT NULL,
  `carton` float(8,2) NOT NULL DEFAULT '0.00',
  `acarton` float(8,2) NOT NULL DEFAULT '0.00',
  `carton_qty` float(8,2) NOT NULL DEFAULT '0.00',
  `box` float(8,2) NOT NULL DEFAULT '0.00',
  `abox` float(8,2) NOT NULL DEFAULT '0.00',
  `box_qty` float(8,2) NOT NULL DEFAULT '0.00',
  `qty` float(10,2) NOT NULL DEFAULT '0.00',
  `aqty` float(10,2) NOT NULL DEFAULT '0.00',
  `price` float(10,2) NOT NULL DEFAULT '0.00',
  `vat_applicable` tinyint(1) DEFAULT '0',
  `return_qty` float(10,2) NOT NULL DEFAULT '0.00',
  `used_qty` float(10,2) NOT NULL DEFAULT '0.00',
  `adjust_in` float(10,2) NOT NULL DEFAULT '0.00',
  `adjust_out` float(10,2) NOT NULL DEFAULT '0.00',
  `avail_qty` float(10,2) NOT NULL DEFAULT '0.00',
  `batch_no` varchar(20) CHARACTER SET utf8mb4 COLLATE utf8mb4_general_ci DEFAULT NULL,
  `expiry_date` date DEFAULT NULL,
  `barcode` varchar(30) CHARACTER SET utf8mb4 COLLATE utf8mb4_general_ci DEFAULT NULL,
  `request_details_id` int DEFAULT NULL,
  `request_details_qty` float(10,2) NOT NULL DEFAULT '0.00',
  `request_type` enum('req','tran') CHARACTER SET utf8mb4 COLLATE utf8mb4_general_ci NOT NULL DEFAULT 'req'
) ENGINE=InnoDB DEFAULT CHARSET=utf8mb4 COLLATE=utf8mb4_general_ci;

-- --------------------------------------------------------

--
-- Table structure for table `wh_lc_loan_history`
--

CREATE TABLE `wh_lc_loan_history` (
  `id` int NOT NULL,
  `lc_id` int DEFAULT NULL,
  `lc_number` varchar(40) CHARACTER SET utf8 COLLATE utf8_general_ci DEFAULT NULL,
  `bank_id` int DEFAULT NULL,
  `bank_head_code` bigint DEFAULT NULL,
  `loan_amount` double(10,2) DEFAULT NULL,
  `paid_amount` double(10,2) DEFAULT NULL
) ENGINE=InnoDB DEFAULT CHARSET=utf8mb4 COLLATE=utf8mb4_general_ci;

-- --------------------------------------------------------

--
-- Table structure for table `wh_lc_reference`
--

CREATE TABLE `wh_lc_reference` (
  `id` int NOT NULL,
  `lc_id` int DEFAULT NULL,
  `lcaf_no` varchar(150) CHARACTER SET utf8mb4 COLLATE utf8mb4_general_ci DEFAULT NULL,
  `bin_vat_no` varchar(150) CHARACTER SET utf8mb4 COLLATE utf8mb4_general_ci DEFAULT NULL,
  `irc_no` varchar(50) CHARACTER SET utf8mb4 COLLATE utf8mb4_general_ci DEFAULT NULL,
  `tin_no` varchar(50) CHARACTER SET utf8mb4 COLLATE utf8mb4_general_ci DEFAULT NULL,
  `bank_bin_no` varchar(50) CHARACTER SET utf8mb4 COLLATE utf8mb4_general_ci DEFAULT NULL,
  `container_no` varchar(50) CHARACTER SET utf8mb4 COLLATE utf8mb4_general_ci DEFAULT NULL,
  `seal_no` varchar(50) CHARACTER SET utf8mb4 COLLATE utf8mb4_general_ci DEFAULT NULL,
  `bl_no` varchar(50) CHARACTER SET utf8mb4 COLLATE utf8mb4_general_ci DEFAULT NULL,
  `vessel` varchar(50) CHARACTER SET utf8mb4 COLLATE utf8mb4_general_ci DEFAULT NULL,
  `voyage_no` varchar(50) CHARACTER SET utf8mb4 COLLATE utf8mb4_general_ci DEFAULT NULL,
  `ref_country` varchar(20) CHARACTER SET utf8mb4 COLLATE utf8mb4_general_ci DEFAULT NULL,
  `remarks` text CHARACTER SET utf8mb4 COLLATE utf8mb4_general_ci,
  `created_by` int DEFAULT NULL,
  `created_at` datetime DEFAULT NULL,
  `updated_by` int DEFAULT NULL,
  `updated_date` datetime DEFAULT NULL,
  `status` tinyint(1) NOT NULL DEFAULT '1'
) ENGINE=InnoDB DEFAULT CHARSET=utf8mb4 COLLATE=utf8mb4_general_ci;

-- --------------------------------------------------------

--
-- Table structure for table `wh_lc_shipment`
--

CREATE TABLE `wh_lc_shipment` (
  `id` int NOT NULL,
  `lc_id` int DEFAULT NULL,
  `shipment_code` varchar(150) CHARACTER SET utf8mb4 COLLATE utf8mb4_general_ci NOT NULL,
  `cf_cost` varchar(150) CHARACTER SET utf8mb4 COLLATE utf8mb4_general_ci DEFAULT NULL,
  `transport_cost` float(10,2) DEFAULT NULL,
  `extra_cost` float(10,2) DEFAULT NULL,
  `duty_cost` float(10,2) DEFAULT NULL,
  `created_by` int DEFAULT NULL,
  `created_at` datetime DEFAULT NULL,
  `updated_by` int DEFAULT NULL,
  `updated_date` datetime DEFAULT NULL,
  `status` tinyint(1) NOT NULL DEFAULT '1'
) ENGINE=InnoDB DEFAULT CHARSET=utf8mb4 COLLATE=utf8mb4_general_ci;

-- --------------------------------------------------------

--
-- Table structure for table `wh_machine_requests`
--

CREATE TABLE `wh_machine_requests` (
  `id` int NOT NULL,
  `production_id` int NOT NULL,
  `sub_store_id` int DEFAULT NULL,
  `main_store_id` int DEFAULT NULL,
  `voucher_no` varchar(20) CHARACTER SET utf8mb4 COLLATE utf8mb4_general_ci DEFAULT NULL,
  `date` date NOT NULL,
  `notes` mediumtext CHARACTER SET utf8mb4 COLLATE utf8mb4_general_ci,
  `request_by` int DEFAULT NULL,
  `request_date` timestamp NULL DEFAULT CURRENT_TIMESTAMP,
  `isApproved` tinyint(1) DEFAULT '0' COMMENT '0=not approved, 1=approved',
  `approved_by` varchar(12) CHARACTER SET utf8mb4 COLLATE utf8mb4_general_ci DEFAULT NULL,
  `approved_date` datetime DEFAULT NULL,
  `isCollected` tinyint(1) DEFAULT '0',
  `collected_by` int DEFAULT NULL,
  `collected_date` datetime DEFAULT NULL,
  `isReturned` tinyint(1) DEFAULT '0',
  `returned_by` int DEFAULT NULL,
  `returned_date` datetime DEFAULT NULL,
  `isResend` tinyint(1) DEFAULT '0',
  `resend_by` int DEFAULT NULL,
  `resend_date` datetime DEFAULT NULL,
  `status` tinyint(1) DEFAULT '1'
) ENGINE=InnoDB DEFAULT CHARSET=utf8mb4 COLLATE=utf8mb4_general_ci;

-- --------------------------------------------------------

--
-- Table structure for table `wh_machine_request_details`
--

CREATE TABLE `wh_machine_request_details` (
  `id` int NOT NULL,
  `request_id` int NOT NULL,
  `item_id` int NOT NULL,
  `recipe_qty` float(10,2) DEFAULT '0.00',
  `wip_qty` float(10,2) DEFAULT '0.00',
  `qty` float(10,2) NOT NULL DEFAULT '0.00',
  `aqty` float(10,2) NOT NULL DEFAULT '0.00',
  `price` float(8,2) NOT NULL DEFAULT '0.00',
  `vat_applicable` tinyint(1) DEFAULT '0',
  `return_qty` float(10,2) NOT NULL DEFAULT '0.00',
  `used_qty` float(10,2) NOT NULL DEFAULT '0.00',
  `adjust_in` float(10,2) NOT NULL DEFAULT '0.00',
  `adjust_out` float(10,2) NOT NULL DEFAULT '0.00',
  `avail_qty` float(10,2) NOT NULL DEFAULT '0.00',
  `batch_no` varchar(250) CHARACTER SET utf8mb4 COLLATE utf8mb4_general_ci DEFAULT NULL,
  `expiry_date` varchar(250) CHARACTER SET utf8mb4 COLLATE utf8mb4_general_ci DEFAULT NULL,
  `barcode` varchar(250) CHARACTER SET utf8mb4 COLLATE utf8mb4_general_ci DEFAULT NULL,
  `receive_details_id` varchar(250) CHARACTER SET utf8mb4 COLLATE utf8mb4_general_ci DEFAULT NULL,
  `receive_avail_qty` varchar(250) CHARACTER SET utf8mb4 COLLATE utf8mb4_general_ci DEFAULT NULL,
  `receive_type` enum('rec','auto') CHARACTER SET utf8mb4 COLLATE utf8mb4_general_ci DEFAULT 'auto',
  `main_store_id` int DEFAULT '0'
) ENGINE=InnoDB DEFAULT CHARSET=utf8mb4 COLLATE=utf8mb4_general_ci;

-- --------------------------------------------------------

--
-- Table structure for table `wh_machine_return`
--

CREATE TABLE `wh_machine_return` (
  `id` int NOT NULL,
  `request_id` int NOT NULL,
  `sub_store_id` int DEFAULT NULL,
  `main_store_id` int DEFAULT NULL,
  `voucher_no` varchar(20) CHARACTER SET utf8mb4 COLLATE utf8mb4_general_ci DEFAULT NULL,
  `date` date NOT NULL,
  `notes` mediumtext CHARACTER SET utf8mb4 COLLATE utf8mb4_general_ci,
  `request_by` int DEFAULT NULL,
  `request_date` timestamp NULL DEFAULT CURRENT_TIMESTAMP,
  `isApproved` tinyint(1) DEFAULT '0' COMMENT '0=not approved, 1=approved',
  `approved_by` varchar(12) CHARACTER SET utf8mb4 COLLATE utf8mb4_general_ci DEFAULT NULL,
  `approved_date` datetime DEFAULT NULL,
  `isCollected` tinyint(1) DEFAULT '0',
  `collected_by` int DEFAULT NULL,
  `collected_date` datetime DEFAULT NULL,
  `status` tinyint(1) DEFAULT '1'
) ENGINE=InnoDB DEFAULT CHARSET=utf8mb4 COLLATE=utf8mb4_general_ci;

-- --------------------------------------------------------

--
-- Table structure for table `wh_machine_return_details`
--

CREATE TABLE `wh_machine_return_details` (
  `id` int NOT NULL,
  `return_id` int NOT NULL,
  `item_id` int NOT NULL,
  `acarton` float(8,2) NOT NULL DEFAULT '0.00',
  `carton` float(8,2) NOT NULL DEFAULT '0.00',
  `carton_qty` float(8,2) NOT NULL DEFAULT '0.00',
  `abox` float(8,2) NOT NULL DEFAULT '0.00',
  `box` float(8,2) NOT NULL DEFAULT '0.00',
  `box_qty` float(8,2) NOT NULL DEFAULT '0.00',
  `aqty` float(10,2) NOT NULL DEFAULT '0.00',
  `qty` float(10,2) NOT NULL DEFAULT '0.00',
  `price` float(10,2) NOT NULL DEFAULT '0.00',
  `vat_applicable` tinyint(1) DEFAULT '0',
  `return_qty` float(10,2) NOT NULL DEFAULT '0.00',
  `used_qty` float(10,2) NOT NULL DEFAULT '0.00',
  `avail_qty` float(10,2) NOT NULL DEFAULT '0.00',
  `batch_no` varchar(20) CHARACTER SET utf8mb4 COLLATE utf8mb4_general_ci DEFAULT NULL,
  `expiry_date` date DEFAULT NULL,
  `barcode` varchar(30) CHARACTER SET utf8mb4 COLLATE utf8mb4_general_ci DEFAULT NULL,
  `receive_details_id` int DEFAULT NULL,
  `receive_avail_qty` float(10,2) NOT NULL DEFAULT '0.00'
) ENGINE=InnoDB DEFAULT CHARSET=utf8mb4 COLLATE=utf8mb4_general_ci;

-- --------------------------------------------------------

--
-- Table structure for table `wh_machine_stock`
--

CREATE TABLE `wh_machine_stock` (
  `id` int NOT NULL,
  `sub_store_id` int DEFAULT NULL,
  `item_id` int DEFAULT NULL,
  `stock` float(10,2) NOT NULL DEFAULT '0.00',
  `stock_in` float(10,2) NOT NULL DEFAULT '0.00',
  `stock_out` float(10,2) NOT NULL DEFAULT '0.00',
  `stock_adjust_in` float(10,2) NOT NULL DEFAULT '0.00',
  `stock_adjust_out` float(10,2) NOT NULL DEFAULT '0.00'
) ENGINE=InnoDB DEFAULT CHARSET=utf8mb4 COLLATE=utf8mb4_general_ci;

-- --------------------------------------------------------

--
-- Table structure for table `wh_machine_store`
--

CREATE TABLE `wh_machine_store` (
  `id` int NOT NULL,
  `nameE` varchar(100) CHARACTER SET utf8mb4 COLLATE utf8mb4_general_ci NOT NULL,
  `nameA` varchar(100) CHARACTER SET utf8mb4 COLLATE utf8mb4_general_ci DEFAULT NULL,
  `branch_id` int DEFAULT NULL,
  `dept_id` int DEFAULT NULL,
  `created_date` datetime NOT NULL DEFAULT CURRENT_TIMESTAMP,
  `created_by` int NOT NULL,
  `updated_date` datetime DEFAULT NULL,
  `updated_by` int DEFAULT NULL,
  `status` tinyint(1) NOT NULL DEFAULT '1' COMMENT '1=active, 0=inactive'
) ENGINE=InnoDB DEFAULT CHARSET=utf8mb4 COLLATE=utf8mb4_general_ci;

-- --------------------------------------------------------

--
-- Table structure for table `wh_material`
--

CREATE TABLE `wh_material` (
  `id` int NOT NULL,
  `nameE` varchar(150) CHARACTER SET utf8mb4 COLLATE utf8mb4_general_ci DEFAULT NULL,
  `nameA` varchar(150) CHARACTER SET utf8mb4 COLLATE utf8mb4_general_ci DEFAULT NULL,
  `item_code` varchar(20) CHARACTER SET utf8mb4 COLLATE utf8mb4_general_ci DEFAULT NULL,
  `company_code` varchar(20) CHARACTER SET utf8mb4 COLLATE utf8mb4_general_ci DEFAULT NULL,
  `cat_id` int DEFAULT NULL,
  `store_id` int DEFAULT NULL,
  `unit_id` int DEFAULT NULL,
  `price` decimal(10,2) NOT NULL DEFAULT '0.00',
  `box_qty` float DEFAULT '0',
  `carton_qty` int DEFAULT '0',
  `alert_qty` float DEFAULT '0',
  `item_type` enum('sellable','consumable','both') CHARACTER SET utf8mb4 COLLATE utf8mb4_general_ci DEFAULT NULL,
  `item_image` varchar(100) CHARACTER SET utf8mb4 COLLATE utf8mb4_general_ci DEFAULT NULL,
  `consumed_by` enum('department','service','both') CHARACTER SET utf8mb4 COLLATE utf8mb4_general_ci DEFAULT NULL,
  `vat_applicable` tinyint(1) DEFAULT '0',
  `has_expiry` tinyint(1) DEFAULT '0',
  `created_by` int DEFAULT NULL,
  `created_date` datetime NOT NULL DEFAULT CURRENT_TIMESTAMP,
  `updated_by` int DEFAULT NULL,
  `updated_date` datetime DEFAULT NULL,
  `description` mediumtext CHARACTER SET utf8mb4 COLLATE utf8mb4_general_ci,
  `bag_weight` decimal(5,2) NOT NULL DEFAULT '0.00',
  `status` tinyint(1) NOT NULL DEFAULT '1',
  `where_use` varchar(6) CHARACTER SET utf8mb4 COLLATE utf8mb4_general_ci DEFAULT NULL COMMENT 'list_data table id',
  `aprox_monthly_consumption` float DEFAULT '0',
  `expire` varchar(10) CHARACTER SET utf8mb4 COLLATE utf8mb4_general_ci NOT NULL DEFAULT 'no' COMMENT 'yes,no',
  `country_origin` varchar(10) CHARACTER SET utf8mb4 COLLATE utf8mb4_general_ci DEFAULT NULL COMMENT 'countries.json code',
  `wastage` decimal(10,2) NOT NULL DEFAULT '0.00'
) ENGINE=InnoDB DEFAULT CHARSET=utf8mb4 COLLATE=utf8mb4_general_ci;

-- --------------------------------------------------------

--
-- Table structure for table `wh_material_categories`
--

CREATE TABLE `wh_material_categories` (
  `id` int NOT NULL,
  `nameE` varchar(150) CHARACTER SET utf8mb4 COLLATE utf8mb4_general_ci NOT NULL,
  `nameA` varchar(150) CHARACTER SET utf8mb4 COLLATE utf8mb4_general_ci DEFAULT NULL,
  `created_by` int DEFAULT NULL,
  `created_date` datetime DEFAULT NULL,
  `updated_by` int DEFAULT NULL,
  `updated_date` datetime DEFAULT NULL,
  `status` tinyint(1) NOT NULL DEFAULT '1'
) ENGINE=InnoDB DEFAULT CHARSET=utf8mb4 COLLATE=utf8mb4_general_ci;

-- --------------------------------------------------------

--
-- Table structure for table `wh_material_purchase`
--

CREATE TABLE `wh_material_purchase` (
  `id` int NOT NULL,
  `quatation_id` int DEFAULT NULL,
  `requisition_id` int DEFAULT NULL,
  `store_id` int DEFAULT NULL,
  `supplier_id` int NOT NULL,
  `lc_id` int DEFAULT NULL,
  `voucher_no` varchar(50) CHARACTER SET utf8mb4 COLLATE utf8mb4_general_ci NOT NULL,
  `date` date NOT NULL,
  `type` varchar(50) CHARACTER SET utf8mb4 COLLATE utf8mb4_general_ci DEFAULT NULL,
  `item_id` int DEFAULT NULL,
  `po_qty` float(10,2) NOT NULL DEFAULT '0.00',
  `sub_total` decimal(12,2) NOT NULL DEFAULT '0.00',
  `vat` decimal(10,2) NOT NULL DEFAULT '0.00',
  `grand_total` decimal(12,2) NOT NULL DEFAULT '0.00',
  `received` tinyint(1) NOT NULL DEFAULT '0' COMMENT '1=Yes, 0=No',
  `returned` tinyint(1) NOT NULL DEFAULT '0' COMMENT '1=Yes, 0=No',
  `created_at` timestamp NOT NULL DEFAULT CURRENT_TIMESTAMP,
  `created_by` int NOT NULL,
  `isApproved` tinyint(1) DEFAULT '0',
  `approved_by` int DEFAULT NULL,
  `approved_date` datetime DEFAULT NULL,
  `updated_by` int DEFAULT NULL,
  `updated_at` datetime DEFAULT NULL,
  `terms_conditions_id` int DEFAULT NULL,
  `status` tinyint(1) NOT NULL DEFAULT '1'
) ENGINE=InnoDB DEFAULT CHARSET=utf8mb4 COLLATE=utf8mb4_general_ci;

-- --------------------------------------------------------

--
-- Table structure for table `wh_material_purchase_details`
--

CREATE TABLE `wh_material_purchase_details` (
  `id` int NOT NULL,
  `purchase_id` int NOT NULL,
  `item_id` int NOT NULL,
  `requisition_id` int DEFAULT NULL,
  `lc_id` int DEFAULT NULL,
  `hs_code` varchar(50) CHARACTER SET utf8mb4 COLLATE utf8mb4_general_ci DEFAULT NULL,
  `store_id` int DEFAULT NULL,
  `carton` float(8,2) NOT NULL DEFAULT '0.00',
  `carton_qty` float(8,2) NOT NULL DEFAULT '0.00',
  `box` float(8,2) NOT NULL DEFAULT '0.00',
  `box_qty` float(8,2) NOT NULL DEFAULT '0.00',
  `qty` float(10,2) NOT NULL DEFAULT '0.00',
  `price` decimal(10,2) NOT NULL DEFAULT '0.00',
  `total` decimal(10,2) NOT NULL DEFAULT '0.00',
  `vat_applicable` tinyint(1) NOT NULL DEFAULT '0',
  `vat_amount` float(8,2) NOT NULL DEFAULT '0.00',
  `requested_qty` float(8,2) DEFAULT NULL
) ENGINE=InnoDB DEFAULT CHARSET=utf8mb4 COLLATE=utf8mb4_general_ci;

-- --------------------------------------------------------

--
-- Table structure for table `wh_material_quatation_details`
--

CREATE TABLE `wh_material_quatation_details` (
  `id` int NOT NULL,
  `quatation_id` int NOT NULL,
  `item_id` int NOT NULL,
  `requisition_id` int DEFAULT NULL,
  `supplier_id` int DEFAULT NULL,
  `carton` float(8,2) NOT NULL DEFAULT '0.00',
  `carton_qty` float(8,2) NOT NULL DEFAULT '0.00',
  `box` float(8,2) NOT NULL DEFAULT '0.00',
  `box_qty` float(8,2) NOT NULL DEFAULT '0.00',
  `qty` float(10,2) NOT NULL DEFAULT '0.00',
  `price` decimal(10,2) NOT NULL DEFAULT '0.00',
  `vat_amount` decimal(12,2) DEFAULT '0.00',
  `total` decimal(10,2) NOT NULL DEFAULT '0.00',
  `vat_applicable` tinyint(1) NOT NULL DEFAULT '0',
  `received_qty` decimal(10,2) NOT NULL DEFAULT '0.00'
) ENGINE=InnoDB DEFAULT CHARSET=utf8mb4 COLLATE=utf8mb4_general_ci;

-- --------------------------------------------------------

--
-- Table structure for table `wh_material_receive`
--

CREATE TABLE `wh_material_receive` (
  `id` int NOT NULL,
  `purchase_id` int NOT NULL,
  `store_id` int DEFAULT NULL,
  `supplier_id` int NOT NULL,
  `shipment_id` int DEFAULT NULL,
  `payment_head_code` varchar(50) CHARACTER SET utf8mb4 COLLATE utf8mb4_general_ci DEFAULT NULL,
  `voucher_no` varchar(20) CHARACTER SET utf8mb4 COLLATE utf8mb4_general_ci NOT NULL,
  `date` date NOT NULL,
  `is_gate_passed` int NOT NULL DEFAULT '0',
  `load_truck` double(10,2) DEFAULT NULL,
  `unload_truck` double(10,2) DEFAULT NULL,
  `truck_no` varchar(100) CHARACTER SET utf8mb4 COLLATE utf8mb4_general_ci DEFAULT NULL,
  `driver_name` varchar(100) CHARACTER SET utf8mb4 COLLATE utf8mb4_general_ci DEFAULT NULL,
  `driver_mobile` varchar(100) CHARACTER SET utf8mb4 COLLATE utf8mb4_general_ci DEFAULT NULL,
  `chalan_no` varchar(100) CHARACTER SET utf8mb4 COLLATE utf8mb4_general_ci DEFAULT NULL,
  `gr_no` varchar(100) CHARACTER SET utf8mb4 COLLATE utf8mb4_general_ci DEFAULT NULL,
  `scale_attachment` varchar(255) CHARACTER SET utf8mb4 COLLATE utf8mb4_general_ci DEFAULT NULL,
  `chalan_attachment` varchar(255) CHARACTER SET utf8mb4 COLLATE utf8mb4_general_ci DEFAULT NULL,
  `qc_attachment` text CHARACTER SET utf8mb4 COLLATE utf8mb4_general_ci,
  `sub_total` decimal(10,2) NOT NULL DEFAULT '0.00',
  `vat` decimal(8,2) NOT NULL DEFAULT '0.00',
  `grand_total` decimal(10,2) NOT NULL DEFAULT '0.00',
  `due` decimal(10,2) NOT NULL DEFAULT '0.00',
  `receipt` decimal(10,2) NOT NULL DEFAULT '0.00',
  `receive_invoice` varchar(200) CHARACTER SET utf8mb4 COLLATE utf8mb4_general_ci DEFAULT NULL,
  `created_at` timestamp NOT NULL DEFAULT CURRENT_TIMESTAMP,
  `created_by` int NOT NULL,
  `isApproved` tinyint(1) DEFAULT '1',
  `approved_by` int DEFAULT NULL,
  `approved_date` datetime DEFAULT NULL,
  `status` tinyint(1) NOT NULL DEFAULT '1'
) ENGINE=InnoDB DEFAULT CHARSET=utf8mb4 COLLATE=utf8mb4_general_ci;

-- --------------------------------------------------------

--
-- Table structure for table `wh_material_receive_details`
--

CREATE TABLE `wh_material_receive_details` (
  `id` int NOT NULL,
  `purchase_id` int DEFAULT NULL,
  `receive_id` int NOT NULL,
  `store_id` int NOT NULL,
  `item_id` int NOT NULL,
  `carton` float(8,2) NOT NULL DEFAULT '0.00',
  `carton_qty` float(8,2) NOT NULL DEFAULT '0.00',
  `box` float(8,2) NOT NULL DEFAULT '0.00',
  `box_qty` float(8,2) NOT NULL DEFAULT '0.00',
  `qty` float(10,2) NOT NULL DEFAULT '0.00',
  `price` decimal(10,2) NOT NULL DEFAULT '0.00',
  `total` decimal(10,2) NOT NULL DEFAULT '0.00',
  `vat_applicable` tinyint(1) DEFAULT '0',
  `return_qty` float(10,2) NOT NULL DEFAULT '0.00',
  `used_qty` float(10,2) NOT NULL DEFAULT '0.00',
  `adjust_in` float(10,2) NOT NULL DEFAULT '0.00',
  `adjust_out` float(10,2) NOT NULL DEFAULT '0.00',
  `avail_qty` float(10,2) NOT NULL DEFAULT '0.00',
  `batch_no` varchar(20) CHARACTER SET utf8mb4 COLLATE utf8mb4_general_ci DEFAULT NULL,
  `expiry_date` date DEFAULT NULL,
  `barcode` varchar(30) CHARACTER SET utf8mb4 COLLATE utf8mb4_general_ci DEFAULT NULL,
  `remarks` varchar(255) CHARACTER SET utf8mb4 COLLATE utf8mb4_general_ci DEFAULT NULL,
  `qc_attachment` varchar(255) CHARACTER SET utf8mb4 COLLATE utf8mb4_general_ci DEFAULT NULL
) ENGINE=InnoDB DEFAULT CHARSET=utf8mb4 COLLATE=utf8mb4_general_ci;

-- --------------------------------------------------------

--
-- Table structure for table `wh_material_receive_payment`
--

CREATE TABLE `wh_material_receive_payment` (
  `id` int NOT NULL,
  `receive_id` int NOT NULL,
  `list_id` int NOT NULL DEFAULT '16',
  `payment_method` int NOT NULL,
  `pay_acc_no` varchar(50) CHARACTER SET utf8mb4 COLLATE utf8mb4_general_ci DEFAULT NULL,
  `amount` decimal(10,2) NOT NULL DEFAULT '0.00'
) ENGINE=InnoDB DEFAULT CHARSET=utf8mb4 COLLATE=utf8mb4_general_ci;

-- --------------------------------------------------------

--
-- Table structure for table `wh_material_requisition`
--

CREATE TABLE `wh_material_requisition` (
  `id` int NOT NULL,
  `store_id` int DEFAULT NULL,
  `supplier_id` int DEFAULT NULL,
  `voucher_no` varchar(20) CHARACTER SET utf8mb4 COLLATE utf8mb4_general_ci NOT NULL,
  `date` date NOT NULL,
  `sub_total` decimal(12,2) NOT NULL DEFAULT '0.00',
  `vat` decimal(10,2) NOT NULL DEFAULT '0.00',
  `grand_total` decimal(12,2) NOT NULL DEFAULT '0.00',
  `received` tinyint(1) NOT NULL DEFAULT '0' COMMENT '1=Yes, 0=No',
  `returned` tinyint(1) NOT NULL DEFAULT '0' COMMENT '1=Yes, 0=No',
  `created_at` timestamp NOT NULL DEFAULT CURRENT_TIMESTAMP,
  `created_by` int NOT NULL,
  `isApproved` tinyint(1) DEFAULT '0',
  `approved_by` int DEFAULT NULL,
  `approved_date` datetime DEFAULT NULL,
  `updated_by` int DEFAULT NULL,
  `updated_at` datetime DEFAULT NULL,
  `status` tinyint(1) NOT NULL DEFAULT '1'
) ENGINE=InnoDB DEFAULT CHARSET=utf8mb4 COLLATE=utf8mb4_general_ci;

-- --------------------------------------------------------

--
-- Table structure for table `wh_material_requisition_details`
--

CREATE TABLE `wh_material_requisition_details` (
  `id` int NOT NULL,
  `purchase_id` int NOT NULL,
  `item_id` int NOT NULL,
  `store_id` int DEFAULT NULL,
  `carton` float(8,2) NOT NULL DEFAULT '0.00',
  `carton_qty` float(8,2) NOT NULL DEFAULT '0.00',
  `box` float(8,2) NOT NULL DEFAULT '0.00',
  `box_qty` float(8,2) NOT NULL DEFAULT '0.00',
  `qty` float(10,2) NOT NULL DEFAULT '0.00',
  `price` decimal(10,2) NOT NULL DEFAULT '0.00',
  `total` decimal(10,2) NOT NULL DEFAULT '0.00',
  `vat_applicable` tinyint(1) NOT NULL DEFAULT '0',
  `monthly_consumption` float(8,2) DEFAULT NULL,
  `last_purchase_qnty` float(8,2) DEFAULT NULL,
  `last_purchase_date` date DEFAULT NULL,
  `last_stock_qnty` float(8,2) DEFAULT NULL,
  `po_qty` decimal(10,2) NOT NULL DEFAULT '0.00'
) ENGINE=InnoDB DEFAULT CHARSET=utf8mb4 COLLATE=utf8mb4_general_ci;

-- --------------------------------------------------------

--
-- Table structure for table `wh_material_return`
--

CREATE TABLE `wh_material_return` (
  `id` int NOT NULL,
  `purchase_id` int NOT NULL,
  `store_id` int NOT NULL,
  `supplier_id` int NOT NULL,
  `voucher_no` varchar(20) CHARACTER SET utf8mb4 COLLATE utf8mb4_general_ci NOT NULL,
  `date` date DEFAULT NULL,
  `sub_total` decimal(10,2) NOT NULL DEFAULT '0.00',
  `vat` decimal(8,2) NOT NULL DEFAULT '0.00',
  `grand_total` decimal(10,2) NOT NULL DEFAULT '0.00',
  `return_by` int DEFAULT NULL,
  `created_at` datetime DEFAULT NULL
) ENGINE=InnoDB DEFAULT CHARSET=utf8mb4 COLLATE=utf8mb4_general_ci;

-- --------------------------------------------------------

--
-- Table structure for table `wh_material_return_details`
--

CREATE TABLE `wh_material_return_details` (
  `id` int NOT NULL,
  `purchase_id` int NOT NULL,
  `return_id` int NOT NULL,
  `item_id` int NOT NULL,
  `carton` float(8,2) NOT NULL DEFAULT '0.00',
  `carton_qty` float(8,2) NOT NULL DEFAULT '0.00',
  `box` float(8,2) NOT NULL DEFAULT '0.00',
  `box_qty` float(8,2) NOT NULL DEFAULT '0.00',
  `qty` float(10,2) NOT NULL DEFAULT '0.00',
  `price` decimal(10,2) NOT NULL DEFAULT '0.00',
  `total` decimal(10,2) NOT NULL DEFAULT '0.00',
  `vat_applicable` tinyint(1) DEFAULT '0',
  `batch_no` varchar(20) CHARACTER SET utf8mb4 COLLATE utf8mb4_general_ci DEFAULT NULL,
  `expiry_date` date DEFAULT NULL,
  `barcode` varchar(30) CHARACTER SET utf8mb4 COLLATE utf8mb4_general_ci DEFAULT NULL
) ENGINE=InnoDB DEFAULT CHARSET=utf8mb4 COLLATE=utf8mb4_general_ci;

-- --------------------------------------------------------

--
-- Table structure for table `wh_material_stock`
--

CREATE TABLE `wh_material_stock` (
  `id` int NOT NULL,
  `store_id` int NOT NULL,
  `item_id` int NOT NULL,
  `stock` float(10,2) NOT NULL DEFAULT '0.00',
  `stock_in` float(10,2) NOT NULL DEFAULT '0.00',
  `stock_out` float(10,2) NOT NULL DEFAULT '0.00',
  `stock_adjust_in` float(10,2) NOT NULL DEFAULT '0.00',
  `stock_adjust_out` float(10,2) NOT NULL DEFAULT '0.00'
) ENGINE=InnoDB DEFAULT CHARSET=utf8mb4 COLLATE=utf8mb4_general_ci;

-- --------------------------------------------------------

--
-- Table structure for table `wh_material_stock_entry`
--

CREATE TABLE `wh_material_stock_entry` (
  `id` int NOT NULL,
  `receive_id` int DEFAULT NULL,
  `transfer_id` int DEFAULT NULL,
  `store_id` int NOT NULL,
  `item_id` int NOT NULL,
  `stock` float(10,2) NOT NULL DEFAULT '0.00',
  `stock_in` float(10,2) NOT NULL DEFAULT '0.00',
  `stock_out` float(10,2) NOT NULL DEFAULT '0.00',
  `stock_adjust_in` float(10,2) NOT NULL DEFAULT '0.00',
  `stock_adjust_out` float(10,2) NOT NULL DEFAULT '0.00',
  `created_by` int NOT NULL,
  `created_at` datetime DEFAULT NULL
) ENGINE=InnoDB DEFAULT CHARSET=utf8mb4 COLLATE=utf8mb4_general_ci;

-- --------------------------------------------------------

--
-- Table structure for table `wh_material_store`
--

CREATE TABLE `wh_material_store` (
  `id` int NOT NULL,
  `nameE` varchar(100) CHARACTER SET utf8mb4 COLLATE utf8mb4_general_ci NOT NULL,
  `nameA` varchar(100) CHARACTER SET utf8mb4 COLLATE utf8mb4_general_ci DEFAULT NULL,
  `branch_id` int DEFAULT NULL,
  `acc_head` varchar(20) CHARACTER SET utf8mb4 COLLATE utf8mb4_general_ci DEFAULT NULL,
  `balance` decimal(10,2) DEFAULT NULL,
  `created_date` datetime NOT NULL DEFAULT CURRENT_TIMESTAMP,
  `created_by` int DEFAULT NULL,
  `updated_date` datetime DEFAULT NULL,
  `updated_by` int DEFAULT NULL,
  `status` tinyint(1) NOT NULL DEFAULT '1' COMMENT '1=active, 0=inactive'
) ENGINE=InnoDB DEFAULT CHARSET=utf8mb4 COLLATE=utf8mb4_general_ci;

-- --------------------------------------------------------

--
-- Table structure for table `wh_material_supplier`
--

CREATE TABLE `wh_material_supplier` (
  `id` int NOT NULL,
  `item_id` int NOT NULL,
  `supplier_id` int NOT NULL,
  `price` float(10,2) NOT NULL DEFAULT '0.00',
  `sell_price` float(10,2) DEFAULT NULL
) ENGINE=InnoDB DEFAULT CHARSET=utf8mb4 COLLATE=utf8mb4_general_ci;

-- --------------------------------------------------------

--
-- Table structure for table `wh_material_terms_conditions`
--

CREATE TABLE `wh_material_terms_conditions` (
  `id` int NOT NULL,
  `po_id` int DEFAULT NULL,
  `terms_conditions` longtext CHARACTER SET utf8mb4 COLLATE utf8mb4_general_ci,
  `status` int DEFAULT NULL
) ENGINE=InnoDB DEFAULT CHARSET=utf8mb4 COLLATE=utf8mb4_general_ci;

-- --------------------------------------------------------

--
-- Table structure for table `wh_order`
--

CREATE TABLE `wh_order` (
  `id` int NOT NULL,
  `dealer_id` int NOT NULL,
  `sub_store_id` int NOT NULL,
  `voucher_no` varchar(20) CHARACTER SET utf8mb4 COLLATE utf8mb4_general_ci NOT NULL,
  `date` date NOT NULL,
  `notes` mediumtext CHARACTER SET utf8mb4 COLLATE utf8mb4_general_ci,
  `consumed_by` enum('department','service') CHARACTER SET utf8mb4 COLLATE utf8mb4_general_ci DEFAULT NULL,
  `patient_id` int NOT NULL,
  `invoice_id` int NOT NULL,
  `doctor_id` int NOT NULL,
  `service_id` int NOT NULL,
  `request_by` int NOT NULL,
  `request_date` timestamp NULL DEFAULT CURRENT_TIMESTAMP,
  `isApproved` tinyint(1) DEFAULT '0' COMMENT '0=not approved, 1=approved',
  `approved_by` varchar(12) CHARACTER SET utf8mb4 COLLATE utf8mb4_general_ci NOT NULL,
  `approved_date` datetime DEFAULT NULL,
  `isCollected` tinyint(1) DEFAULT '0' COMMENT '0=not collected, 1=collected',
  `collected_by` int NOT NULL,
  `collected_date` datetime DEFAULT NULL,
  `isReturned` tinyint(1) DEFAULT '0' COMMENT '0=not returned, 1=returned',
  `returned_by` int NOT NULL,
  `returned_date` datetime DEFAULT NULL,
  `return_voucher_no` varchar(20) CHARACTER SET utf8mb4 COLLATE utf8mb4_general_ci DEFAULT NULL,
  `return_date` date DEFAULT NULL,
  `isReceived` tinyint(1) DEFAULT '0' COMMENT '0=not received, 1=received',
  `received_by` int DEFAULT NULL,
  `received_date` datetime DEFAULT NULL,
  `isResend` tinyint(1) DEFAULT '0',
  `resend_by` int DEFAULT NULL,
  `resend_date` datetime DEFAULT NULL,
  `status` tinyint(1) DEFAULT '1'
) ENGINE=InnoDB DEFAULT CHARSET=utf8mb4 COLLATE=utf8mb4_general_ci;

-- --------------------------------------------------------

--
-- Table structure for table `wh_order_details`
--

CREATE TABLE `wh_order_details` (
  `id` int NOT NULL,
  `request_id` int NOT NULL,
  `item_id` int NOT NULL,
  `qty` float(10,2) NOT NULL DEFAULT '0.00',
  `aqty` float(10,2) NOT NULL DEFAULT '0.00',
  `price` float(10,2) NOT NULL DEFAULT '0.00',
  `vat_applicable` tinyint(1) DEFAULT '0',
  `return_qty` float(10,2) NOT NULL DEFAULT '0.00',
  `batch_no` varchar(20) CHARACTER SET utf8mb4 COLLATE utf8mb4_general_ci DEFAULT NULL,
  `expiry_date` date DEFAULT NULL,
  `barcode` varchar(30) CHARACTER SET utf8mb4 COLLATE utf8mb4_general_ci DEFAULT NULL,
  `request_details_id` int DEFAULT NULL,
  `request_details_qty` float(10,2) DEFAULT NULL,
  `request_type` varchar(20) CHARACTER SET utf8mb4 COLLATE utf8mb4_general_ci NOT NULL DEFAULT 'req'
) ENGINE=InnoDB DEFAULT CHARSET=utf8mb4 COLLATE=utf8mb4_general_ci;

-- --------------------------------------------------------

--
-- Table structure for table `wh_production`
--

CREATE TABLE `wh_production` (
  `id` int NOT NULL,
  `store_id` int NOT NULL,
  `machine_id` int NOT NULL,
  `voucher_no` varchar(20) CHARACTER SET utf8mb4 COLLATE utf8mb4_general_ci NOT NULL,
  `date` date NOT NULL,
  `received` tinyint(1) NOT NULL DEFAULT '0' COMMENT '1=Yes, 0=No',
  `returned` tinyint(1) NOT NULL DEFAULT '0' COMMENT '1=Yes, 0=No',
  `created_at` timestamp NOT NULL DEFAULT CURRENT_TIMESTAMP,
  `created_by` int NOT NULL,
  `isApproved` tinyint(1) DEFAULT '0',
  `approved_by` int DEFAULT NULL,
  `approved_date` datetime DEFAULT NULL,
  `updated_by` int DEFAULT NULL,
  `updated_at` datetime DEFAULT NULL,
  `material_request` tinyint(1) DEFAULT '0',
  `status` tinyint(1) NOT NULL DEFAULT '1'
) ENGINE=InnoDB DEFAULT CHARSET=utf8mb4 COLLATE=utf8mb4_general_ci;

-- --------------------------------------------------------

--
-- Table structure for table `wh_production_details`
--

CREATE TABLE `wh_production_details` (
  `id` int NOT NULL,
  `production_id` int NOT NULL,
  `item_id` int NOT NULL,
  `recipe_id` int NOT NULL,
  `bag_size` float(8,2) NOT NULL DEFAULT '0.00',
  `input_kg` decimal(10,2) DEFAULT '0.00',
  `old_feed` float(8,2) DEFAULT '0.00',
  `wastage` float(8,2) DEFAULT '0.00',
  `act_bags` float(8,2) NOT NULL DEFAULT '0.00',
  `stand_bags` float(8,2) DEFAULT '0.00',
  `qty` decimal(10,2) NOT NULL DEFAULT '0.00',
  `loss_kg` decimal(10,2) DEFAULT '0.00',
  `prod_percent` float(5,2) DEFAULT '0.00',
  `loss_percent` float(5,2) DEFAULT '0.00',
  `remarks` mediumtext CHARACTER SET utf8mb4 COLLATE utf8mb4_general_ci
) ENGINE=InnoDB DEFAULT CHARSET=utf8mb4 COLLATE=utf8mb4_general_ci;

-- --------------------------------------------------------

--
-- Table structure for table `wh_production_stock`
--

CREATE TABLE `wh_production_stock` (
  `id` int NOT NULL,
  `store_id` int NOT NULL,
  `item_id` int NOT NULL,
  `stock` float(10,2) NOT NULL DEFAULT '0.00',
  `stock_in` float(10,2) NOT NULL DEFAULT '0.00',
  `stock_out` float(10,2) NOT NULL DEFAULT '0.00',
  `stock_adjust_in` float(10,2) NOT NULL DEFAULT '0.00',
  `stock_adjust_out` float(10,2) NOT NULL DEFAULT '0.00'
) ENGINE=InnoDB DEFAULT CHARSET=utf8mb4 COLLATE=utf8mb4_general_ci;

-- --------------------------------------------------------

--
-- Table structure for table `wh_production_store`
--

CREATE TABLE `wh_production_store` (
  `id` int NOT NULL,
  `nameE` varchar(100) CHARACTER SET utf8mb4 COLLATE utf8mb4_general_ci NOT NULL,
  `nameA` varchar(100) CHARACTER SET utf8mb4 COLLATE utf8mb4_general_ci NOT NULL,
  `branch_id` int NOT NULL,
  `acc_head` varchar(20) CHARACTER SET utf8mb4 COLLATE utf8mb4_general_ci DEFAULT NULL,
  `created_date` datetime NOT NULL DEFAULT CURRENT_TIMESTAMP,
  `created_by` int NOT NULL,
  `updated_date` datetime DEFAULT NULL,
  `updated_by` int DEFAULT NULL,
  `status` tinyint(1) NOT NULL DEFAULT '1' COMMENT '1=active, 0=inactive'
) ENGINE=InnoDB DEFAULT CHARSET=utf8mb4 COLLATE=utf8mb4_general_ci;

-- --------------------------------------------------------

--
-- Table structure for table `wh_quatation`
--

CREATE TABLE `wh_quatation` (
  `id` int NOT NULL,
  `requisition_id` varchar(20) CHARACTER SET utf8mb4 COLLATE utf8mb4_general_ci NOT NULL,
  `supplier_id` varchar(20) CHARACTER SET utf8mb4 COLLATE utf8mb4_general_ci NOT NULL,
  `date` date DEFAULT NULL,
  `remarks` varchar(255) CHARACTER SET utf8mb4 COLLATE utf8mb4_general_ci DEFAULT NULL,
  `file` varchar(255) CHARACTER SET utf8mb4 COLLATE utf8mb4_general_ci DEFAULT NULL,
  `isApproved` tinyint(1) NOT NULL DEFAULT '0',
  `nameE` varchar(150) CHARACTER SET utf8mb4 COLLATE utf8mb4_general_ci DEFAULT NULL,
  `nameA` varchar(150) CHARACTER SET utf8mb4 COLLATE utf8mb4_general_ci DEFAULT NULL,
  `sub_total` decimal(12,2) DEFAULT NULL,
  `vat` decimal(12,2) DEFAULT NULL,
  `grand_total` decimal(12,2) DEFAULT NULL,
  `created_by` int DEFAULT NULL,
  `created_date` datetime DEFAULT NULL,
  `updated_by` int DEFAULT NULL,
  `updated_date` datetime DEFAULT NULL,
  `status` tinyint(1) NOT NULL DEFAULT '1',
  `approved_by` int DEFAULT NULL,
  `approved_date` datetime DEFAULT NULL
) ENGINE=InnoDB DEFAULT CHARSET=utf8mb4 COLLATE=utf8mb4_general_ci;

-- --------------------------------------------------------

--
-- Table structure for table `wh_receive`
--

CREATE TABLE `wh_receive` (
  `id` int NOT NULL,
  `production_id` int NOT NULL,
  `store_id` int NOT NULL,
  `machine_id` int NOT NULL,
  `voucher_no` varchar(20) CHARACTER SET utf8mb4 COLLATE utf8mb4_general_ci NOT NULL,
  `date` date NOT NULL,
  `receive_invoice` varchar(200) CHARACTER SET utf8mb4 COLLATE utf8mb4_general_ci DEFAULT NULL,
  `created_at` timestamp NOT NULL DEFAULT CURRENT_TIMESTAMP,
  `created_by` int NOT NULL,
  `isApproved` tinyint(1) DEFAULT '0',
  `approved_by` int DEFAULT NULL,
  `approved_date` datetime DEFAULT NULL,
  `bag_request` tinyint(1) DEFAULT '0',
  `status` tinyint(1) NOT NULL DEFAULT '1'
) ENGINE=InnoDB DEFAULT CHARSET=utf8mb4 COLLATE=utf8mb4_general_ci;

-- --------------------------------------------------------

--
-- Table structure for table `wh_receive_details`
--

CREATE TABLE `wh_receive_details` (
  `id` int NOT NULL,
  `production_id` int DEFAULT NULL,
  `store_id` int DEFAULT NULL,
  `receive_id` int DEFAULT NULL,
  `item_id` int NOT NULL,
  `bag_size` float(8,2) NOT NULL DEFAULT '0.00',
  `input_kg` decimal(10,2) DEFAULT '0.00',
  `old_feed` float(8,2) DEFAULT '0.00',
  `wastage` float(8,2) DEFAULT '0.00',
  `act_bags` float(8,2) NOT NULL DEFAULT '0.00',
  `stand_bags` float(8,2) DEFAULT '0.00',
  `qty` decimal(10,2) NOT NULL DEFAULT '0.00',
  `wip_kg` decimal(10,2) DEFAULT '0.00',
  `loss_kg` decimal(10,2) DEFAULT '0.00',
  `prod_percent` float(5,2) DEFAULT '0.00',
  `loss_percent` float(5,2) DEFAULT '0.00',
  `price` decimal(10,2) DEFAULT '0.00',
  `total` decimal(10,2) DEFAULT '0.00',
  `vat_applicable` tinyint(1) DEFAULT '0',
  `remarks` mediumtext CHARACTER SET utf8mb4 COLLATE utf8mb4_general_ci,
  `return_qty` float(10,2) DEFAULT '0.00',
  `used_qty` float(10,2) DEFAULT '0.00',
  `adjust_in` float(10,2) DEFAULT '0.00',
  `adjust_out` float(10,2) DEFAULT '0.00',
  `avail_qty` float(10,2) NOT NULL DEFAULT '0.00',
  `batch_no` varchar(20) CHARACTER SET utf8mb4 COLLATE utf8mb4_general_ci DEFAULT NULL,
  `expiry_date` date DEFAULT NULL,
  `barcode` varchar(30) CHARACTER SET utf8mb4 COLLATE utf8mb4_general_ci DEFAULT NULL,
  `prod_date` date DEFAULT NULL
) ENGINE=InnoDB DEFAULT CHARSET=utf8mb4 COLLATE=utf8mb4_general_ci;

-- --------------------------------------------------------

--
-- Table structure for table `wh_recipe`
--

CREATE TABLE `wh_recipe` (
  `id` int NOT NULL,
  `item_id` int NOT NULL,
  `machine_id` int DEFAULT NULL,
  `voucher_no` varchar(20) CHARACTER SET utf8mb4 COLLATE utf8mb4_general_ci DEFAULT NULL,
  `date` date NOT NULL,
  `created_at` timestamp NOT NULL DEFAULT CURRENT_TIMESTAMP,
  `created_by` int DEFAULT NULL,
  `isApproved` tinyint(1) DEFAULT '0',
  `approved_by` int DEFAULT NULL,
  `approved_date` datetime DEFAULT NULL,
  `updated_by` int DEFAULT NULL,
  `updated_at` datetime DEFAULT NULL,
  `status` tinyint(1) NOT NULL DEFAULT '1',
  `isActive` tinyint(1) DEFAULT '0'
) ENGINE=InnoDB DEFAULT CHARSET=utf8mb4 COLLATE=utf8mb4_general_ci;

-- --------------------------------------------------------

--
-- Table structure for table `wh_recipe_details`
--

CREATE TABLE `wh_recipe_details` (
  `id` int NOT NULL,
  `recipe_id` int NOT NULL,
  `material_id` int NOT NULL,
  `qty` decimal(10,2) NOT NULL DEFAULT '0.00',
  `wastage` float(8,2) DEFAULT '0.00',
  `prod_percent` float(5,2) DEFAULT '0.00',
  `loss_percent` float(5,2) DEFAULT '0.00',
  `remarks` mediumtext CHARACTER SET utf8mb4 COLLATE utf8mb4_general_ci
) ENGINE=InnoDB DEFAULT CHARSET=utf8mb4 COLLATE=utf8mb4_general_ci;

-- --------------------------------------------------------

--
-- Table structure for table `wh_return`
--

CREATE TABLE `wh_return` (
  `id` int NOT NULL,
  `production_id` int NOT NULL,
  `store_id` int NOT NULL,
  `machine_id` int NOT NULL,
  `voucher_no` varchar(20) CHARACTER SET utf8mb4 COLLATE utf8mb4_general_ci NOT NULL,
  `date` date DEFAULT NULL,
  `sub_total` decimal(10,2) NOT NULL DEFAULT '0.00',
  `vat` decimal(8,2) NOT NULL DEFAULT '0.00',
  `grand_total` decimal(10,2) NOT NULL DEFAULT '0.00',
  `return_by` int DEFAULT NULL,
  `created_at` datetime DEFAULT NULL
) ENGINE=InnoDB DEFAULT CHARSET=utf8mb4 COLLATE=utf8mb4_general_ci;

-- --------------------------------------------------------

--
-- Table structure for table `wh_return_details`
--

CREATE TABLE `wh_return_details` (
  `id` int NOT NULL,
  `production_id` int NOT NULL,
  `return_id` int NOT NULL,
  `item_id` int NOT NULL,
  `carton` float(8,2) NOT NULL DEFAULT '0.00',
  `carton_qty` float(8,2) NOT NULL DEFAULT '0.00',
  `box` float(8,2) NOT NULL DEFAULT '0.00',
  `box_qty` float(8,2) NOT NULL DEFAULT '0.00',
  `qty` float(10,2) NOT NULL DEFAULT '0.00',
  `price` decimal(10,2) NOT NULL DEFAULT '0.00',
  `total` decimal(10,2) NOT NULL DEFAULT '0.00',
  `vat_applicable` tinyint(1) DEFAULT '0',
  `batch_no` varchar(20) CHARACTER SET utf8mb4 COLLATE utf8mb4_general_ci DEFAULT NULL,
  `expiry_date` date DEFAULT NULL,
  `barcode` varchar(30) CHARACTER SET utf8mb4 COLLATE utf8mb4_general_ci DEFAULT NULL
) ENGINE=InnoDB DEFAULT CHARSET=utf8mb4 COLLATE=utf8mb4_general_ci;

-- --------------------------------------------------------

--
-- Table structure for table `wh_sale_stock`
--

CREATE TABLE `wh_sale_stock` (
  `id` int NOT NULL,
  `sub_store_id` int NOT NULL,
  `item_id` int NOT NULL,
  `stock` float(10,2) NOT NULL DEFAULT '0.00',
  `stock_in` float(10,2) NOT NULL DEFAULT '0.00',
  `stock_out` float(10,2) NOT NULL DEFAULT '0.00',
  `stock_adjust_in` float(10,2) NOT NULL DEFAULT '0.00',
  `stock_adjust_out` float(10,2) NOT NULL DEFAULT '0.00'
) ENGINE=InnoDB DEFAULT CHARSET=utf8mb4 COLLATE=utf8mb4_general_ci;

-- --------------------------------------------------------

--
-- Table structure for table `wh_sale_store`
--

CREATE TABLE `wh_sale_store` (
  `id` int NOT NULL,
  `nameE` varchar(100) CHARACTER SET utf8mb4 COLLATE utf8mb4_general_ci NOT NULL,
  `nameA` varchar(100) CHARACTER SET utf8mb4 COLLATE utf8mb4_general_ci NOT NULL,
  `branch_id` int NOT NULL,
  `dept_id` int NOT NULL,
  `created_date` datetime NOT NULL DEFAULT CURRENT_TIMESTAMP,
  `created_by` int NOT NULL,
  `updated_date` datetime DEFAULT NULL,
  `updated_by` int DEFAULT NULL,
  `status` tinyint(1) NOT NULL DEFAULT '1' COMMENT '1=active, 0=inactive'
) ENGINE=InnoDB DEFAULT CHARSET=utf8mb4 COLLATE=utf8mb4_general_ci;

-- --------------------------------------------------------

--
-- Table structure for table `wh_stock_adjustment`
--

CREATE TABLE `wh_stock_adjustment` (
  `id` int NOT NULL,
  `store_id` int NOT NULL DEFAULT '0',
  `supplier_id` int NOT NULL DEFAULT '0',
  `sub_store_id` int NOT NULL DEFAULT '0',
  `voucher_no` varchar(20) CHARACTER SET utf8mb4 COLLATE utf8mb4_general_ci NOT NULL,
  `date` date NOT NULL,
  `sub_total` decimal(12,2) NOT NULL DEFAULT '0.00',
  `vat` decimal(10,2) NOT NULL DEFAULT '0.00',
  `grand_total` decimal(12,2) NOT NULL DEFAULT '0.00',
  `adjust_type` enum('IN','OUT') CHARACTER SET utf8mb4 COLLATE utf8mb4_general_ci NOT NULL,
  `notes` mediumtext CHARACTER SET utf8mb4 COLLATE utf8mb4_general_ci,
  `created_at` timestamp NOT NULL DEFAULT CURRENT_TIMESTAMP,
  `created_by` int NOT NULL,
  `isApproved` tinyint(1) NOT NULL DEFAULT '0',
  `approved_by` int DEFAULT NULL,
  `approved_date` datetime DEFAULT NULL,
  `updated_by` int DEFAULT NULL,
  `updated_at` datetime DEFAULT NULL,
  `status` tinyint(1) NOT NULL DEFAULT '1'
) ENGINE=InnoDB DEFAULT CHARSET=utf8mb4 COLLATE=utf8mb4_general_ci;

-- --------------------------------------------------------

--
-- Table structure for table `wh_stock_adjustment_details`
--

CREATE TABLE `wh_stock_adjustment_details` (
  `id` int NOT NULL,
  `adjust_id` int NOT NULL,
  `item_id` int NOT NULL,
  `batch_id` int NOT NULL,
  `avail_qty` float(10,2) NOT NULL DEFAULT '0.00',
  `carton` float(8,2) NOT NULL DEFAULT '0.00',
  `carton_qty` float(8,2) NOT NULL DEFAULT '0.00',
  `box` float(8,2) NOT NULL DEFAULT '0.00',
  `box_qty` float(8,2) NOT NULL DEFAULT '0.00',
  `qty` float(10,2) NOT NULL DEFAULT '0.00',
  `price` decimal(8,2) NOT NULL DEFAULT '0.00',
  `total` decimal(10,2) NOT NULL DEFAULT '0.00',
  `vat_applicable` tinyint(1) DEFAULT '0',
  `stock_out_reason` enum('Missing','Damaged','Expired','Others') CHARACTER SET utf8mb4 COLLATE utf8mb4_general_ci DEFAULT NULL,
  `receive_type` enum('rec','tran') CHARACTER SET utf8mb4 COLLATE utf8mb4_general_ci NOT NULL DEFAULT 'rec',
  `entry_date` datetime DEFAULT CURRENT_TIMESTAMP
) ENGINE=InnoDB DEFAULT CHARSET=utf8mb4 COLLATE=utf8mb4_general_ci;

-- --------------------------------------------------------

--
-- Table structure for table `wh_stock_transfer`
--

CREATE TABLE `wh_stock_transfer` (
  `id` int NOT NULL,
  `from_store_id` int NOT NULL,
  `to_store_id` int NOT NULL,
  `voucher_no` varchar(20) CHARACTER SET utf8mb4 COLLATE utf8mb4_general_ci NOT NULL,
  `date` date NOT NULL,
  `notes` mediumtext CHARACTER SET utf8mb4 COLLATE utf8mb4_general_ci,
  `request_by` int NOT NULL,
  `request_date` timestamp NULL DEFAULT CURRENT_TIMESTAMP,
  `isApproved` tinyint(1) DEFAULT '0' COMMENT '0=not approved, 1=approved',
  `approved_by` varchar(12) CHARACTER SET utf8mb4 COLLATE utf8mb4_general_ci DEFAULT NULL,
  `approved_date` datetime DEFAULT NULL,
  `isCollected` tinyint(1) DEFAULT '0',
  `collected_by` int DEFAULT NULL,
  `collected_date` datetime DEFAULT NULL,
  `isResend` tinyint(1) DEFAULT '0',
  `resend_by` int DEFAULT NULL,
  `resend_date` datetime DEFAULT NULL,
  `status` tinyint(1) DEFAULT '1'
) ENGINE=InnoDB DEFAULT CHARSET=utf8mb4 COLLATE=utf8mb4_general_ci;

-- --------------------------------------------------------

--
-- Table structure for table `wh_stock_transfer_details`
--

CREATE TABLE `wh_stock_transfer_details` (
  `id` int NOT NULL,
  `request_id` int NOT NULL,
  `item_id` int NOT NULL,
  `carton` float(8,2) NOT NULL DEFAULT '0.00',
  `acarton` float(8,2) NOT NULL DEFAULT '0.00',
  `carton_qty` float(8,2) NOT NULL DEFAULT '0.00',
  `box` float(8,2) NOT NULL DEFAULT '0.00',
  `abox` float(8,2) NOT NULL DEFAULT '0.00',
  `box_qty` float(8,2) NOT NULL DEFAULT '0.00',
  `qty` float(10,2) NOT NULL DEFAULT '0.00',
  `aqty` float(10,2) NOT NULL DEFAULT '0.00',
  `price` float(10,2) NOT NULL DEFAULT '0.00',
  `vat_applicable` tinyint(1) DEFAULT '0',
  `return_qty` float(10,2) NOT NULL DEFAULT '0.00',
  `used_qty` float(10,2) NOT NULL DEFAULT '0.00',
  `adjust_in` float(10,2) NOT NULL DEFAULT '0.00',
  `adjust_out` float(10,2) NOT NULL DEFAULT '0.00',
  `avail_qty` float(10,2) NOT NULL DEFAULT '0.00',
  `batch_no` varchar(20) CHARACTER SET utf8mb4 COLLATE utf8mb4_general_ci DEFAULT NULL,
  `expiry_date` date DEFAULT NULL,
  `barcode` varchar(30) CHARACTER SET utf8mb4 COLLATE utf8mb4_general_ci DEFAULT NULL,
  `receive_details_id` int DEFAULT NULL,
  `receive_details_qty` float(10,2) NOT NULL DEFAULT '0.00',
  `receive_type` enum('rec','tran') CHARACTER SET utf8mb4 COLLATE utf8mb4_general_ci NOT NULL DEFAULT 'rec'
) ENGINE=InnoDB DEFAULT CHARSET=utf8mb4 COLLATE=utf8mb4_general_ci;

-- --------------------------------------------------------

--
-- Table structure for table `wh_supplier_credit`
--

CREATE TABLE `wh_supplier_credit` (
  `id` int NOT NULL,
  `receive_id` int DEFAULT NULL,
  `supplier_id` int DEFAULT NULL,
  `credit_amount` decimal(10,2) NOT NULL DEFAULT '0.00',
  `date` datetime DEFAULT NULL,
  `paid_status` tinyint(1) DEFAULT '0',
  `paid_amount` decimal(10,2) NOT NULL DEFAULT '0.00',
  `agree_type` tinyint(1) DEFAULT NULL COMMENT '1=credit consignment, 2=full payment, 3=full credit',
  `used_credit` decimal(10,2) NOT NULL DEFAULT '0.00',
  `credit_limit` decimal(10,2) NOT NULL DEFAULT '0.00',
  `credit_period` int DEFAULT '0',
  `status` tinyint(1) DEFAULT '1'
) ENGINE=InnoDB DEFAULT CHARSET=utf8mb4 COLLATE=utf8mb4_general_ci;

-- --------------------------------------------------------

--
-- Table structure for table `wh_supplier_credit_payment`
--

CREATE TABLE `wh_supplier_credit_payment` (
  `id` int NOT NULL,
  `payment_id` int NOT NULL,
  `list_id` int NOT NULL DEFAULT '16',
  `payment_method` int NOT NULL,
  `pay_acc_no` mediumtext CHARACTER SET utf8mb4 COLLATE utf8mb4_general_ci,
  `amount` decimal(10,2) NOT NULL DEFAULT '0.00'
) ENGINE=InnoDB DEFAULT CHARSET=utf8mb4 COLLATE=utf8mb4_general_ci;

-- --------------------------------------------------------

--
-- Table structure for table `wh_supplier_information`
--

CREATE TABLE `wh_supplier_information` (
  `id` int NOT NULL,
  `branch_id` int NOT NULL DEFAULT '1',
  `code_no` varchar(30) CHARACTER SET utf8mb4 COLLATE utf8mb4_general_ci NOT NULL DEFAULT '0',
  `nameE` varchar(150) CHARACTER SET utf8mb4 COLLATE utf8mb4_general_ci NOT NULL,
  `nameA` varchar(150) CHARACTER SET utf8mb4 COLLATE utf8mb4_general_ci DEFAULT NULL,
  `phone` varchar(30) CHARACTER SET utf8mb4 COLLATE utf8mb4_general_ci DEFAULT NULL,
  `email` varchar(50) CHARACTER SET utf8mb4 COLLATE utf8mb4_general_ci DEFAULT NULL,
  `address` mediumtext CHARACTER SET utf8mb4 COLLATE utf8mb4_general_ci NOT NULL,
  `agree_type` tinyint(1) DEFAULT NULL COMMENT '1=credit consignment, 2=full payment, 3=full credit',
  `credit_limit` decimal(10,2) DEFAULT NULL,
  `used_credit` decimal(10,2) NOT NULL DEFAULT '0.00',
  `credit_period` int NOT NULL DEFAULT '0' COMMENT 'days',
  `acc_head` varchar(20) CHARACTER SET utf8mb4 COLLATE utf8mb4_general_ci DEFAULT NULL,
  `balance` decimal(10,2) NOT NULL DEFAULT '0.00',
  `vat_no` varchar(20) CHARACTER SET utf8mb4 COLLATE utf8mb4_general_ci DEFAULT NULL,
  `bank_name` varchar(100) CHARACTER SET utf8mb4 COLLATE utf8mb4_general_ci DEFAULT NULL,
  `bank_ac_no` varchar(50) CHARACTER SET utf8mb4 COLLATE utf8mb4_general_ci DEFAULT NULL,
  `bank_iban` varchar(50) CHARACTER SET utf8mb4 COLLATE utf8mb4_general_ci DEFAULT NULL,
  `cr_no` varchar(50) CHARACTER SET utf8mb4 COLLATE utf8mb4_general_ci DEFAULT NULL,
  `logo` varchar(200) CHARACTER SET utf8mb4 COLLATE utf8mb4_general_ci DEFAULT NULL,
  `logo2` varchar(255) CHARACTER SET utf8mb4 COLLATE utf8mb4_general_ci DEFAULT NULL,
  `notes` longtext CHARACTER SET utf8mb4 COLLATE utf8mb4_general_ci,
  `created_by` int NOT NULL,
  `created_date` datetime NOT NULL DEFAULT CURRENT_TIMESTAMP,
  `status` tinyint(1) NOT NULL DEFAULT '1' COMMENT '1=active, 0=inactive',
  `ssn` varchar(255) CHARACTER SET utf8mb4 COLLATE utf8mb4_general_ci DEFAULT NULL,
  `country` varchar(100) CHARACTER SET utf8mb4 COLLATE utf8mb4_general_ci DEFAULT NULL
) ENGINE=InnoDB DEFAULT CHARSET=utf8mb4 COLLATE=utf8mb4_general_ci;

-- --------------------------------------------------------

--
-- Table structure for table `wh_supplier_payment`
--

CREATE TABLE `wh_supplier_payment` (
  `id` int NOT NULL,
  `receive_id` int DEFAULT NULL,
  `supplier_id` int DEFAULT NULL,
  `paid_amount` decimal(10,2) NOT NULL DEFAULT '0.00',
  `paid_date` datetime DEFAULT NULL,
  `voucher_no` varchar(20) CHARACTER SET utf8mb4 COLLATE utf8mb4_general_ci DEFAULT NULL,
  `previous_paid` decimal(10,2) NOT NULL DEFAULT '0.00',
  `previous_due` decimal(10,2) NOT NULL DEFAULT '0.00',
  `due` decimal(10,2) NOT NULL DEFAULT '0.00',
  `status` tinyint(1) DEFAULT '1'
) ENGINE=InnoDB DEFAULT CHARSET=utf8mb4 COLLATE=utf8mb4_general_ci;

-- --------------------------------------------------------

--
-- Table structure for table `wh_template`
--

CREATE TABLE `wh_template` (
  `id` int NOT NULL,
  `template_name` varchar(100) CHARACTER SET utf8mb4 COLLATE utf8mb4_general_ci DEFAULT NULL,
  `template_path` varchar(200) CHARACTER SET utf8mb4 COLLATE utf8mb4_general_ci DEFAULT NULL,
  `template_header` int NOT NULL DEFAULT '0',
  `template_footer` int NOT NULL DEFAULT '0',
  `created_at` timestamp NOT NULL DEFAULT CURRENT_TIMESTAMP,
  `created_by` int NOT NULL,
  `updated_by` int DEFAULT NULL,
  `updated_date` timestamp NOT NULL DEFAULT CURRENT_TIMESTAMP,
  `isApproved` tinyint(1) DEFAULT '0',
  `approved_by` int DEFAULT NULL,
  `approved_date` datetime DEFAULT NULL,
  `status` tinyint(1) NOT NULL DEFAULT '1'
) ENGINE=InnoDB DEFAULT CHARSET=utf8mb4 COLLATE=utf8mb4_general_ci;

--
-- Dumping data for table `wh_template`
--

INSERT INTO `wh_template` (`id`, `template_name`, `template_path`, `template_header`, `template_footer`, `created_at`, `created_by`, `updated_by`, `updated_date`, `isApproved`, `approved_by`, `approved_date`, `status`) VALUES
(1, 'bagPOPrintView', 'App\\Modules\\Template\\Views\\template_file\\bagPOPrintView', 0, 0, '2022-01-25 16:49:39', 2, 2, '2022-01-27 18:38:02', 1, 2, '2022-01-27 18:38:06', 1),
(8, 'testTemplate', 'App\\Modules\\Template\\Views\\template_file\\testTemplate', 0, 0, '2022-01-25 17:45:45', 2, 2, '2022-01-25 17:46:24', 0, NULL, NULL, 1);

-- --------------------------------------------------------

--
-- Table structure for table `zone_tbl`
--

CREATE TABLE `zone_tbl` (
  `id` int NOT NULL,
  `zone_name` varchar(250) CHARACTER SET utf8mb4 COLLATE utf8mb4_general_ci DEFAULT NULL,
  `districts` mediumtext CHARACTER SET utf8mb4 COLLATE utf8mb4_general_ci,
  `division` varchar(250) CHARACTER SET utf8mb4 COLLATE utf8mb4_general_ci DEFAULT NULL,
  `zone_map` mediumtext CHARACTER SET utf8mb4 COLLATE utf8mb4_general_ci,
  `zone_officer_id` int DEFAULT NULL,
  `status` int DEFAULT '1',
  `created_by` int DEFAULT NULL,
  `created_date` timestamp NOT NULL DEFAULT CURRENT_TIMESTAMP,
  `updated_by` int DEFAULT NULL,
  `updated_date` datetime DEFAULT NULL
) ENGINE=InnoDB DEFAULT CHARSET=utf8mb4 COLLATE=utf8mb4_general_ci;

--
-- Indexes for dumped tables
--

--
-- Indexes for table `acc_coa`
--
ALTER TABLE `acc_coa`
  ADD PRIMARY KEY (`id`),
  ADD UNIQUE KEY `HeadName` (`HeadName`),
  ADD KEY `HeadCode` (`HeadCode`),
  ADD KEY `IsActive` (`IsActive`);

--
-- Indexes for table `acc_coa_balance`
--
ALTER TABLE `acc_coa_balance`
  ADD PRIMARY KEY (`id`),
  ADD KEY `branch_id` (`branch_id`),
  ADD KEY `headCode` (`headCode`),
  ADD KEY `fy_id` (`fy_id`);

--
-- Indexes for table `acc_subcode`
--
ALTER TABLE `acc_subcode`
  ADD PRIMARY KEY (`id`);

--
-- Indexes for table `acc_subtype`
--
ALTER TABLE `acc_subtype`
  ADD PRIMARY KEY (`id`);

--
-- Indexes for table `acc_transaction`
--
ALTER TABLE `acc_transaction`
  ADD UNIQUE KEY `ID` (`ID`),
  ADD KEY `COAID` (`COAID`),
  ADD KEY `BranchID` (`BranchID`),
  ADD KEY `VDate` (`VDate`),
  ADD KEY `IsAppove` (`IsAppove`),
  ADD KEY `VNo` (`VNo`),
  ADD KEY `FyID` (`FyID`);

--
-- Indexes for table `acc_trans_operation`
--
ALTER TABLE `acc_trans_operation`
  ADD UNIQUE KEY `ID` (`ID`),
  ADD KEY `COAID` (`COAID`),
  ADD KEY `BranchID` (`BranchID`);

--
-- Indexes for table `acc_vouchers`
--
ALTER TABLE `acc_vouchers`
  ADD PRIMARY KEY (`id`);

--
-- Indexes for table `acc_voucher_type`
--
ALTER TABLE `acc_voucher_type`
  ADD PRIMARY KEY (`id`);

--
-- Indexes for table `activity_logs`
--
ALTER TABLE `activity_logs`
  ADD PRIMARY KEY (`id`),
  ADD KEY `branch_id` (`branch_id`);

--
-- Indexes for table `ah_bank`
--
ALTER TABLE `ah_bank`
  ADD PRIMARY KEY (`bank_id`),
  ADD KEY `acc_head` (`acc_head`),
  ADD KEY `acc_head_liabilities` (`acc_head_liabilities`);

--
-- Indexes for table `ah_lc`
--
ALTER TABLE `ah_lc`
  ADD PRIMARY KEY (`row_id`),
  ADD KEY `isApproved` (`isApproved`),
  ADD KEY `received` (`received`),
  ADD KEY `purchase_id` (`purchase_id`);

--
-- Indexes for table `ah_lc_attachment`
--
ALTER TABLE `ah_lc_attachment`
  ADD PRIMARY KEY (`id`);

--
-- Indexes for table `backup`
--
ALTER TABLE `backup`
  ADD PRIMARY KEY (`id`);

--
-- Indexes for table `branch`
--
ALTER TABLE `branch`
  ADD PRIMARY KEY (`id`);

--
-- Indexes for table `dealer`
--
ALTER TABLE `dealer`
  ADD PRIMARY KEY (`id`),
  ADD UNIQUE KEY `name` (`nameE`);

--
-- Indexes for table `dealer_due_info`
--
ALTER TABLE `dealer_due_info`
  ADD PRIMARY KEY (`id`);

--
-- Indexes for table `dealer_info`
--
ALTER TABLE `dealer_info`
  ADD PRIMARY KEY (`id`);

--
-- Indexes for table `department`
--
ALTER TABLE `department`
  ADD PRIMARY KEY (`id`),
  ADD UNIQUE KEY `name` (`name`);

--
-- Indexes for table `designation`
--
ALTER TABLE `designation`
  ADD PRIMARY KEY (`id`);

--
-- Indexes for table `do_delivery`
--
ALTER TABLE `do_delivery`
  ADD PRIMARY KEY (`id`);

--
-- Indexes for table `do_delivery_details`
--
ALTER TABLE `do_delivery_details`
  ADD PRIMARY KEY (`id`),
  ADD KEY `do_id` (`do_id`),
  ADD KEY `item_id` (`item_id`),
  ADD KEY `delivery_id` (`delivery_id`);

--
-- Indexes for table `do_details`
--
ALTER TABLE `do_details`
  ADD PRIMARY KEY (`id`),
  ADD KEY `do_id` (`do_id`),
  ADD KEY `item_id` (`item_id`);

--
-- Indexes for table `do_details_draft`
--
ALTER TABLE `do_details_draft`
  ADD PRIMARY KEY (`id`),
  ADD KEY `do_id` (`do_id`);

--
-- Indexes for table `do_main`
--
ALTER TABLE `do_main`
  ADD PRIMARY KEY (`id`);

--
-- Indexes for table `do_main_draft`
--
ALTER TABLE `do_main_draft`
  ADD PRIMARY KEY (`id`);

--
-- Indexes for table `employees`
--
ALTER TABLE `employees`
  ADD PRIMARY KEY (`emp_id`),
  ADD UNIQUE KEY `short_name` (`short_name`),
  ADD KEY `department_id` (`department_id`),
  ADD KEY `branch_id` (`branch_id`);

--
-- Indexes for table `employee_details`
--
ALTER TABLE `employee_details`
  ADD PRIMARY KEY (`id`),
  ADD UNIQUE KEY `user_id` (`emp_id`);

--
-- Indexes for table `employee_information`
--
ALTER TABLE `employee_information`
  ADD PRIMARY KEY (`id`);

--
-- Indexes for table `employee_salary_payment`
--
ALTER TABLE `employee_salary_payment`
  ADD PRIMARY KEY (`emp_sal_pay_id`),
  ADD KEY `employee_id` (`employee_id`),
  ADD KEY `generate_id` (`generate_id`);

--
-- Indexes for table `employee_salary_setup`
--
ALTER TABLE `employee_salary_setup`
  ADD PRIMARY KEY (`id`),
  ADD KEY `employee_id` (`employee_id`);

--
-- Indexes for table `financial_type`
--
ALTER TABLE `financial_type`
  ADD PRIMARY KEY (`id`);

--
-- Indexes for table `financial_year`
--
ALTER TABLE `financial_year`
  ADD PRIMARY KEY (`id`),
  ADD KEY `branch_id` (`branch_id`);

--
-- Indexes for table `goods_pricing`
--
ALTER TABLE `goods_pricing`
  ADD PRIMARY KEY (`id`);

--
-- Indexes for table `hrm_allowance_request`
--
ALTER TABLE `hrm_allowance_request`
  ADD PRIMARY KEY (`allowance_req_id`);

--
-- Indexes for table `hrm_allowance_setup`
--
ALTER TABLE `hrm_allowance_setup`
  ADD PRIMARY KEY (`id`);

--
-- Indexes for table `hrm_attachment_types`
--
ALTER TABLE `hrm_attachment_types`
  ADD PRIMARY KEY (`id`);

--
-- Indexes for table `hrm_attendance_history`
--
ALTER TABLE `hrm_attendance_history`
  ADD PRIMARY KEY (`atten_his_id`);

--
-- Indexes for table `hrm_attendance_setup`
--
ALTER TABLE `hrm_attendance_setup`
  ADD PRIMARY KEY (`attendance_setup_id`);

--
-- Indexes for table `hrm_basic_salary_setup`
--
ALTER TABLE `hrm_basic_salary_setup`
  ADD PRIMARY KEY (`id`);

--
-- Indexes for table `hrm_best_employees`
--
ALTER TABLE `hrm_best_employees`
  ADD PRIMARY KEY (`id`),
  ADD KEY `employee_id` (`employee_id`);

--
-- Indexes for table `hrm_branch`
--
ALTER TABLE `hrm_branch`
  ADD PRIMARY KEY (`id`);

--
-- Indexes for table `hrm_company_documemts`
--
ALTER TABLE `hrm_company_documemts`
  ADD PRIMARY KEY (`company_doc_id`);

--
-- Indexes for table `hrm_company_structure`
--
ALTER TABLE `hrm_company_structure`
  ADD PRIMARY KEY (`HeadId`),
  ADD UNIQUE KEY `HeadId` (`HeadId`),
  ADD UNIQUE KEY `HeadName` (`HeadName`);

--
-- Indexes for table `hrm_country_tbl`
--
ALTER TABLE `hrm_country_tbl`
  ADD PRIMARY KEY (`country_id`);

--
-- Indexes for table `hrm_cpl_leave`
--
ALTER TABLE `hrm_cpl_leave`
  ADD PRIMARY KEY (`id`);

--
-- Indexes for table `hrm_cpl_leave_history`
--
ALTER TABLE `hrm_cpl_leave_history`
  ADD PRIMARY KEY (`id`);

--
-- Indexes for table `hrm_departments`
--
ALTER TABLE `hrm_departments`
  ADD PRIMARY KEY (`id`);

--
-- Indexes for table `hrm_dept_members`
--
ALTER TABLE `hrm_dept_members`
  ADD PRIMARY KEY (`dept_mem_id`),
  ADD UNIQUE KEY `emp_id` (`emp_id`);

--
-- Indexes for table `hrm_designation`
--
ALTER TABLE `hrm_designation`
  ADD PRIMARY KEY (`id`);

--
-- Indexes for table `hrm_duty_roster`
--
ALTER TABLE `hrm_duty_roster`
  ADD PRIMARY KEY (`roster_id`),
  ADD KEY `rostentry_id` (`rostentry_id`),
  ADD KEY `shift_id` (`shift_id`);

--
-- Indexes for table `hrm_earned_leave`
--
ALTER TABLE `hrm_earned_leave`
  ADD PRIMARY KEY (`id`);

--
-- Indexes for table `hrm_employees`
--
ALTER TABLE `hrm_employees`
  ADD PRIMARY KEY (`id`),
  ADD UNIQUE KEY `employee_id_2` (`employee_id`),
  ADD KEY `department` (`department`),
  ADD KEY `employee_type` (`employee_type`),
  ADD KEY `employee_id` (`employee_id`);

--
-- Indexes for table `hrm_employee_attachments`
--
ALTER TABLE `hrm_employee_attachments`
  ADD PRIMARY KEY (`id`);

--
-- Indexes for table `hrm_employee_release`
--
ALTER TABLE `hrm_employee_release`
  ADD PRIMARY KEY (`emp_release_id`);

--
-- Indexes for table `hrm_employee_salary`
--
ALTER TABLE `hrm_employee_salary`
  ADD PRIMARY KEY (`emp_salary_id`),
  ADD KEY `emp_id` (`emp_id`),
  ADD KEY `loan_request_id` (`loan_request_id`);

--
-- Indexes for table `hrm_employee_salary_payment`
--
ALTER TABLE `hrm_employee_salary_payment`
  ADD PRIMARY KEY (`emp_sal_pay_id`);

--
-- Indexes for table `hrm_employee_salary_setup`
--
ALTER TABLE `hrm_employee_salary_setup`
  ADD PRIMARY KEY (`id`),
  ADD KEY `employee_id` (`employee_id`);

--
-- Indexes for table `hrm_employee_types`
--
ALTER TABLE `hrm_employee_types`
  ADD PRIMARY KEY (`id`);

--
-- Indexes for table `hrm_emproster_assign`
--
ALTER TABLE `hrm_emproster_assign`
  ADD PRIMARY KEY (`sftasnid`);

--
-- Indexes for table `hrm_empwork_shift`
--
ALTER TABLE `hrm_empwork_shift`
  ADD PRIMARY KEY (`shiftid`);

--
-- Indexes for table `hrm_holidays`
--
ALTER TABLE `hrm_holidays`
  ADD PRIMARY KEY (`holiday_id`);

--
-- Indexes for table `hrm_leave_application`
--
ALTER TABLE `hrm_leave_application`
  ADD PRIMARY KEY (`leave_appl_id`);

--
-- Indexes for table `hrm_leave_request`
--
ALTER TABLE `hrm_leave_request`
  ADD PRIMARY KEY (`leave_request_id`);

--
-- Indexes for table `hrm_leave_types`
--
ALTER TABLE `hrm_leave_types`
  ADD PRIMARY KEY (`leave_type_id`);

--
-- Indexes for table `hrm_loan_request`
--
ALTER TABLE `hrm_loan_request`
  ADD PRIMARY KEY (`loan_request_id`);

--
-- Indexes for table `hrm_loan_types`
--
ALTER TABLE `hrm_loan_types`
  ADD PRIMARY KEY (`loan_type_id`),
  ADD UNIQUE KEY `nameE` (`nameE`);

--
-- Indexes for table `hrm_over_times`
--
ALTER TABLE `hrm_over_times`
  ADD PRIMARY KEY (`over_time_id`);

--
-- Indexes for table `hrm_request_approval`
--
ALTER TABLE `hrm_request_approval`
  ADD PRIMARY KEY (`request_approval_id`),
  ADD KEY `emp_id` (`emp_id`),
  ADD KEY `requested_emp_id` (`requested_emp_id`),
  ADD KEY `request_id` (`request_id`);

--
-- Indexes for table `hrm_request_types`
--
ALTER TABLE `hrm_request_types`
  ADD PRIMARY KEY (`request_type_id`);

--
-- Indexes for table `hrm_salary_benefit`
--
ALTER TABLE `hrm_salary_benefit`
  ADD PRIMARY KEY (`id`);

--
-- Indexes for table `hrm_salary_penalties`
--
ALTER TABLE `hrm_salary_penalties`
  ADD PRIMARY KEY (`penalty_id`);

--
-- Indexes for table `hrm_salary_setup`
--
ALTER TABLE `hrm_salary_setup`
  ADD PRIMARY KEY (`salary_setup_id`),
  ADD UNIQUE KEY `emp_id_2` (`emp_id`),
  ADD KEY `emp_id` (`emp_id`);

--
-- Indexes for table `hrm_salary_sheet_generate`
--
ALTER TABLE `hrm_salary_sheet_generate`
  ADD PRIMARY KEY (`ssg_id`);

--
-- Indexes for table `hrm_schdule_purchse_info`
--
ALTER TABLE `hrm_schdule_purchse_info`
  ADD PRIMARY KEY (`id`);

--
-- Indexes for table `hrm_weekends`
--
ALTER TABLE `hrm_weekends`
  ADD PRIMARY KEY (`weekend_id`);

--
-- Indexes for table `id_card_tbl`
--
ALTER TABLE `id_card_tbl`
  ADD PRIMARY KEY (`id`);

--
-- Indexes for table `instant_commission_setting`
--
ALTER TABLE `instant_commission_setting`
  ADD PRIMARY KEY (`id`);

--
-- Indexes for table `job_title`
--
ALTER TABLE `job_title`
  ADD PRIMARY KEY (`id`);

--
-- Indexes for table `journal_vouchers`
--
ALTER TABLE `journal_vouchers`
  ADD PRIMARY KEY (`id`),
  ADD KEY `created_by` (`created_by`),
  ADD KEY `voucher_type` (`vtype`);

--
-- Indexes for table `journal_voucher_details`
--
ALTER TABLE `journal_voucher_details`
  ADD PRIMARY KEY (`id`),
  ADD KEY `voucher_id` (`voucher_id`);

--
-- Indexes for table `lists`
--
ALTER TABLE `lists`
  ADD PRIMARY KEY (`id`);

--
-- Indexes for table `list_data`
--
ALTER TABLE `list_data`
  ADD PRIMARY KEY (`id`),
  ADD KEY `list_id` (`list_id`);

--
-- Indexes for table `login_status`
--
ALTER TABLE `login_status`
  ADD PRIMARY KEY (`id`);

--
-- Indexes for table `mail_setting`
--
ALTER TABLE `mail_setting`
  ADD PRIMARY KEY (`id`);

--
-- Indexes for table `module`
--
ALTER TABLE `module`
  ADD PRIMARY KEY (`id`),
  ADD UNIQUE KEY `directory` (`directory`);

--
-- Indexes for table `monthly_generated_commission`
--
ALTER TABLE `monthly_generated_commission`
  ADD PRIMARY KEY (`id`);

--
-- Indexes for table `monthly_sale_commission`
--
ALTER TABLE `monthly_sale_commission`
  ADD PRIMARY KEY (`id`);

--
-- Indexes for table `ob_table`
--
ALTER TABLE `ob_table`
  ADD PRIMARY KEY (`id`);

--
-- Indexes for table `payment_vouchers`
--
ALTER TABLE `payment_vouchers`
  ADD PRIMARY KEY (`id`),
  ADD KEY `patient_id` (`patient_id`),
  ADD KEY `package_id` (`package_id`),
  ADD KEY `doctor_id` (`doctor_id`),
  ADD KEY `branch_id` (`branch_id`);

--
-- Indexes for table `payment_voucher_details`
--
ALTER TABLE `payment_voucher_details`
  ADD PRIMARY KEY (`id`),
  ADD KEY `voucher_id` (`voucher_id`),
  ADD KEY `service_id` (`service_id`);

--
-- Indexes for table `payment_voucher_method`
--
ALTER TABLE `payment_voucher_method`
  ADD PRIMARY KEY (`id`),
  ADD KEY `voucher_id` (`voucher_id`),
  ADD KEY `pay_method_id` (`pay_method_id`);

--
-- Indexes for table `payroll_tax_setup`
--
ALTER TABLE `payroll_tax_setup`
  ADD PRIMARY KEY (`id`);

--
-- Indexes for table `recaptcha`
--
ALTER TABLE `recaptcha`
  ADD PRIMARY KEY (`id`);

--
-- Indexes for table `referal_commission_setting`
--
ALTER TABLE `referal_commission_setting`
  ADD PRIMARY KEY (`id`);

--
-- Indexes for table `role_permission`
--
ALTER TABLE `role_permission`
  ADD PRIMARY KEY (`id`),
  ADD KEY `fk_module_id` (`fk_module_id`),
  ADD KEY `fk_user_id` (`role_id`);

--
-- Indexes for table `salary_benefit`
--
ALTER TABLE `salary_benefit`
  ADD PRIMARY KEY (`id`);

--
-- Indexes for table `salary_sheet_generate`
--
ALTER TABLE `salary_sheet_generate`
  ADD PRIMARY KEY (`ssg_id`);

--
-- Indexes for table `sales_return_details`
--
ALTER TABLE `sales_return_details`
  ADD PRIMARY KEY (`id`),
  ADD KEY `return_id` (`return_id`);

--
-- Indexes for table `sales_return_main`
--
ALTER TABLE `sales_return_main`
  ADD PRIMARY KEY (`return_id`),
  ADD UNIQUE KEY `id` (`id`);

--
-- Indexes for table `scaler`
--
ALTER TABLE `scaler`
  ADD PRIMARY KEY (`id`);

--
-- Indexes for table `sec_role`
--
ALTER TABLE `sec_role`
  ADD PRIMARY KEY (`id`);

--
-- Indexes for table `sec_userrole`
--
ALTER TABLE `sec_userrole`
  ADD UNIQUE KEY `ID` (`id`),
  ADD KEY `roleid` (`roleid`),
  ADD KEY `user_id` (`user_id`);

--
-- Indexes for table `setting`
--
ALTER TABLE `setting`
  ADD PRIMARY KEY (`id`);

--
-- Indexes for table `setting_vouchers`
--
ALTER TABLE `setting_vouchers`
  ADD PRIMARY KEY (`id`);

--
-- Indexes for table `store_transfer_details`
--
ALTER TABLE `store_transfer_details`
  ADD PRIMARY KEY (`id`),
  ADD KEY `transfer_id` (`transfer_id`);

--
-- Indexes for table `store_transfer_main`
--
ALTER TABLE `store_transfer_main`
  ADD PRIMARY KEY (`id`);

--
-- Indexes for table `sub_module`
--
ALTER TABLE `sub_module`
  ADD PRIMARY KEY (`id`),
  ADD UNIQUE KEY `directory` (`directory`),
  ADD KEY `mid` (`mid`);

--
-- Indexes for table `tour_plan`
--
ALTER TABLE `tour_plan`
  ADD PRIMARY KEY (`id`);

--
-- Indexes for table `user`
--
ALTER TABLE `user`
  ADD PRIMARY KEY (`id`),
  ADD UNIQUE KEY `emp_id` (`emp_id`),
  ADD KEY `user_role` (`user_role`);

--
-- Indexes for table `user_details`
--
ALTER TABLE `user_details`
  ADD PRIMARY KEY (`id`),
  ADD UNIQUE KEY `user_id` (`user_id`);

--
-- Indexes for table `vouchers`
--
ALTER TABLE `vouchers`
  ADD PRIMARY KEY (`id`),
  ADD KEY `patient_id` (`patient_id`),
  ADD KEY `package_id` (`package_id`),
  ADD KEY `doctor_id` (`doctor_id`),
  ADD KEY `created_by` (`created_by`);

--
-- Indexes for table `voucher_details`
--
ALTER TABLE `voucher_details`
  ADD PRIMARY KEY (`id`),
  ADD KEY `voucher_id` (`voucher_id`),
  ADD KEY `service_id` (`service_id`);

--
-- Indexes for table `voucher_payment_method`
--
ALTER TABLE `voucher_payment_method`
  ADD PRIMARY KEY (`id`),
  ADD KEY `voucher_id` (`voucher_id`),
  ADD KEY `pay_method_id` (`pay_method_id`);

--
-- Indexes for table `voucher_type_list`
--
ALTER TABLE `voucher_type_list`
  ADD PRIMARY KEY (`id`);

--
-- Indexes for table `wh_area`
--
ALTER TABLE `wh_area`
  ADD PRIMARY KEY (`id`);

--
-- Indexes for table `wh_assets`
--
ALTER TABLE `wh_assets`
  ADD PRIMARY KEY (`id`);

--
-- Indexes for table `wh_assets_categories`
--
ALTER TABLE `wh_assets_categories`
  ADD PRIMARY KEY (`id`);

--
-- Indexes for table `wh_bag`
--
ALTER TABLE `wh_bag`
  ADD PRIMARY KEY (`id`),
  ADD KEY `store_id` (`store_id`);

--
-- Indexes for table `wh_bag_categories`
--
ALTER TABLE `wh_bag_categories`
  ADD PRIMARY KEY (`id`);

--
-- Indexes for table `wh_bag_purchase`
--
ALTER TABLE `wh_bag_purchase`
  ADD PRIMARY KEY (`id`),
  ADD KEY `requisition_id` (`requisition_id`),
  ADD KEY `terms_conditions_id` (`terms_conditions_id`);

--
-- Indexes for table `wh_bag_purchase_details`
--
ALTER TABLE `wh_bag_purchase_details`
  ADD PRIMARY KEY (`id`),
  ADD KEY `store_id` (`store_id`);

--
-- Indexes for table `wh_bag_quatation`
--
ALTER TABLE `wh_bag_quatation`
  ADD PRIMARY KEY (`id`);

--
-- Indexes for table `wh_bag_quatation_details`
--
ALTER TABLE `wh_bag_quatation_details`
  ADD PRIMARY KEY (`id`),
  ADD KEY `store_id` (`requisition_id`);

--
-- Indexes for table `wh_bag_receive`
--
ALTER TABLE `wh_bag_receive`
  ADD PRIMARY KEY (`id`);

--
-- Indexes for table `wh_bag_receive_details`
--
ALTER TABLE `wh_bag_receive_details`
  ADD PRIMARY KEY (`id`);

--
-- Indexes for table `wh_bag_requests`
--
ALTER TABLE `wh_bag_requests`
  ADD PRIMARY KEY (`id`);

--
-- Indexes for table `wh_bag_request_details`
--
ALTER TABLE `wh_bag_request_details`
  ADD PRIMARY KEY (`id`);

--
-- Indexes for table `wh_bag_requisition`
--
ALTER TABLE `wh_bag_requisition`
  ADD PRIMARY KEY (`id`);

--
-- Indexes for table `wh_bag_requisition_details`
--
ALTER TABLE `wh_bag_requisition_details`
  ADD PRIMARY KEY (`id`),
  ADD KEY `store_id` (`store_id`);

--
-- Indexes for table `wh_bag_stock`
--
ALTER TABLE `wh_bag_stock`
  ADD PRIMARY KEY (`id`);

--
-- Indexes for table `wh_bag_stock_entry`
--
ALTER TABLE `wh_bag_stock_entry`
  ADD PRIMARY KEY (`id`);

--
-- Indexes for table `wh_bag_store`
--
ALTER TABLE `wh_bag_store`
  ADD PRIMARY KEY (`id`);

--
-- Indexes for table `wh_bag_supplier_information`
--
ALTER TABLE `wh_bag_supplier_information`
  ADD PRIMARY KEY (`id`),
  ADD KEY `branch_id` (`branch_id`);

--
-- Indexes for table `wh_categories`
--
ALTER TABLE `wh_categories`
  ADD PRIMARY KEY (`id`);

--
-- Indexes for table `wh_dealer_info`
--
ALTER TABLE `wh_dealer_info`
  ADD PRIMARY KEY (`id`);

--
-- Indexes for table `wh_items`
--
ALTER TABLE `wh_items`
  ADD PRIMARY KEY (`id`);

--
-- Indexes for table `wh_items_supplier`
--
ALTER TABLE `wh_items_supplier`
  ADD PRIMARY KEY (`id`);

--
-- Indexes for table `wh_item_requests`
--
ALTER TABLE `wh_item_requests`
  ADD PRIMARY KEY (`id`);

--
-- Indexes for table `wh_item_request_details`
--
ALTER TABLE `wh_item_request_details`
  ADD PRIMARY KEY (`id`);

--
-- Indexes for table `wh_item_return`
--
ALTER TABLE `wh_item_return`
  ADD PRIMARY KEY (`id`);

--
-- Indexes for table `wh_item_return_details`
--
ALTER TABLE `wh_item_return_details`
  ADD PRIMARY KEY (`id`);

--
-- Indexes for table `wh_item_transfer`
--
ALTER TABLE `wh_item_transfer`
  ADD PRIMARY KEY (`id`);

--
-- Indexes for table `wh_item_transfer_details`
--
ALTER TABLE `wh_item_transfer_details`
  ADD PRIMARY KEY (`id`);

--
-- Indexes for table `wh_lc_loan_history`
--
ALTER TABLE `wh_lc_loan_history`
  ADD PRIMARY KEY (`id`);

--
-- Indexes for table `wh_lc_reference`
--
ALTER TABLE `wh_lc_reference`
  ADD PRIMARY KEY (`id`),
  ADD KEY `lc_id` (`lc_id`);

--
-- Indexes for table `wh_lc_shipment`
--
ALTER TABLE `wh_lc_shipment`
  ADD PRIMARY KEY (`id`),
  ADD KEY `lc_id` (`lc_id`);

--
-- Indexes for table `wh_machine_requests`
--
ALTER TABLE `wh_machine_requests`
  ADD PRIMARY KEY (`id`);

--
-- Indexes for table `wh_machine_request_details`
--
ALTER TABLE `wh_machine_request_details`
  ADD PRIMARY KEY (`id`);

--
-- Indexes for table `wh_machine_return`
--
ALTER TABLE `wh_machine_return`
  ADD PRIMARY KEY (`id`);

--
-- Indexes for table `wh_machine_return_details`
--
ALTER TABLE `wh_machine_return_details`
  ADD PRIMARY KEY (`id`);

--
-- Indexes for table `wh_machine_stock`
--
ALTER TABLE `wh_machine_stock`
  ADD PRIMARY KEY (`id`);

--
-- Indexes for table `wh_machine_store`
--
ALTER TABLE `wh_machine_store`
  ADD PRIMARY KEY (`id`);

--
-- Indexes for table `wh_material`
--
ALTER TABLE `wh_material`
  ADD PRIMARY KEY (`id`),
  ADD KEY `store_id` (`store_id`);

--
-- Indexes for table `wh_material_categories`
--
ALTER TABLE `wh_material_categories`
  ADD PRIMARY KEY (`id`);

--
-- Indexes for table `wh_material_purchase`
--
ALTER TABLE `wh_material_purchase`
  ADD PRIMARY KEY (`id`),
  ADD KEY `requisition_id` (`requisition_id`);

--
-- Indexes for table `wh_material_purchase_details`
--
ALTER TABLE `wh_material_purchase_details`
  ADD PRIMARY KEY (`id`),
  ADD KEY `store_id` (`store_id`);

--
-- Indexes for table `wh_material_quatation_details`
--
ALTER TABLE `wh_material_quatation_details`
  ADD PRIMARY KEY (`id`),
  ADD KEY `store_id` (`requisition_id`);

--
-- Indexes for table `wh_material_receive`
--
ALTER TABLE `wh_material_receive`
  ADD PRIMARY KEY (`id`);

--
-- Indexes for table `wh_material_receive_details`
--
ALTER TABLE `wh_material_receive_details`
  ADD PRIMARY KEY (`id`);

--
-- Indexes for table `wh_material_receive_payment`
--
ALTER TABLE `wh_material_receive_payment`
  ADD PRIMARY KEY (`id`);

--
-- Indexes for table `wh_material_requisition`
--
ALTER TABLE `wh_material_requisition`
  ADD PRIMARY KEY (`id`);

--
-- Indexes for table `wh_material_requisition_details`
--
ALTER TABLE `wh_material_requisition_details`
  ADD PRIMARY KEY (`id`),
  ADD KEY `store_id` (`store_id`);

--
-- Indexes for table `wh_material_return`
--
ALTER TABLE `wh_material_return`
  ADD PRIMARY KEY (`id`);

--
-- Indexes for table `wh_material_return_details`
--
ALTER TABLE `wh_material_return_details`
  ADD PRIMARY KEY (`id`);

--
-- Indexes for table `wh_material_stock`
--
ALTER TABLE `wh_material_stock`
  ADD PRIMARY KEY (`id`);

--
-- Indexes for table `wh_material_stock_entry`
--
ALTER TABLE `wh_material_stock_entry`
  ADD PRIMARY KEY (`id`);

--
-- Indexes for table `wh_material_store`
--
ALTER TABLE `wh_material_store`
  ADD PRIMARY KEY (`id`);

--
-- Indexes for table `wh_material_supplier`
--
ALTER TABLE `wh_material_supplier`
  ADD PRIMARY KEY (`id`);

--
-- Indexes for table `wh_material_terms_conditions`
--
ALTER TABLE `wh_material_terms_conditions`
  ADD PRIMARY KEY (`id`);

--
-- Indexes for table `wh_order`
--
ALTER TABLE `wh_order`
  ADD PRIMARY KEY (`id`);

--
-- Indexes for table `wh_order_details`
--
ALTER TABLE `wh_order_details`
  ADD PRIMARY KEY (`id`);

--
-- Indexes for table `wh_production`
--
ALTER TABLE `wh_production`
  ADD PRIMARY KEY (`id`);

--
-- Indexes for table `wh_production_details`
--
ALTER TABLE `wh_production_details`
  ADD PRIMARY KEY (`id`);

--
-- Indexes for table `wh_production_stock`
--
ALTER TABLE `wh_production_stock`
  ADD PRIMARY KEY (`id`);

--
-- Indexes for table `wh_production_store`
--
ALTER TABLE `wh_production_store`
  ADD PRIMARY KEY (`id`);

--
-- Indexes for table `wh_quatation`
--
ALTER TABLE `wh_quatation`
  ADD PRIMARY KEY (`id`);

--
-- Indexes for table `wh_receive`
--
ALTER TABLE `wh_receive`
  ADD PRIMARY KEY (`id`);

--
-- Indexes for table `wh_receive_details`
--
ALTER TABLE `wh_receive_details`
  ADD PRIMARY KEY (`id`);

--
-- Indexes for table `wh_recipe`
--
ALTER TABLE `wh_recipe`
  ADD PRIMARY KEY (`id`);

--
-- Indexes for table `wh_recipe_details`
--
ALTER TABLE `wh_recipe_details`
  ADD PRIMARY KEY (`id`);

--
-- Indexes for table `wh_return`
--
ALTER TABLE `wh_return`
  ADD PRIMARY KEY (`id`);

--
-- Indexes for table `wh_return_details`
--
ALTER TABLE `wh_return_details`
  ADD PRIMARY KEY (`id`);

--
-- Indexes for table `wh_sale_stock`
--
ALTER TABLE `wh_sale_stock`
  ADD PRIMARY KEY (`id`);

--
-- Indexes for table `wh_sale_store`
--
ALTER TABLE `wh_sale_store`
  ADD PRIMARY KEY (`id`);

--
-- Indexes for table `wh_stock_adjustment`
--
ALTER TABLE `wh_stock_adjustment`
  ADD PRIMARY KEY (`id`);

--
-- Indexes for table `wh_stock_adjustment_details`
--
ALTER TABLE `wh_stock_adjustment_details`
  ADD PRIMARY KEY (`id`);

--
-- Indexes for table `wh_stock_transfer`
--
ALTER TABLE `wh_stock_transfer`
  ADD PRIMARY KEY (`id`);

--
-- Indexes for table `wh_stock_transfer_details`
--
ALTER TABLE `wh_stock_transfer_details`
  ADD PRIMARY KEY (`id`);

--
-- Indexes for table `wh_supplier_credit`
--
ALTER TABLE `wh_supplier_credit`
  ADD PRIMARY KEY (`id`);

--
-- Indexes for table `wh_supplier_credit_payment`
--
ALTER TABLE `wh_supplier_credit_payment`
  ADD PRIMARY KEY (`id`);

--
-- Indexes for table `wh_supplier_information`
--
ALTER TABLE `wh_supplier_information`
  ADD PRIMARY KEY (`id`),
  ADD KEY `branch_id` (`branch_id`);

--
-- Indexes for table `wh_supplier_payment`
--
ALTER TABLE `wh_supplier_payment`
  ADD PRIMARY KEY (`id`);

--
-- Indexes for table `wh_template`
--
ALTER TABLE `wh_template`
  ADD PRIMARY KEY (`id`);

--
-- Indexes for table `zone_tbl`
--
ALTER TABLE `zone_tbl`
  ADD PRIMARY KEY (`id`);

--
-- AUTO_INCREMENT for dumped tables
--

--
-- AUTO_INCREMENT for table `acc_coa`
--
ALTER TABLE `acc_coa`
  MODIFY `id` int NOT NULL AUTO_INCREMENT, AUTO_INCREMENT=697;

--
-- AUTO_INCREMENT for table `acc_coa_balance`
--
ALTER TABLE `acc_coa_balance`
  MODIFY `id` bigint NOT NULL AUTO_INCREMENT;

--
-- AUTO_INCREMENT for table `acc_subcode`
--
ALTER TABLE `acc_subcode`
  MODIFY `id` int NOT NULL AUTO_INCREMENT, AUTO_INCREMENT=3;

--
-- AUTO_INCREMENT for table `acc_subtype`
--
ALTER TABLE `acc_subtype`
  MODIFY `id` int NOT NULL AUTO_INCREMENT, AUTO_INCREMENT=5;

--
-- AUTO_INCREMENT for table `acc_transaction`
--
ALTER TABLE `acc_transaction`
  MODIFY `ID` int NOT NULL AUTO_INCREMENT;

--
-- AUTO_INCREMENT for table `acc_trans_operation`
--
ALTER TABLE `acc_trans_operation`
  MODIFY `ID` int NOT NULL AUTO_INCREMENT;

--
-- AUTO_INCREMENT for table `acc_vouchers`
--
ALTER TABLE `acc_vouchers`
  MODIFY `id` int NOT NULL AUTO_INCREMENT;

--
-- AUTO_INCREMENT for table `acc_voucher_type`
--
ALTER TABLE `acc_voucher_type`
  MODIFY `id` int NOT NULL AUTO_INCREMENT, AUTO_INCREMENT=5;

--
-- AUTO_INCREMENT for table `activity_logs`
--
ALTER TABLE `activity_logs`
  MODIFY `id` bigint NOT NULL AUTO_INCREMENT, AUTO_INCREMENT=3;

--
-- AUTO_INCREMENT for table `ah_bank`
--
ALTER TABLE `ah_bank`
  MODIFY `bank_id` int NOT NULL AUTO_INCREMENT;

--
-- AUTO_INCREMENT for table `ah_lc`
--
ALTER TABLE `ah_lc`
  MODIFY `row_id` int NOT NULL AUTO_INCREMENT;

--
-- AUTO_INCREMENT for table `ah_lc_attachment`
--
ALTER TABLE `ah_lc_attachment`
  MODIFY `id` int NOT NULL AUTO_INCREMENT;

--
-- AUTO_INCREMENT for table `backup`
--
ALTER TABLE `backup`
  MODIFY `id` int NOT NULL AUTO_INCREMENT;

--
-- AUTO_INCREMENT for table `branch`
--
ALTER TABLE `branch`
  MODIFY `id` int NOT NULL AUTO_INCREMENT, AUTO_INCREMENT=20;

--
-- AUTO_INCREMENT for table `dealer`
--
ALTER TABLE `dealer`
  MODIFY `id` int NOT NULL AUTO_INCREMENT;

--
-- AUTO_INCREMENT for table `dealer_due_info`
--
ALTER TABLE `dealer_due_info`
  MODIFY `id` int NOT NULL AUTO_INCREMENT;

--
-- AUTO_INCREMENT for table `dealer_info`
--
ALTER TABLE `dealer_info`
  MODIFY `id` int NOT NULL AUTO_INCREMENT;

--
-- AUTO_INCREMENT for table `department`
--
ALTER TABLE `department`
  MODIFY `id` int NOT NULL AUTO_INCREMENT, AUTO_INCREMENT=83;

--
-- AUTO_INCREMENT for table `designation`
--
ALTER TABLE `designation`
  MODIFY `id` int NOT NULL AUTO_INCREMENT, AUTO_INCREMENT=4;

--
-- AUTO_INCREMENT for table `do_delivery`
--
ALTER TABLE `do_delivery`
  MODIFY `id` int UNSIGNED NOT NULL AUTO_INCREMENT;

--
-- AUTO_INCREMENT for table `do_delivery_details`
--
ALTER TABLE `do_delivery_details`
  MODIFY `id` bigint UNSIGNED NOT NULL AUTO_INCREMENT;

--
-- AUTO_INCREMENT for table `do_details`
--
ALTER TABLE `do_details`
  MODIFY `id` bigint UNSIGNED NOT NULL AUTO_INCREMENT;

--
-- AUTO_INCREMENT for table `do_details_draft`
--
ALTER TABLE `do_details_draft`
  MODIFY `id` bigint UNSIGNED NOT NULL AUTO_INCREMENT;

--
-- AUTO_INCREMENT for table `do_main`
--
ALTER TABLE `do_main`
  MODIFY `id` int UNSIGNED NOT NULL AUTO_INCREMENT;

--
-- AUTO_INCREMENT for table `do_main_draft`
--
ALTER TABLE `do_main_draft`
  MODIFY `id` int UNSIGNED NOT NULL AUTO_INCREMENT;

--
-- AUTO_INCREMENT for table `employees`
--
ALTER TABLE `employees`
  MODIFY `emp_id` int NOT NULL AUTO_INCREMENT, AUTO_INCREMENT=44;

--
-- AUTO_INCREMENT for table `employee_details`
--
ALTER TABLE `employee_details`
  MODIFY `id` int NOT NULL AUTO_INCREMENT, AUTO_INCREMENT=15;

--
-- AUTO_INCREMENT for table `employee_information`
--
ALTER TABLE `employee_information`
  MODIFY `id` int NOT NULL AUTO_INCREMENT, AUTO_INCREMENT=7;

--
-- AUTO_INCREMENT for table `employee_salary_payment`
--
ALTER TABLE `employee_salary_payment`
  MODIFY `emp_sal_pay_id` int NOT NULL AUTO_INCREMENT, AUTO_INCREMENT=2;

--
-- AUTO_INCREMENT for table `employee_salary_setup`
--
ALTER TABLE `employee_salary_setup`
  MODIFY `id` int UNSIGNED NOT NULL AUTO_INCREMENT, AUTO_INCREMENT=3;

--
-- AUTO_INCREMENT for table `financial_type`
--
ALTER TABLE `financial_type`
  MODIFY `id` int NOT NULL AUTO_INCREMENT, AUTO_INCREMENT=5;

--
-- AUTO_INCREMENT for table `financial_year`
--
ALTER TABLE `financial_year`
  MODIFY `id` int NOT NULL AUTO_INCREMENT, AUTO_INCREMENT=5;

--
-- AUTO_INCREMENT for table `goods_pricing`
--
ALTER TABLE `goods_pricing`
  MODIFY `id` int NOT NULL AUTO_INCREMENT;

--
-- AUTO_INCREMENT for table `hrm_allowance_request`
--
ALTER TABLE `hrm_allowance_request`
  MODIFY `allowance_req_id` int NOT NULL AUTO_INCREMENT;

--
-- AUTO_INCREMENT for table `hrm_allowance_setup`
--
ALTER TABLE `hrm_allowance_setup`
  MODIFY `id` int NOT NULL AUTO_INCREMENT, AUTO_INCREMENT=14;

--
-- AUTO_INCREMENT for table `hrm_attachment_types`
--
ALTER TABLE `hrm_attachment_types`
  MODIFY `id` int NOT NULL AUTO_INCREMENT, AUTO_INCREMENT=4;

--
-- AUTO_INCREMENT for table `hrm_attendance_history`
--
ALTER TABLE `hrm_attendance_history`
  MODIFY `atten_his_id` int NOT NULL AUTO_INCREMENT, AUTO_INCREMENT=19;

--
-- AUTO_INCREMENT for table `hrm_attendance_setup`
--
ALTER TABLE `hrm_attendance_setup`
  MODIFY `attendance_setup_id` int NOT NULL AUTO_INCREMENT, AUTO_INCREMENT=3;

--
-- AUTO_INCREMENT for table `hrm_basic_salary_setup`
--
ALTER TABLE `hrm_basic_salary_setup`
  MODIFY `id` int NOT NULL AUTO_INCREMENT, AUTO_INCREMENT=18;

--
-- AUTO_INCREMENT for table `hrm_best_employees`
--
ALTER TABLE `hrm_best_employees`
  MODIFY `id` int NOT NULL AUTO_INCREMENT, AUTO_INCREMENT=4;

--
-- AUTO_INCREMENT for table `hrm_branch`
--
ALTER TABLE `hrm_branch`
  MODIFY `id` int NOT NULL AUTO_INCREMENT, AUTO_INCREMENT=11;

--
-- AUTO_INCREMENT for table `hrm_company_documemts`
--
ALTER TABLE `hrm_company_documemts`
  MODIFY `company_doc_id` int NOT NULL AUTO_INCREMENT;

--
-- AUTO_INCREMENT for table `hrm_company_structure`
--
ALTER TABLE `hrm_company_structure`
  MODIFY `HeadId` int NOT NULL AUTO_INCREMENT, AUTO_INCREMENT=21;

--
-- AUTO_INCREMENT for table `hrm_country_tbl`
--
ALTER TABLE `hrm_country_tbl`
  MODIFY `country_id` int NOT NULL AUTO_INCREMENT, AUTO_INCREMENT=247;

--
-- AUTO_INCREMENT for table `hrm_cpl_leave`
--
ALTER TABLE `hrm_cpl_leave`
  MODIFY `id` int NOT NULL AUTO_INCREMENT, AUTO_INCREMENT=2;

--
-- AUTO_INCREMENT for table `hrm_cpl_leave_history`
--
ALTER TABLE `hrm_cpl_leave_history`
  MODIFY `id` int NOT NULL AUTO_INCREMENT, AUTO_INCREMENT=2;

--
-- AUTO_INCREMENT for table `hrm_departments`
--
ALTER TABLE `hrm_departments`
  MODIFY `id` int NOT NULL AUTO_INCREMENT, AUTO_INCREMENT=34;

--
-- AUTO_INCREMENT for table `hrm_dept_members`
--
ALTER TABLE `hrm_dept_members`
  MODIFY `dept_mem_id` int NOT NULL AUTO_INCREMENT, AUTO_INCREMENT=14;

--
-- AUTO_INCREMENT for table `hrm_designation`
--
ALTER TABLE `hrm_designation`
  MODIFY `id` int NOT NULL AUTO_INCREMENT, AUTO_INCREMENT=14;

--
-- AUTO_INCREMENT for table `hrm_duty_roster`
--
ALTER TABLE `hrm_duty_roster`
  MODIFY `roster_id` int NOT NULL AUTO_INCREMENT;

--
-- AUTO_INCREMENT for table `hrm_earned_leave`
--
ALTER TABLE `hrm_earned_leave`
  MODIFY `id` int NOT NULL AUTO_INCREMENT, AUTO_INCREMENT=2;

--
-- AUTO_INCREMENT for table `hrm_employees`
--
ALTER TABLE `hrm_employees`
  MODIFY `id` int NOT NULL AUTO_INCREMENT, AUTO_INCREMENT=22;

--
-- AUTO_INCREMENT for table `hrm_employee_attachments`
--
ALTER TABLE `hrm_employee_attachments`
  MODIFY `id` int NOT NULL AUTO_INCREMENT, AUTO_INCREMENT=3;

--
-- AUTO_INCREMENT for table `hrm_employee_release`
--
ALTER TABLE `hrm_employee_release`
  MODIFY `emp_release_id` int NOT NULL AUTO_INCREMENT;

--
-- AUTO_INCREMENT for table `hrm_employee_salary`
--
ALTER TABLE `hrm_employee_salary`
  MODIFY `emp_salary_id` int NOT NULL AUTO_INCREMENT, AUTO_INCREMENT=2;

--
-- AUTO_INCREMENT for table `hrm_employee_salary_payment`
--
ALTER TABLE `hrm_employee_salary_payment`
  MODIFY `emp_sal_pay_id` int NOT NULL AUTO_INCREMENT;

--
-- AUTO_INCREMENT for table `hrm_employee_salary_setup`
--
ALTER TABLE `hrm_employee_salary_setup`
  MODIFY `id` int UNSIGNED NOT NULL AUTO_INCREMENT, AUTO_INCREMENT=6;

--
-- AUTO_INCREMENT for table `hrm_employee_types`
--
ALTER TABLE `hrm_employee_types`
  MODIFY `id` int NOT NULL AUTO_INCREMENT, AUTO_INCREMENT=26;

--
-- AUTO_INCREMENT for table `hrm_emproster_assign`
--
ALTER TABLE `hrm_emproster_assign`
  MODIFY `sftasnid` int NOT NULL AUTO_INCREMENT;

--
-- AUTO_INCREMENT for table `hrm_empwork_shift`
--
ALTER TABLE `hrm_empwork_shift`
  MODIFY `shiftid` int NOT NULL AUTO_INCREMENT, AUTO_INCREMENT=8;

--
-- AUTO_INCREMENT for table `hrm_holidays`
--
ALTER TABLE `hrm_holidays`
  MODIFY `holiday_id` int NOT NULL AUTO_INCREMENT, AUTO_INCREMENT=40;

--
-- AUTO_INCREMENT for table `hrm_leave_application`
--
ALTER TABLE `hrm_leave_application`
  MODIFY `leave_appl_id` int NOT NULL AUTO_INCREMENT, AUTO_INCREMENT=2;

--
-- AUTO_INCREMENT for table `hrm_leave_request`
--
ALTER TABLE `hrm_leave_request`
  MODIFY `leave_request_id` int NOT NULL AUTO_INCREMENT;

--
-- AUTO_INCREMENT for table `hrm_leave_types`
--
ALTER TABLE `hrm_leave_types`
  MODIFY `leave_type_id` int NOT NULL AUTO_INCREMENT, AUTO_INCREMENT=12;

--
-- AUTO_INCREMENT for table `hrm_loan_request`
--
ALTER TABLE `hrm_loan_request`
  MODIFY `loan_request_id` int NOT NULL AUTO_INCREMENT, AUTO_INCREMENT=3;

--
-- AUTO_INCREMENT for table `hrm_loan_types`
--
ALTER TABLE `hrm_loan_types`
  MODIFY `loan_type_id` int NOT NULL AUTO_INCREMENT, AUTO_INCREMENT=10;

--
-- AUTO_INCREMENT for table `hrm_over_times`
--
ALTER TABLE `hrm_over_times`
  MODIFY `over_time_id` int NOT NULL AUTO_INCREMENT, AUTO_INCREMENT=2;

--
-- AUTO_INCREMENT for table `hrm_request_approval`
--
ALTER TABLE `hrm_request_approval`
  MODIFY `request_approval_id` int NOT NULL AUTO_INCREMENT, AUTO_INCREMENT=3;

--
-- AUTO_INCREMENT for table `hrm_request_types`
--
ALTER TABLE `hrm_request_types`
  MODIFY `request_type_id` int NOT NULL AUTO_INCREMENT, AUTO_INCREMENT=14;

--
-- AUTO_INCREMENT for table `hrm_salary_benefit`
--
ALTER TABLE `hrm_salary_benefit`
  MODIFY `id` int NOT NULL AUTO_INCREMENT, AUTO_INCREMENT=10;

--
-- AUTO_INCREMENT for table `hrm_salary_penalties`
--
ALTER TABLE `hrm_salary_penalties`
  MODIFY `penalty_id` int NOT NULL AUTO_INCREMENT, AUTO_INCREMENT=4;

--
-- AUTO_INCREMENT for table `hrm_salary_setup`
--
ALTER TABLE `hrm_salary_setup`
  MODIFY `salary_setup_id` int NOT NULL AUTO_INCREMENT, AUTO_INCREMENT=3;

--
-- AUTO_INCREMENT for table `hrm_salary_sheet_generate`
--
ALTER TABLE `hrm_salary_sheet_generate`
  MODIFY `ssg_id` int NOT NULL AUTO_INCREMENT;

--
-- AUTO_INCREMENT for table `hrm_schdule_purchse_info`
--
ALTER TABLE `hrm_schdule_purchse_info`
  MODIFY `id` int NOT NULL AUTO_INCREMENT, AUTO_INCREMENT=2;

--
-- AUTO_INCREMENT for table `hrm_weekends`
--
ALTER TABLE `hrm_weekends`
  MODIFY `weekend_id` int NOT NULL AUTO_INCREMENT, AUTO_INCREMENT=2;

--
-- AUTO_INCREMENT for table `id_card_tbl`
--
ALTER TABLE `id_card_tbl`
  MODIFY `id` int NOT NULL AUTO_INCREMENT, AUTO_INCREMENT=2;

--
-- AUTO_INCREMENT for table `instant_commission_setting`
--
ALTER TABLE `instant_commission_setting`
  MODIFY `id` int NOT NULL AUTO_INCREMENT, AUTO_INCREMENT=4;

--
-- AUTO_INCREMENT for table `job_title`
--
ALTER TABLE `job_title`
  MODIFY `id` int NOT NULL AUTO_INCREMENT, AUTO_INCREMENT=18;

--
-- AUTO_INCREMENT for table `journal_vouchers`
--
ALTER TABLE `journal_vouchers`
  MODIFY `id` int NOT NULL AUTO_INCREMENT;

--
-- AUTO_INCREMENT for table `journal_voucher_details`
--
ALTER TABLE `journal_voucher_details`
  MODIFY `id` bigint NOT NULL AUTO_INCREMENT;

--
-- AUTO_INCREMENT for table `lists`
--
ALTER TABLE `lists`
  MODIFY `id` int NOT NULL AUTO_INCREMENT, AUTO_INCREMENT=30;

--
-- AUTO_INCREMENT for table `list_data`
--
ALTER TABLE `list_data`
  MODIFY `id` int NOT NULL AUTO_INCREMENT, AUTO_INCREMENT=385;

--
-- AUTO_INCREMENT for table `login_status`
--
ALTER TABLE `login_status`
  MODIFY `id` int NOT NULL AUTO_INCREMENT, AUTO_INCREMENT=3;

--
-- AUTO_INCREMENT for table `mail_setting`
--
ALTER TABLE `mail_setting`
  MODIFY `id` int NOT NULL AUTO_INCREMENT, AUTO_INCREMENT=6;

--
-- AUTO_INCREMENT for table `module`
--
ALTER TABLE `module`
  MODIFY `id` int NOT NULL AUTO_INCREMENT, AUTO_INCREMENT=26;

--
-- AUTO_INCREMENT for table `monthly_generated_commission`
--
ALTER TABLE `monthly_generated_commission`
  MODIFY `id` int NOT NULL AUTO_INCREMENT, AUTO_INCREMENT=3;

--
-- AUTO_INCREMENT for table `monthly_sale_commission`
--
ALTER TABLE `monthly_sale_commission`
  MODIFY `id` int NOT NULL AUTO_INCREMENT;

--
-- AUTO_INCREMENT for table `ob_table`
--
ALTER TABLE `ob_table`
  MODIFY `id` int NOT NULL AUTO_INCREMENT;

--
-- AUTO_INCREMENT for table `payment_vouchers`
--
ALTER TABLE `payment_vouchers`
  MODIFY `id` int NOT NULL AUTO_INCREMENT;

--
-- AUTO_INCREMENT for table `payment_voucher_details`
--
ALTER TABLE `payment_voucher_details`
  MODIFY `id` int NOT NULL AUTO_INCREMENT;

--
-- AUTO_INCREMENT for table `payment_voucher_method`
--
ALTER TABLE `payment_voucher_method`
  MODIFY `id` bigint NOT NULL AUTO_INCREMENT;

--
-- AUTO_INCREMENT for table `payroll_tax_setup`
--
ALTER TABLE `payroll_tax_setup`
  MODIFY `id` int UNSIGNED NOT NULL AUTO_INCREMENT;

--
-- AUTO_INCREMENT for table `referal_commission_setting`
--
ALTER TABLE `referal_commission_setting`
  MODIFY `id` int NOT NULL AUTO_INCREMENT, AUTO_INCREMENT=2;

--
-- AUTO_INCREMENT for table `role_permission`
--
ALTER TABLE `role_permission`
  MODIFY `id` int NOT NULL AUTO_INCREMENT, AUTO_INCREMENT=11556;

--
-- AUTO_INCREMENT for table `salary_benefit`
--
ALTER TABLE `salary_benefit`
  MODIFY `id` int NOT NULL AUTO_INCREMENT, AUTO_INCREMENT=5;

--
-- AUTO_INCREMENT for table `salary_sheet_generate`
--
ALTER TABLE `salary_sheet_generate`
  MODIFY `ssg_id` int UNSIGNED NOT NULL AUTO_INCREMENT, AUTO_INCREMENT=2;

--
-- AUTO_INCREMENT for table `sales_return_details`
--
ALTER TABLE `sales_return_details`
  MODIFY `id` int NOT NULL AUTO_INCREMENT;

--
-- AUTO_INCREMENT for table `sales_return_main`
--
ALTER TABLE `sales_return_main`
  MODIFY `id` int NOT NULL AUTO_INCREMENT;

--
-- AUTO_INCREMENT for table `scaler`
--
ALTER TABLE `scaler`
  MODIFY `id` int NOT NULL AUTO_INCREMENT, AUTO_INCREMENT=11;

--
-- AUTO_INCREMENT for table `sec_role`
--
ALTER TABLE `sec_role`
  MODIFY `id` int NOT NULL AUTO_INCREMENT, AUTO_INCREMENT=35;

--
-- AUTO_INCREMENT for table `sec_userrole`
--
ALTER TABLE `sec_userrole`
  MODIFY `id` int NOT NULL AUTO_INCREMENT, AUTO_INCREMENT=135;

--
-- AUTO_INCREMENT for table `setting`
--
ALTER TABLE `setting`
  MODIFY `id` int NOT NULL AUTO_INCREMENT, AUTO_INCREMENT=3;

--
-- AUTO_INCREMENT for table `setting_vouchers`
--
ALTER TABLE `setting_vouchers`
  MODIFY `id` int NOT NULL AUTO_INCREMENT, AUTO_INCREMENT=3;

--
-- AUTO_INCREMENT for table `store_transfer_details`
--
ALTER TABLE `store_transfer_details`
  MODIFY `id` int NOT NULL AUTO_INCREMENT, AUTO_INCREMENT=3;

--
-- AUTO_INCREMENT for table `store_transfer_main`
--
ALTER TABLE `store_transfer_main`
  MODIFY `id` int NOT NULL AUTO_INCREMENT, AUTO_INCREMENT=3;

--
-- AUTO_INCREMENT for table `sub_module`
--
ALTER TABLE `sub_module`
  MODIFY `id` int NOT NULL AUTO_INCREMENT, AUTO_INCREMENT=292;

--
-- AUTO_INCREMENT for table `tour_plan`
--
ALTER TABLE `tour_plan`
  MODIFY `id` int NOT NULL AUTO_INCREMENT;

--
-- AUTO_INCREMENT for table `user`
--
ALTER TABLE `user`
  MODIFY `id` int NOT NULL AUTO_INCREMENT, AUTO_INCREMENT=41;

--
-- AUTO_INCREMENT for table `user_details`
--
ALTER TABLE `user_details`
  MODIFY `id` int NOT NULL AUTO_INCREMENT, AUTO_INCREMENT=1002;

--
-- AUTO_INCREMENT for table `vouchers`
--
ALTER TABLE `vouchers`
  MODIFY `id` int NOT NULL AUTO_INCREMENT;

--
-- AUTO_INCREMENT for table `voucher_details`
--
ALTER TABLE `voucher_details`
  MODIFY `id` bigint NOT NULL AUTO_INCREMENT;

--
-- AUTO_INCREMENT for table `voucher_payment_method`
--
ALTER TABLE `voucher_payment_method`
  MODIFY `id` bigint NOT NULL AUTO_INCREMENT;

--
-- AUTO_INCREMENT for table `voucher_type_list`
--
ALTER TABLE `voucher_type_list`
  MODIFY `id` int NOT NULL AUTO_INCREMENT;

--
-- AUTO_INCREMENT for table `wh_area`
--
ALTER TABLE `wh_area`
  MODIFY `id` int NOT NULL AUTO_INCREMENT;

--
-- AUTO_INCREMENT for table `wh_assets`
--
ALTER TABLE `wh_assets`
  MODIFY `id` int NOT NULL AUTO_INCREMENT;

--
-- AUTO_INCREMENT for table `wh_assets_categories`
--
ALTER TABLE `wh_assets_categories`
  MODIFY `id` int NOT NULL AUTO_INCREMENT;

--
-- AUTO_INCREMENT for table `wh_bag`
--
ALTER TABLE `wh_bag`
  MODIFY `id` int NOT NULL AUTO_INCREMENT;

--
-- AUTO_INCREMENT for table `wh_bag_categories`
--
ALTER TABLE `wh_bag_categories`
  MODIFY `id` int NOT NULL AUTO_INCREMENT;

--
-- AUTO_INCREMENT for table `wh_bag_purchase`
--
ALTER TABLE `wh_bag_purchase`
  MODIFY `id` int NOT NULL AUTO_INCREMENT;

--
-- AUTO_INCREMENT for table `wh_bag_purchase_details`
--
ALTER TABLE `wh_bag_purchase_details`
  MODIFY `id` int NOT NULL AUTO_INCREMENT;

--
-- AUTO_INCREMENT for table `wh_bag_quatation`
--
ALTER TABLE `wh_bag_quatation`
  MODIFY `id` int NOT NULL AUTO_INCREMENT;

--
-- AUTO_INCREMENT for table `wh_bag_quatation_details`
--
ALTER TABLE `wh_bag_quatation_details`
  MODIFY `id` int NOT NULL AUTO_INCREMENT;

--
-- AUTO_INCREMENT for table `wh_bag_receive`
--
ALTER TABLE `wh_bag_receive`
  MODIFY `id` int NOT NULL AUTO_INCREMENT;

--
-- AUTO_INCREMENT for table `wh_bag_receive_details`
--
ALTER TABLE `wh_bag_receive_details`
  MODIFY `id` int NOT NULL AUTO_INCREMENT;

--
-- AUTO_INCREMENT for table `wh_bag_requests`
--
ALTER TABLE `wh_bag_requests`
  MODIFY `id` int NOT NULL AUTO_INCREMENT;

--
-- AUTO_INCREMENT for table `wh_bag_request_details`
--
ALTER TABLE `wh_bag_request_details`
  MODIFY `id` int NOT NULL AUTO_INCREMENT;

--
-- AUTO_INCREMENT for table `wh_bag_requisition`
--
ALTER TABLE `wh_bag_requisition`
  MODIFY `id` int NOT NULL AUTO_INCREMENT;

--
-- AUTO_INCREMENT for table `wh_bag_requisition_details`
--
ALTER TABLE `wh_bag_requisition_details`
  MODIFY `id` int NOT NULL AUTO_INCREMENT;

--
-- AUTO_INCREMENT for table `wh_bag_stock`
--
ALTER TABLE `wh_bag_stock`
  MODIFY `id` int NOT NULL AUTO_INCREMENT;

--
-- AUTO_INCREMENT for table `wh_bag_stock_entry`
--
ALTER TABLE `wh_bag_stock_entry`
  MODIFY `id` int NOT NULL AUTO_INCREMENT;

--
-- AUTO_INCREMENT for table `wh_bag_store`
--
ALTER TABLE `wh_bag_store`
  MODIFY `id` int NOT NULL AUTO_INCREMENT;

--
-- AUTO_INCREMENT for table `wh_bag_supplier_information`
--
ALTER TABLE `wh_bag_supplier_information`
  MODIFY `id` int NOT NULL AUTO_INCREMENT;

--
-- AUTO_INCREMENT for table `wh_categories`
--
ALTER TABLE `wh_categories`
  MODIFY `id` int NOT NULL AUTO_INCREMENT;

--
-- AUTO_INCREMENT for table `wh_dealer_info`
--
ALTER TABLE `wh_dealer_info`
  MODIFY `id` int NOT NULL AUTO_INCREMENT;

--
-- AUTO_INCREMENT for table `wh_items`
--
ALTER TABLE `wh_items`
  MODIFY `id` int NOT NULL AUTO_INCREMENT;

--
-- AUTO_INCREMENT for table `wh_items_supplier`
--
ALTER TABLE `wh_items_supplier`
  MODIFY `id` int NOT NULL AUTO_INCREMENT;

--
-- AUTO_INCREMENT for table `wh_item_requests`
--
ALTER TABLE `wh_item_requests`
  MODIFY `id` int NOT NULL AUTO_INCREMENT;

--
-- AUTO_INCREMENT for table `wh_item_request_details`
--
ALTER TABLE `wh_item_request_details`
  MODIFY `id` int NOT NULL AUTO_INCREMENT;

--
-- AUTO_INCREMENT for table `wh_item_return`
--
ALTER TABLE `wh_item_return`
  MODIFY `id` int NOT NULL AUTO_INCREMENT;

--
-- AUTO_INCREMENT for table `wh_item_return_details`
--
ALTER TABLE `wh_item_return_details`
  MODIFY `id` int NOT NULL AUTO_INCREMENT;

--
-- AUTO_INCREMENT for table `wh_item_transfer`
--
ALTER TABLE `wh_item_transfer`
  MODIFY `id` int NOT NULL AUTO_INCREMENT;

--
-- AUTO_INCREMENT for table `wh_item_transfer_details`
--
ALTER TABLE `wh_item_transfer_details`
  MODIFY `id` int NOT NULL AUTO_INCREMENT;

--
-- AUTO_INCREMENT for table `wh_lc_loan_history`
--
ALTER TABLE `wh_lc_loan_history`
  MODIFY `id` int NOT NULL AUTO_INCREMENT;

--
-- AUTO_INCREMENT for table `wh_lc_reference`
--
ALTER TABLE `wh_lc_reference`
  MODIFY `id` int NOT NULL AUTO_INCREMENT;

--
-- AUTO_INCREMENT for table `wh_lc_shipment`
--
ALTER TABLE `wh_lc_shipment`
  MODIFY `id` int NOT NULL AUTO_INCREMENT;

--
-- AUTO_INCREMENT for table `wh_machine_requests`
--
ALTER TABLE `wh_machine_requests`
  MODIFY `id` int NOT NULL AUTO_INCREMENT;

--
-- AUTO_INCREMENT for table `wh_machine_request_details`
--
ALTER TABLE `wh_machine_request_details`
  MODIFY `id` int NOT NULL AUTO_INCREMENT;

--
-- AUTO_INCREMENT for table `wh_machine_return`
--
ALTER TABLE `wh_machine_return`
  MODIFY `id` int NOT NULL AUTO_INCREMENT;

--
-- AUTO_INCREMENT for table `wh_machine_return_details`
--
ALTER TABLE `wh_machine_return_details`
  MODIFY `id` int NOT NULL AUTO_INCREMENT;

--
-- AUTO_INCREMENT for table `wh_machine_stock`
--
ALTER TABLE `wh_machine_stock`
  MODIFY `id` int NOT NULL AUTO_INCREMENT;

--
-- AUTO_INCREMENT for table `wh_machine_store`
--
ALTER TABLE `wh_machine_store`
  MODIFY `id` int NOT NULL AUTO_INCREMENT;

--
-- AUTO_INCREMENT for table `wh_material`
--
ALTER TABLE `wh_material`
  MODIFY `id` int NOT NULL AUTO_INCREMENT;

--
-- AUTO_INCREMENT for table `wh_material_categories`
--
ALTER TABLE `wh_material_categories`
  MODIFY `id` int NOT NULL AUTO_INCREMENT;

--
-- AUTO_INCREMENT for table `wh_material_purchase`
--
ALTER TABLE `wh_material_purchase`
  MODIFY `id` int NOT NULL AUTO_INCREMENT;

--
-- AUTO_INCREMENT for table `wh_material_purchase_details`
--
ALTER TABLE `wh_material_purchase_details`
  MODIFY `id` int NOT NULL AUTO_INCREMENT;

--
-- AUTO_INCREMENT for table `wh_material_quatation_details`
--
ALTER TABLE `wh_material_quatation_details`
  MODIFY `id` int NOT NULL AUTO_INCREMENT;

--
-- AUTO_INCREMENT for table `wh_material_receive`
--
ALTER TABLE `wh_material_receive`
  MODIFY `id` int NOT NULL AUTO_INCREMENT;

--
-- AUTO_INCREMENT for table `wh_material_receive_details`
--
ALTER TABLE `wh_material_receive_details`
  MODIFY `id` int NOT NULL AUTO_INCREMENT;

--
-- AUTO_INCREMENT for table `wh_material_receive_payment`
--
ALTER TABLE `wh_material_receive_payment`
  MODIFY `id` int NOT NULL AUTO_INCREMENT;

--
-- AUTO_INCREMENT for table `wh_material_requisition`
--
ALTER TABLE `wh_material_requisition`
  MODIFY `id` int NOT NULL AUTO_INCREMENT;

--
-- AUTO_INCREMENT for table `wh_material_requisition_details`
--
ALTER TABLE `wh_material_requisition_details`
  MODIFY `id` int NOT NULL AUTO_INCREMENT;

--
-- AUTO_INCREMENT for table `wh_material_return`
--
ALTER TABLE `wh_material_return`
  MODIFY `id` int NOT NULL AUTO_INCREMENT;

--
-- AUTO_INCREMENT for table `wh_material_return_details`
--
ALTER TABLE `wh_material_return_details`
  MODIFY `id` int NOT NULL AUTO_INCREMENT;

--
-- AUTO_INCREMENT for table `wh_material_stock`
--
ALTER TABLE `wh_material_stock`
  MODIFY `id` int NOT NULL AUTO_INCREMENT;

--
-- AUTO_INCREMENT for table `wh_material_stock_entry`
--
ALTER TABLE `wh_material_stock_entry`
  MODIFY `id` int NOT NULL AUTO_INCREMENT;

--
-- AUTO_INCREMENT for table `wh_material_store`
--
ALTER TABLE `wh_material_store`
  MODIFY `id` int NOT NULL AUTO_INCREMENT;

--
-- AUTO_INCREMENT for table `wh_material_supplier`
--
ALTER TABLE `wh_material_supplier`
  MODIFY `id` int NOT NULL AUTO_INCREMENT;

--
-- AUTO_INCREMENT for table `wh_material_terms_conditions`
--
ALTER TABLE `wh_material_terms_conditions`
  MODIFY `id` int NOT NULL AUTO_INCREMENT;

--
-- AUTO_INCREMENT for table `wh_order`
--
ALTER TABLE `wh_order`
  MODIFY `id` int NOT NULL AUTO_INCREMENT;

--
-- AUTO_INCREMENT for table `wh_order_details`
--
ALTER TABLE `wh_order_details`
  MODIFY `id` int NOT NULL AUTO_INCREMENT;

--
-- AUTO_INCREMENT for table `wh_production`
--
ALTER TABLE `wh_production`
  MODIFY `id` int NOT NULL AUTO_INCREMENT;

--
-- AUTO_INCREMENT for table `wh_production_details`
--
ALTER TABLE `wh_production_details`
  MODIFY `id` int NOT NULL AUTO_INCREMENT;

--
-- AUTO_INCREMENT for table `wh_production_stock`
--
ALTER TABLE `wh_production_stock`
  MODIFY `id` int NOT NULL AUTO_INCREMENT;

--
-- AUTO_INCREMENT for table `wh_production_store`
--
ALTER TABLE `wh_production_store`
  MODIFY `id` int NOT NULL AUTO_INCREMENT;

--
-- AUTO_INCREMENT for table `wh_quatation`
--
ALTER TABLE `wh_quatation`
  MODIFY `id` int NOT NULL AUTO_INCREMENT;

--
-- AUTO_INCREMENT for table `wh_receive`
--
ALTER TABLE `wh_receive`
  MODIFY `id` int NOT NULL AUTO_INCREMENT;

--
-- AUTO_INCREMENT for table `wh_receive_details`
--
ALTER TABLE `wh_receive_details`
  MODIFY `id` int NOT NULL AUTO_INCREMENT;

--
-- AUTO_INCREMENT for table `wh_recipe`
--
ALTER TABLE `wh_recipe`
  MODIFY `id` int NOT NULL AUTO_INCREMENT;

--
-- AUTO_INCREMENT for table `wh_recipe_details`
--
ALTER TABLE `wh_recipe_details`
  MODIFY `id` int NOT NULL AUTO_INCREMENT;

--
-- AUTO_INCREMENT for table `wh_return`
--
ALTER TABLE `wh_return`
  MODIFY `id` int NOT NULL AUTO_INCREMENT;

--
-- AUTO_INCREMENT for table `wh_return_details`
--
ALTER TABLE `wh_return_details`
  MODIFY `id` int NOT NULL AUTO_INCREMENT;

--
-- AUTO_INCREMENT for table `wh_sale_stock`
--
ALTER TABLE `wh_sale_stock`
  MODIFY `id` int NOT NULL AUTO_INCREMENT;

--
-- AUTO_INCREMENT for table `wh_sale_store`
--
ALTER TABLE `wh_sale_store`
  MODIFY `id` int NOT NULL AUTO_INCREMENT;

--
-- AUTO_INCREMENT for table `wh_stock_adjustment`
--
ALTER TABLE `wh_stock_adjustment`
  MODIFY `id` int NOT NULL AUTO_INCREMENT;

--
-- AUTO_INCREMENT for table `wh_stock_adjustment_details`
--
ALTER TABLE `wh_stock_adjustment_details`
  MODIFY `id` int NOT NULL AUTO_INCREMENT;

--
-- AUTO_INCREMENT for table `wh_stock_transfer`
--
ALTER TABLE `wh_stock_transfer`
  MODIFY `id` int NOT NULL AUTO_INCREMENT;

--
-- AUTO_INCREMENT for table `wh_stock_transfer_details`
--
ALTER TABLE `wh_stock_transfer_details`
  MODIFY `id` int NOT NULL AUTO_INCREMENT;

--
-- AUTO_INCREMENT for table `wh_supplier_credit`
--
ALTER TABLE `wh_supplier_credit`
  MODIFY `id` int NOT NULL AUTO_INCREMENT;

--
-- AUTO_INCREMENT for table `wh_supplier_credit_payment`
--
ALTER TABLE `wh_supplier_credit_payment`
  MODIFY `id` int NOT NULL AUTO_INCREMENT;

--
-- AUTO_INCREMENT for table `wh_supplier_information`
--
ALTER TABLE `wh_supplier_information`
  MODIFY `id` int NOT NULL AUTO_INCREMENT;

--
-- AUTO_INCREMENT for table `wh_supplier_payment`
--
ALTER TABLE `wh_supplier_payment`
  MODIFY `id` int NOT NULL AUTO_INCREMENT;

--
-- AUTO_INCREMENT for table `wh_template`
--
ALTER TABLE `wh_template`
  MODIFY `id` int NOT NULL AUTO_INCREMENT, AUTO_INCREMENT=9;

--
-- AUTO_INCREMENT for table `zone_tbl`
--
ALTER TABLE `zone_tbl`
  MODIFY `id` int NOT NULL AUTO_INCREMENT;
COMMIT;

/*!40101 SET CHARACTER_SET_CLIENT=@OLD_CHARACTER_SET_CLIENT */;
/*!40101 SET CHARACTER_SET_RESULTS=@OLD_CHARACTER_SET_RESULTS */;
/*!40101 SET COLLATION_CONNECTION=@OLD_COLLATION_CONNECTION */;
